{"type":"FeatureCollection","bbox":[6.626621418032804,35.49345147127003,18.520381593345082,47.09155336139742],"features":[{"type":"Feature","geometry":{"type":"Polygon","coordinates":[[[11.476896807816537,46.363931395147596],[11.478306713225566,46.36198102785168],[11.479555657087344,46.356127350589404],[11.479155878252987,46.355623018598685],[11.477433526975988,46.35402235243264],[11.476931095168695,46.35356523424788],[11.476465227926091,46.35332332566787],[11.475974608052205,46.353108954694314],[11.474314986560861,46.35242528068333],[11.472787713322045,46.35181946937108],[11.472136103477746,46.35178116341806],[11.471487042570507,46.35179929181706],[11.470288776414884,46.35182798530642],[11.470188595590718,46.351828478532454],[11.46921018717655,46.35183018411887],[11.46888842620946,46.35182581357102],[11.468239077529688,46.3518166096895],[11.464986723383875,46.3516176169688],[11.464536922838981,46.351385172909815],[11.464185925662655,46.35120296507944],[11.463804958625893,46.35100494458224],[11.462550044529257,46.350266984172976],[11.46206805718128,46.349953366464966],[11.461852745691646,46.34976405838376],[11.461417247020409,46.349381076523805],[11.461154264933251,46.349124352925465],[11.459308750355497,46.346285265202816],[11.459324999747816,46.34530568802044],[11.459274587228833,46.34418144443657],[11.459189061880512,46.34227525720206],[11.458709081239906,46.340845566355995],[11.456141431078827,46.336904734449654],[11.45481463694987,46.33498583681324],[11.454779546036958,46.33493597352244],[11.454534185995826,46.334767994587956],[11.454472853704761,46.33472614518401],[11.452959912872979,46.334336027962266],[11.452503711510504,46.33421954212976],[11.45234229986651,46.33417834978767],[11.435410490727113,46.32967618614061],[11.42422639626805,46.326495041794026],[11.419122268635409,46.325437397577915],[11.413469743144294,46.32481771564488],[11.407264950176664,46.32479399067431],[11.404251378974125,46.32497402407443],[11.40290297541044,46.322925362052615],[11.397167013926833,46.31083307465657],[11.396272761861693,46.309726394570355],[11.386851174674591,46.30353833709958],[11.386001009893162,46.30304193061183],[11.385342011246532,46.30266496464002],[11.384890727267939,46.30244037362433],[11.381383992239346,46.301545949584515],[11.37970748094556,46.301198408994786],[11.378979650111289,46.30109242392364],[11.378139316664756,46.30097005146305],[11.37764758441881,46.30095249813435],[11.37750205377854,46.30094731238404],[11.376919785897172,46.300995423969944],[11.364465843677614,46.30169511004206],[11.364146884939414,46.301710394264774],[11.363684416906036,46.30161651422871],[11.363583579136376,46.301596043576076],[11.361074966607081,46.30093689326597],[11.360746364502646,46.30084468155879],[11.360218729952637,46.3003515704636],[11.359533720294067,46.299604489473985],[11.359275866594706,46.299269689943564],[11.359221667640146,46.29919910061986],[11.359190527211997,46.29915832094255],[11.35916019131266,46.29911731584284],[11.359150215096157,46.29907791817466],[11.359104936419774,46.29875945798369],[11.359074503348095,46.29850317165212],[11.358932150459237,46.296122489785],[11.359096791203832,46.296079474851894],[11.35918044996712,46.29605817412108],[11.359499109421629,46.29597716512946],[11.35954970031955,46.29596431947049],[11.359874635372101,46.2958888094836],[11.3607453543628,46.29568762049937],[11.36468097228419,46.294812625819745],[11.366327049248326,46.29444715593307],[11.368201050174008,46.29403215217586],[11.368871414972325,46.293883962835125],[11.370624239864183,46.293512169650455],[11.371032550619555,46.29342727588549],[11.37178147948685,46.293272051770934],[11.373600044371376,46.29299129410546],[11.38496610918891,46.28594151425617],[11.38678224374916,46.280102886360034],[11.389027632198117,46.27903454267961],[11.389676105056266,46.27858347616402],[11.389707980610346,46.27856130078222],[11.390807271397525,46.277593707247995],[11.390870598667965,46.277537964089426],[11.393506207047869,46.2751697442044],[11.393978982588566,46.274700833073766],[11.394360994677182,46.27423381369072],[11.394551291379447,46.2739544175324],[11.394673276270469,46.27376804189438],[11.396366223591576,46.26961968032216],[11.396857908962273,46.268148129077574],[11.396949386849878,46.26779768504199],[11.39710430268876,46.267201148029336],[11.39720876706716,46.26672678480031],[11.397623886199133,46.26483220151098],[11.389610435020304,46.26229100147519],[11.384832146212798,46.26192281466633],[11.377255783166396,46.26196369024321],[11.375948054185294,46.262901581277994],[11.375014906771577,46.26355831998887],[11.374761042435539,46.26368959886825],[11.374259437713427,46.263862565998274],[11.37390923521708,46.263934888568244],[11.373678222062322,46.263980119431665],[11.373616704449027,46.26398836170194],[11.37354629847265,46.26398805741292],[11.37280294114541,46.26394897389522],[11.372380365718008,46.263873670182264],[11.372242749080339,46.26381710659288],[11.371840400420277,46.26365159708625],[11.370232320597006,46.262453192119516],[11.358780811550558,46.26566761901047],[11.357021252288662,46.270550298685336],[11.357110485298659,46.271620350386556],[11.357220410690672,46.273045750113525],[11.357247384384493,46.273877210274634],[11.357166133128931,46.2741485362604],[11.356425953292556,46.27605651556171],[11.356292436239332,46.27628619806346],[11.356203277464257,46.27641384180496],[11.356146046437196,46.276446879088475],[11.354622615032792,46.27723984047959],[11.348897541071375,46.27951504207254],[11.34657501607251,46.28008520345204],[11.346064992238384,46.279996674756994],[11.344440480022154,46.28025501782801],[11.343706669842998,46.280702074095714],[11.34192619764395,46.2818460962537],[11.341551773448485,46.28222228511935],[11.340479193352733,46.28358728585589],[11.339232783881355,46.28534585830696],[11.338962197497052,46.28573137906985],[11.338522441869936,46.28637939018676],[11.336320726662436,46.28963040817634],[11.336795296483183,46.29127955407087],[11.339076134384602,46.29625559632859],[11.340339179882736,46.2978818875438],[11.339873245980217,46.29818969364418],[11.338791698321172,46.29879875397689],[11.3382509191346,46.29873281446051],[11.338070021677412,46.29871064099576],[11.333349613580996,46.297500459572554],[11.332140090673802,46.29657435892614],[11.332130472461532,46.2965090796226],[11.332142058269529,46.29641400262686],[11.332207839962782,46.295938255746165],[11.332315757177556,46.29537847794181],[11.33237883537727,46.29536315112492],[11.332529119388552,46.29487553063957],[11.332146699194475,46.294216463470605],[11.332041326896036,46.29410947101958],[11.331741568896451,46.29399642409945],[11.33141182170028,46.293926764404965],[11.327461834759491,46.29325837125884],[11.32323195052191,46.292618435855466],[11.323188228878182,46.29226991054337],[11.322699860206633,46.29126066495503],[11.3209643994856,46.289555937241225],[11.31918617475113,46.28787766268867],[11.316593690501508,46.28572511855927],[11.314830796777246,46.284779759247726],[11.310880403773465,46.28128104928434],[11.312384006446496,46.28030013930075],[11.312815106307166,46.28001089623674],[11.313724340517078,46.27933991971252],[11.313922970060005,46.278900535541254],[11.315776864428337,46.27352855791572],[11.315851212729392,46.273272522894665],[11.315767050108626,46.27302052907389],[11.313650312393156,46.27026784574417],[11.310129560519838,46.26535271506045],[11.305616482608775,46.25876708298501],[11.294307760447085,46.26090067277955],[11.285118163631138,46.257988756084515],[11.275163979807413,46.25190074904761],[11.275103324578295,46.25184955093457],[11.274017778512633,46.25092904485069],[11.268179294887005,46.245290637695746],[11.263433869723093,46.24165298388462],[11.250246939135396,46.234026810788265],[11.239643500394713,46.22843538376966],[11.213751755753702,46.2216243117401],[11.206429176358762,46.21977239692105],[11.201654051871582,46.22287251129227],[11.197185562205785,46.22390260114813],[11.184983677909356,46.226241609611705],[11.18265118525157,46.22644818793213],[11.177992100344238,46.229553105726794],[11.176823951499788,46.2304656438376],[11.176059172085367,46.23144089199886],[11.174638615444174,46.23266762860512],[11.174244774210843,46.23502147970332],[11.174576126857021,46.23924972185862],[11.17646390171223,46.23897129064507],[11.180671413592306,46.24317368409636],[11.181637372722065,46.24590338641794],[11.181906584705162,46.24858913172228],[11.182055318915515,46.249113022039],[11.182161826503505,46.24929017830449],[11.182288046316197,46.24950009236896],[11.18241766176525,46.2497148654641],[11.182513618073834,46.249873784129335],[11.18270742206735,46.25018059040722],[11.183450563218027,46.25112943239879],[11.18348962454639,46.25117465920952],[11.183517216618338,46.25120660571585],[11.183588206187533,46.2512887821656],[11.184108596361911,46.25162140038577],[11.184546142057226,46.25188697952271],[11.18520555220902,46.25225058244547],[11.18535184127847,46.252331051482834],[11.185558680823133,46.252444597366214],[11.185898249465255,46.2526173132342],[11.186134307126837,46.252722230483236],[11.186415960201636,46.252778676312424],[11.187083027802563,46.25279696960179],[11.187273628208128,46.252801020440295],[11.187319954965268,46.252801935576656],[11.1878698890202,46.25278188149574],[11.188017977485856,46.25277403847262],[11.188242220293622,46.25275570260944],[11.188316642278368,46.25272606270643],[11.188534085205358,46.25258469291245],[11.188948687857197,46.252284248338135],[11.189186365360793,46.2521041874379],[11.18931226584608,46.251926276513565],[11.18959113454176,46.251086325541515],[11.189839142278528,46.25029165038237],[11.189868333908759,46.25013697738664],[11.18989094825627,46.2500074357551],[11.196311219182215,46.249762435279735],[11.196313702654463,46.249811435203235],[11.196318797918643,46.24991079611764],[11.196356878883629,46.25005406249538],[11.196392742504706,46.25013410166064],[11.196476867246984,46.250302000471315],[11.197073261640249,46.25109780948888],[11.199532415258858,46.25383155378931],[11.202378391912166,46.25560463043456],[11.200759568330051,46.256747310748246],[11.194946146439966,46.25812251413044],[11.18408939787007,46.25906006262549],[11.17679590350978,46.25945505856494],[11.174280370960432,46.259402103249705],[11.171530642073138,46.260463388566514],[11.165937128148892,46.2629047508199],[11.159833063271686,46.26812498167102],[11.155582028671352,46.27262033844872],[11.152773738858134,46.275630277476154],[11.150668912999349,46.27903763895711],[11.150291040898638,46.27949511200412],[11.150188214913697,46.279618057655995],[11.150030487422047,46.27975363731928],[11.149970824306179,46.279803170804016],[11.14977692714606,46.279916962505915],[11.149730179431117,46.279943012655266],[11.149666483874595,46.2799773791305],[11.146770598088981,46.28117217364902],[11.145251630047028,46.281769310425624],[11.138851824043149,46.28331376020307],[11.138810627388004,46.28333005288533],[11.138844416539056,46.283401607289434],[11.138953637984205,46.28363289975946],[11.139001545152563,46.28373093478522],[11.139082510704572,46.28389647152009],[11.140612730102374,46.28565386930689],[11.140891238832927,46.28597319301461],[11.14107985959076,46.28614237716136],[11.141310249409901,46.28634778168108],[11.14367165999033,46.28839153409247],[11.14429618824963,46.288362249733474],[11.151145597163634,46.28868155382306],[11.157404626849713,46.289317071737145],[11.162345234279055,46.29104539068832],[11.162818848598265,46.29142407748482],[11.169424974528056,46.29925652148942],[11.178452232283355,46.306818544945486],[11.185616147350641,46.31737836625231],[11.190483902070657,46.32754524173657],[11.19740420375805,46.33209809484166],[11.201773345393988,46.33934788558126],[11.203562197486463,46.3423710339329],[11.198966829793578,46.34955845731414],[11.197252290827835,46.351746127432456],[11.192716269589077,46.358237797283465],[11.191853324674431,46.35900152324202],[11.191792014987977,46.35927256188258],[11.191648815559494,46.35994104377501],[11.19298202610035,46.364302977222465],[11.193056532372994,46.36445904809254],[11.193166905378565,46.364578432206876],[11.193588097535972,46.36492551860137],[11.193706182300913,46.365004069353546],[11.193757797010127,46.36502596500103],[11.194324265081464,46.36519047839499],[11.194659537298547,46.36526955639253],[11.19601453075621,46.36526445705929],[11.197116770051336,46.3650016206457],[11.197303648466072,46.36488597996461],[11.197417837524881,46.364816147341436],[11.197564797262661,46.36477428767944],[11.19769911159323,46.36476494254121],[11.197757376971557,46.36476443422006],[11.197866784627523,46.3647720676317],[11.19947943499406,46.364907598959874],[11.200183539988796,46.365006678016925],[11.200374338459193,46.36503577886074],[11.20077315217118,46.36510383257681],[11.201619245662474,46.36527542739458],[11.201677382375681,46.365287813061144],[11.201854249345125,46.36532628426622],[11.20211928007689,46.36544699223721],[11.203630498839974,46.36618221767696],[11.205637308270102,46.36716818153334],[11.202836051767429,46.36966683991944],[11.200946624791293,46.37344689547619],[11.203589055012278,46.37839449011889],[11.206566982348889,46.384377023416086],[11.206812610727921,46.38752678337168],[11.208925855241743,46.38836257751713],[11.212513153325327,46.39470205568515],[11.213704400987304,46.3969784846932],[11.214251714291548,46.3983461536604],[11.214693236068454,46.40321522643413],[11.214125356165953,46.40810328824377],[11.209359544180657,46.41441813646238],[11.207295279897806,46.41661606906021],[11.207539002736732,46.41653304444878],[11.207632633765071,46.41650558887462],[11.207847798070635,46.41644617046825],[11.209101850737705,46.41648494005955],[11.21144194706346,46.4191548169399],[11.211552237587211,46.41929499757985],[11.211608491963796,46.419368260052465],[11.211660030025312,46.41944601835137],[11.211756280951835,46.41972174861014],[11.211774625604509,46.419799414705324],[11.211834852996134,46.420085824706845],[11.211843744846126,46.42064943633405],[11.211758013314098,46.42091959049334],[11.211713633956032,46.42099636870678],[11.211658615104959,46.42108873916139],[11.211018807643432,46.42208759585568],[11.21079679257324,46.4223847418923],[11.208507179316348,46.424345833496105],[11.205631534374646,46.425957164243684],[11.207430819397477,46.42894695892662],[11.211868987466582,46.432944937513035],[11.214710044030173,46.434290970910716],[11.215929850429953,46.4363086686912],[11.216489509799352,46.43766196479917],[11.217761096026553,46.44188228036245],[11.21697100489607,46.44369050373698],[11.216122108391342,46.44853537273854],[11.212957192218685,46.450547437601216],[11.21237046355527,46.455358160054956],[11.217694112931781,46.45610720894168],[11.21798674626792,46.456178036643685],[11.21817963508451,46.45623729372961],[11.218306831051377,46.4563248161497],[11.21843881652775,46.45644825431385],[11.21854085834329,46.45655191014006],[11.218663636135371,46.45669139096065],[11.219095948364535,46.45719599287527],[11.219842232098003,46.45889598816281],[11.220394708610664,46.46029985168656],[11.220421326065683,46.46204820089616],[11.220355835876466,46.46267945864857],[11.219485785908066,46.46820130697076],[11.217855291754647,46.47285736715112],[11.217740732308012,46.4731105824914],[11.217144517731517,46.47430479249117],[11.216892227269794,46.47472101450563],[11.216633310291312,46.47508153783558],[11.214693884096917,46.477607582412126],[11.213793998750836,46.47802551050491],[11.212239957592567,46.47738825865124],[11.21239019875505,46.47891169472554],[11.21236274703822,46.48164416010452],[11.212333354144079,46.4818832304436],[11.212178109568823,46.48295271442955],[11.210786088589224,46.491120003336476],[11.206155587217136,46.496960522025546],[11.199619563606506,46.50049576880146],[11.194807521535889,46.50333546582312],[11.190328284908338,46.506175961529046],[11.187041957409084,46.50876054674063],[11.183809733428422,46.50441934153834],[11.179515590558982,46.499607695568415],[11.17917164046766,46.49922442546723],[11.179135380671656,46.49918701917203],[11.179069246304408,46.499121150433176],[11.178890270926741,46.498981990699086],[11.178606239055837,46.49877113437637],[11.17839164227231,46.49869872892893],[11.17631925856084,46.498000213455356],[11.175679010173448,46.4978368978536],[11.175271186366436,46.49774116206239],[11.172890078790886,46.497358121655],[11.161527591654627,46.49160749728483],[11.149128932303768,46.48559982085607],[11.13402833056813,46.482616482305815],[11.130741349524255,46.48209657493709],[11.129098289712514,46.4824787626842],[11.127244389876825,46.48403082311563],[11.124989953955957,46.48689035213376],[11.12404507857223,46.48835355871728],[11.11954140113868,46.49152716467696],[11.113759522784276,46.495439542066826],[11.107935477817751,46.49666687123111],[11.104075947366555,46.49621616219396],[11.089447390139197,46.501847879491244],[11.089280410297365,46.50203308895562],[11.088491125981761,46.503040782960895],[11.088475842606934,46.50314294320127],[11.088361067959516,46.503924869008216],[11.088342285924108,46.50425011850462],[11.08833798941691,46.50433366432638],[11.088273346367881,46.50591690483916],[11.088232780309859,46.507011005238404],[11.088209549828647,46.50780584534385],[11.088231930208748,46.50836316170469],[11.088284590630623,46.508803491235646],[11.088302093059221,46.50894962157765],[11.08842440068791,46.50945783821604],[11.087239885589778,46.51446854024368],[11.084885780896144,46.52440537887437],[11.08242575953532,46.53137457877241],[11.081608076795826,46.531283151342116],[11.079976924272838,46.53085153111594],[11.076591729280878,46.52916603997835],[11.067308336050937,46.524379303252],[11.066368629352326,46.523849471478464],[11.064828462999218,46.52252742308468],[11.06468476032629,46.52240273091878],[11.064625387685137,46.52235121167089],[11.054855800857927,46.51630794201024],[11.051020099302432,46.516598448005034],[11.044730196092264,46.516847715351005],[11.044278716015084,46.5168264570079],[11.04413770818004,46.516818324033146],[11.044092695698575,46.516815295729785],[11.034779162583325,46.51408061701802],[11.034577828964672,46.51378580700452],[11.049005948317753,46.50704178361657],[11.049364168357561,46.50522918196007],[11.054523498938584,46.49519065728445],[11.061851094840845,46.48667594136218],[11.065742180638082,46.47601028247463],[11.06660917232177,46.47226499786766],[11.07124957793885,46.46002570462659],[11.07329291962558,46.455537106950096],[11.074500253681217,46.45262121561524],[11.07594494965126,46.447376669958324],[11.076223967294535,46.446169611132234],[11.076236599034024,46.44610839189602],[11.07627478058167,46.44592011111069],[11.076120288483468,46.44543553639756],[11.075395129292126,46.443424919095726],[11.075142477314184,46.44278973257704],[11.0750242891445,46.442525351094154],[11.07495238400341,46.44240553239078],[11.074853607411947,46.442346924806536],[11.073289939520215,46.44167656309755],[11.073182258460363,46.44163205375583],[11.073108432517332,46.441603824162634],[11.07295306936197,46.441544505881744],[11.072821779377495,46.441494752534254],[11.072672043168827,46.44152145402901],[11.071730048882499,46.441794278175195],[11.06755173983355,46.443109208550965],[11.067069088895748,46.44336199303924],[11.066754730926588,46.44360115189782],[11.066524020687897,46.44378708695415],[11.066165039347087,46.444127527809336],[11.065831261835598,46.4444767414996],[11.06566294991779,46.44479525645185],[11.065522230080921,46.44508333255481],[11.061392693973845,46.44726270487367],[11.054566527426918,46.44950171330049],[11.053634941709152,46.44960307148723],[11.04899058708454,46.449447495434804],[11.047582295366784,46.446498017973404],[11.04750552485138,46.446458788900394],[11.047310223544414,46.4464030436648],[11.047174739515157,46.44638264064946],[11.046046695865712,46.446412103019526],[11.042418954352025,46.44654708344342],[11.042083319743975,46.446659717418456],[11.041459513642648,46.44708411396981],[11.041382369197944,46.447137350837615],[11.041239306765833,46.447236182834544],[11.041038504138799,46.447434075325276],[11.031076864640731,46.45962432840115],[11.015857321712547,46.46798625344223],[11.007384110816131,46.4745478779791],[11.005980250332703,46.476686409980054],[11.005858805049883,46.47680406121832],[11.005596760652299,46.47693800708942],[11.005358553028719,46.47704485325602],[10.988561601372249,46.48345048454162],[10.985257818027453,46.48362641092918],[10.978665304019442,46.48394778476944],[10.976268712342009,46.48400713745747],[10.967130051666558,46.482049786183644],[10.963752949550331,46.48016388619486],[10.962839546456511,46.47781081748846],[10.960041099979147,46.47366673216463],[10.95778669232554,46.471434782081694],[10.957641758409762,46.47129167840825],[10.957556219496041,46.47120726721522],[10.9574580439452,46.471120481246466],[10.957161431361826,46.470858603361066],[10.956764576928272,46.470563775579386],[10.956695313940438,46.470519414465414],[10.956563705658548,46.47044095867162],[10.956284142802856,46.47033168540469],[10.95623391569192,46.47031307630008],[10.955772969655316,46.470157901759684],[10.951694036035882,46.46900340771741],[10.944721812635617,46.46707948735106],[10.939726329889508,46.46651636529722],[10.93912029188329,46.46668864219913],[10.938759745990891,46.46678305069098],[10.938565292075872,46.46683286731961],[10.937610375322993,46.46707512020372],[10.937569855291422,46.467080453525064],[10.937298951691366,46.467115505089055],[10.937180529083358,46.467081515779284],[10.935736943879473,46.46520704951634],[10.93131030756712,46.45688504801681],[10.932212670816632,46.45355660785139],[10.92680508674682,46.45136299098926],[10.923582314608376,46.4496984894972],[10.915619438144853,46.44533253872902],[10.908898369241697,46.444022152911344],[10.899481352493149,46.444089571968],[10.897653292792594,46.444111649981465],[10.897458952054023,46.44412578157036],[10.89677645081681,46.44417947447441],[10.896301399991163,46.44422739168289],[10.892223004764366,46.44465091783128],[10.891963635315172,46.44472826500001],[10.89146286147147,46.444923690816374],[10.887274007292756,46.44686568015527],[10.887158752780236,46.44692158369564],[10.88640876071041,46.447824944101505],[10.885873744147768,46.448544754315066],[10.885630926196374,46.44888201209362],[10.885402625538571,46.44919968110339],[10.884884530200909,46.45005267286434],[10.879992086409459,46.44762629575185],[10.868798193668676,46.44201194638167],[10.868194550632461,46.441139806286294],[10.865796311587728,46.43826096869957],[10.864907376144894,46.43776444522221],[10.863811007964967,46.43724870688367],[10.86290472369916,46.436831574921044],[10.861324047844814,46.43613132781052],[10.857780965328228,46.436827944806865],[10.852517044244966,46.43866343189346],[10.837940267611566,46.43909258614556],[10.822239640207439,46.441800858726815],[10.809429288715117,46.44217478993621],[10.809153843188119,46.442134672369875],[10.80775954237986,46.442197330495894],[10.805385703907254,46.44235623327544],[10.80474931156738,46.442402278177724],[10.80126120732505,46.44282628184127],[10.800625978144158,46.4429082848859],[10.800380528513614,46.4429661421639],[10.799102048996046,46.443642624129104],[10.798371950343068,46.44404173339985],[10.797579371271986,46.44448619231871],[10.797070112945027,46.44483618349143],[10.793150117504998,46.44947386138333],[10.789552406014971,46.453809890916695],[10.783519537361723,46.46246293664103],[10.777300949256606,46.472270515184704],[10.768337618408536,46.48147222673267],[10.764977286690723,46.48595719087127],[10.759977240869208,46.48643407260723],[10.754058837565179,46.48593133741305],[10.745234646570283,46.48501309767707],[10.744905914195515,46.48491911874852],[10.744733498045584,46.484848528317855],[10.743333230366138,46.48422312496797],[10.742829462883897,46.48395181008519],[10.73970716458112,46.48178752736699],[10.735005657712176,46.477599990076186],[10.71692179614968,46.46304139823081],[10.710265269272927,46.46091821524121],[10.695496204943078,46.458040820112494],[10.690934776126849,46.45574288060037],[10.689901617371277,46.454744406361556],[10.689284496853675,46.45375133346617],[10.683282502651547,46.45040193500978],[10.673265531679586,46.45131998182419],[10.664834727809634,46.45149973065526],[10.654481108165763,46.449596288636315],[10.651893180999977,46.449106767574904],[10.645137908128206,46.44778029562643],[10.643525951964005,46.447391654458954],[10.639978699968804,46.446487438468495],[10.639639060061677,46.44639718490564],[10.639544350033946,46.446369908279216],[10.639451528663537,46.446343175082696],[10.639352115137221,46.446314392568716],[10.639085583807205,46.44623087039031],[10.638824595361362,46.446078406922396],[10.638590309282375,46.44589221315936],[10.638106990440564,46.44550761480013],[10.628531838730968,46.44656247063287],[10.62183400234232,46.44796363770563],[10.621398341258969,46.448402148471],[10.619249675672565,46.45046423409703],[10.601334213610281,46.46765012563197],[10.600492387199486,46.46866429089285],[10.59208968922148,46.47089578972415],[10.583570910232133,46.471775506952845],[10.576129487143456,46.4742667839019],[10.562273632562029,46.481780833746924],[10.555013091916399,46.489032320594795],[10.542878117689787,46.492134478122374],[10.530539819682076,46.49376956670839],[10.496995003573184,46.497364039690844],[10.48232126561809,46.49417036690998],[10.47612158666748,46.49552622960549],[10.476122756881425,46.49585071533524],[10.476123236527295,46.495983902184534],[10.476094625588537,46.496852738246034],[10.475904210959726,46.49719606084351],[10.475860466236192,46.49727425420714],[10.47503610842573,46.49856119465697],[10.47487888364901,46.49876061489393],[10.474738090333394,46.49893117064232],[10.474651782418489,46.499016435383965],[10.474587752187391,46.49907935001956],[10.473551077440284,46.50006693181315],[10.472978151262671,46.5005985401758],[10.47282936015429,46.5006837065305],[10.472664784072126,46.50072860609332],[10.471710025102526,46.501040107591905],[10.471648825735922,46.50107759505807],[10.470730815423282,46.50163993033243],[10.470001599355783,46.50210153765636],[10.46926390907656,46.50258125395533],[10.459211713579975,46.50954663208837],[10.458150659649576,46.51040697352543],[10.457940462003688,46.51058963997697],[10.457741805845057,46.511006147161524],[10.457470401170943,46.511718327121166],[10.457225478494426,46.51236943003972],[10.457120107298017,46.51269475947347],[10.453497881906602,46.52580877437454],[10.4530436996212,46.528279141798635],[10.453137592676283,46.53055108422159],[10.453182087566654,46.532049854206726],[10.453726964633146,46.53302743306802],[10.453957894015769,46.53338994004657],[10.454145324037485,46.53357204993423],[10.462100452613388,46.541189045724906],[10.472520285151832,46.54374041058565],[10.47458236432309,46.5517506137522],[10.475426649733084,46.560248858268125],[10.47492663454034,46.56084478238556],[10.474502094485084,46.56136773341061],[10.474458914048586,46.56148978489532],[10.474257762676832,46.562471803236306],[10.47418741703001,46.56292268792891],[10.474254992042697,46.563821771832835],[10.474297879278053,46.564214240135684],[10.474931314436562,46.56606293840303],[10.477420213544217,46.570248152717845],[10.478537167207408,46.571998163891436],[10.479535141398504,46.5735151877771],[10.480206902656102,46.574186880909345],[10.480501449808054,46.574433316791236],[10.481707038014575,46.5751564953759],[10.484148499999003,46.578301693054925],[10.485795042326812,46.58578146246451],[10.485033749890585,46.59067026709977],[10.484551013270757,46.594548154673014],[10.486034670951911,46.60159057598743],[10.488746502842817,46.60938524177471],[10.489456325310725,46.609893146387954],[10.490620943587524,46.610782427820354],[10.490721692488641,46.61085965927049],[10.490882240451452,46.61099501054623],[10.491102826625593,46.61118112564702],[10.49121780325798,46.61129929730501],[10.491249817759831,46.611332201642725],[10.491499443636027,46.61183292143557],[10.491939263440354,46.612898129487824],[10.492096953642406,46.613409045614645],[10.492134427738264,46.613674043265476],[10.492294051106892,46.61511638629175],[10.490598516756936,46.61502150022181],[10.489653692851352,46.61500681018383],[10.489164234882095,46.61501768323874],[10.48870029444753,46.615095718636134],[10.487920698826054,46.615272353810745],[10.487205228251415,46.615614640488616],[10.485037516860436,46.61701692084815],[10.484740832343928,46.61723321439303],[10.484126922686682,46.61769115545536],[10.484051504351953,46.617747991379915],[10.483203916647911,46.61860307461817],[10.480668904586311,46.62065817577264],[10.468623710859402,46.62895801895234],[10.460590362439026,46.6343255842488],[10.456130252618069,46.6368181245117],[10.455713059778853,46.637033606900786],[10.455422927405152,46.63717679093747],[10.453006053711645,46.63827138523252],[10.452045181028849,46.63869113388509],[10.446267546457305,46.64095570212122],[10.43026481924202,46.63861455585677],[10.410754570979746,46.63514005173204],[10.410247298316886,46.63506981184786],[10.40960742531298,46.634987702738925],[10.40913376220983,46.63496268917788],[10.40656771761047,46.63528367853841],[10.40624321469915,46.63536981823463],[10.404972799603541,46.63571968142491],[10.404046730706375,46.63600103552567],[10.402643677568399,46.636499720618254],[10.402396905404023,46.63661973954612],[10.401870231183207,46.63690517924063],[10.401607708320988,46.63704788819381],[10.401106678491525,46.637378006661265],[10.400589201090627,46.637735322746515],[10.39997673020593,46.638462779756985],[10.400289006078763,46.63882343673105],[10.400433664867291,46.63898792953957],[10.400537169621742,46.63906606120567],[10.400882666372267,46.63934197473451],[10.40159316597049,46.640108938869254],[10.40168344560606,46.640495012930806],[10.401725046821436,46.640965780848624],[10.401727660094219,46.64118617582639],[10.401704782799715,46.64137544435711],[10.401667447352143,46.641605389497315],[10.400494147601009,46.6446525804895],[10.400046244878462,46.64577849597823],[10.39993447716428,46.64600485066816],[10.399718376452517,46.64643129465393],[10.399505148240355,46.646806556353056],[10.399270527076467,46.647178403922105],[10.396252360974392,46.651260539402415],[10.393079853508334,46.654979993410834],[10.392047326719903,46.65972177072726],[10.392166331194371,46.6704341477254],[10.38576749049633,46.680942161902784],[10.387617539968467,46.687444305543615],[10.39683365813583,46.69583207884109],[10.399812522994067,46.7003223601742],[10.402472810556578,46.70420450950072],[10.404494904162435,46.70499864734195],[10.408874770432435,46.705151780924055],[10.40925601326527,46.70522358032067],[10.410253105143491,46.70558476868833],[10.410883783238212,46.70581547672157],[10.411531869496251,46.70608646284419],[10.412801682792347,46.706777239442644],[10.413721338883795,46.70739583624873],[10.414875517035368,46.70819601117622],[10.41504953404148,46.708346848556374],[10.415248661341344,46.708551370463304],[10.415562758543501,46.70902445199726],[10.417645489187068,46.715991172384875],[10.417348784359982,46.7193696089964],[10.409969800686893,46.725094378011484],[10.404997270845389,46.7301186873983],[10.401966487768748,46.73436510262992],[10.41708501838586,46.74239769106174],[10.431910750425649,46.75042061835361],[10.434334544433986,46.75192001394838],[10.43477785746352,46.75218893524511],[10.43531836098981,46.75238914074581],[10.438968345115649,46.75258177728801],[10.439268688890511,46.752582499376615],[10.439583289066928,46.75256504266034],[10.439874731841634,46.75253887717134],[10.440098507117904,46.75249106431488],[10.440572433398032,46.752372606899705],[10.440888625390773,46.75229213127148],[10.441318448644171,46.75211573051972],[10.441399851182277,46.75203821081412],[10.441996897849476,46.752669639197194],[10.442105015574036,46.752857262398955],[10.442668273069101,46.754123565387026],[10.442793483487632,46.754459957973864],[10.442916053998502,46.75479088871208],[10.443314350487286,46.756252753695485],[10.443825205521618,46.759108088142945],[10.443928935242143,46.76109112624162],[10.443896737507963,46.76196896371072],[10.443878736321155,46.76218989808338],[10.44204671273954,46.76987117715495],[10.439203759937433,46.77494207068556],[10.433987798801668,46.78070650142173],[10.432420997637223,46.782163606710334],[10.429954770042825,46.78401680352009],[10.426576239751927,46.78584082864068],[10.425088691120573,46.78886061691038],[10.427310292792782,46.79412448802989],[10.429462249927251,46.79575443223534],[10.431911703578235,46.797072999966495],[10.434317133082324,46.79707412313437],[10.43915951948601,46.797580276442055],[10.43961035151899,46.79765559895647],[10.441206850414304,46.79821595428617],[10.441836644157307,46.79845999985722],[10.44221223467174,46.79863075233656],[10.446910121138298,46.80085725493001],[10.448812699678609,46.802286559346996],[10.452817877217198,46.80796829551166],[10.45586070865621,46.81347765101249],[10.45733332476239,46.817252080259344],[10.45857891427336,46.82758980792518],[10.461658780752318,46.83443040322263],[10.465259009233783,46.839909869041215],[10.468457227770891,46.84688374235278],[10.469683334643605,46.85455903788295],[10.473264091879503,46.85656958607683],[10.478086601988917,46.85860777508663],[10.478354274184728,46.85871172655859],[10.478937771367855,46.858879671776045],[10.482442531010712,46.856378152901804],[10.485257752572428,46.85453016051773],[10.490800033759745,46.851229947050456],[10.495598821301602,46.848768555974935],[10.497952171666162,46.848039647304354],[10.500043619773498,46.84764398343574],[10.517207312897789,46.84647730330379],[10.525489019883544,46.84625922803396],[10.52705158849271,46.846670338904936],[10.527650978932554,46.846819824629726],[10.529506508695073,46.84720900424408],[10.536001591899337,46.84844286710213],[10.537976201332148,46.848713639980154],[10.550679547956758,46.84989055912009],[10.551127295343083,46.84988485666997],[10.552630285486924,46.84978186096572],[10.553483185189526,46.84936532113351],[10.555310633773237,46.84843158129946],[10.556310068775279,46.84687463071217],[10.556209766555774,46.84663751549085],[10.555705155445214,46.845883943406115],[10.555000488955683,46.845043094446766],[10.554835126474174,46.84485185896531],[10.550837131703044,46.840689978386344],[10.5502068701236,46.840037075688606],[10.553648830346544,46.8396169309075],[10.563140944665077,46.84073405945556],[10.564481279001631,46.84090922803043],[10.5683432846112,46.84174278788399],[10.570506475188074,46.84244655688556],[10.570713811186408,46.84264169428614],[10.571179330060891,46.84311676160215],[10.57135359425257,46.84333034942913],[10.57186685115826,46.843980244185964],[10.60056506306642,46.8577877152222],[10.615996050855058,46.86113572372724],[10.618650540934283,46.86253689942348],[10.623696503245107,46.86400703354289],[10.62573877311766,46.864276761542584],[10.628962342918571,46.864590562237666],[10.637936236674667,46.86503875271923],[10.645386873064972,46.8653683355281],[10.655826219925677,46.868470979062835],[10.655996351764992,46.8690364423144],[10.656624028703451,46.86955396221818],[10.658682505052914,46.87124186593268],[10.662674720413895,46.87401418264632],[10.663011514772657,46.87424326847264],[10.663582553913042,46.87454094216781],[10.664046972718365,46.87478108625868],[10.667357611052262,46.87568172590819],[10.668112885685781,46.87555940046004],[10.675552251022962,46.87002870483354],[10.680930202506378,46.869189929864305],[10.688856238031672,46.867646338008754],[10.691938592436385,46.86588645758153],[10.696940948626956,46.86267505017125],[10.696951952112954,46.86228003397764],[10.696957127966616,46.862027978701335],[10.696474421396378,46.859798827411346],[10.696373240409931,46.859597845378275],[10.693909808411359,46.8568355767474],[10.693495594441734,46.853597483096145],[10.694549955807945,46.85216449594013],[10.702238663044977,46.84819870830132],[10.711059097711738,46.84686923006169],[10.716370467234075,46.84436086087071],[10.718782283812285,46.84136847382801],[10.721186776574607,46.83917251062753],[10.725969340005392,46.83745360826799],[10.734274923244262,46.834889230491086],[10.745434317484346,46.833365165180346],[10.756282322461072,46.831358823637295],[10.763203145707022,46.82348600058675],[10.763362482940556,46.82327206238848],[10.763405079865677,46.823185250159426],[10.763469268741714,46.82305443240596],[10.76376913070363,46.82240186132426],[10.763585943763985,46.8220586298408],[10.762846121951664,46.82116695173128],[10.75871559473204,46.817872004457634],[10.75809019543169,46.817386657283265],[10.756335161093538,46.81602770992214],[10.756059652332615,46.8158699507313],[10.7558015467481,46.81574342144335],[10.755469305490108,46.815604530886205],[10.754960746113166,46.81540984636905],[10.754320634379338,46.815226177698975],[10.753147486761371,46.81495168105176],[10.745814128942245,46.80514921006298],[10.745820992671833,46.804840478722944],[10.745818365923133,46.80469572317917],[10.745812573081453,46.80437714977283],[10.744615480881173,46.80365746407384],[10.743524748039164,46.803084634175015],[10.739613057020307,46.80111482655303],[10.738308503382532,46.80048670092026],[10.735687595215953,46.79944656983038],[10.73399035258314,46.798779350784045],[10.733433577392146,46.798580802338655],[10.726063255185679,46.79774279601273],[10.73049412568211,46.78790709216966],[10.736572772632423,46.787707004290915],[10.751673817220164,46.78669546914887],[10.759438394179073,46.78575128929497],[10.772204379887825,46.78957247646226],[10.78273469596739,46.794754500083634],[10.78275194711209,46.794979215177506],[10.782821120610338,46.79517003781048],[10.782836849008591,46.79521342610776],[10.782849266992066,46.79524767944368],[10.783280562862751,46.795560434432886],[10.785219981379928,46.796205140749684],[10.786356704501149,46.79637638665711],[10.787112395453862,46.796072106914856],[10.79551601423645,46.79146336262683],[10.795775794008197,46.79131600588969],[10.796005511700757,46.79118569907609],[10.797051713692678,46.79028396480631],[10.806260393227392,46.78218689029953],[10.81083135253157,46.778125058363976],[10.815939825850089,46.775311132865056],[10.824874932586754,46.77385222267523],[10.825724097490626,46.77386568597937],[10.827443847953022,46.774385511253165],[10.827539022611205,46.77442630349342],[10.827939787890427,46.77459807306296],[10.828261932307944,46.774754915781386],[10.82951629881861,46.775580805977576],[10.829654466913349,46.77570579396349],[10.829746025288562,46.77578861808315],[10.8298524436646,46.77602989892313],[10.830112345586702,46.776669197768854],[10.83054341129433,46.77764773453509],[10.8307867430884,46.77818380470195],[10.831277362479812,46.77920616651324],[10.831660295966365,46.779915925677045],[10.831834075050617,46.780164591855936],[10.831873841384464,46.78021615522585],[10.832076410943081,46.78047035814982],[10.832426967412452,46.78060537765721],[10.83588109411105,46.781767220451115],[10.836198950794303,46.78185431298358],[10.836504691584818,46.781912401492015],[10.836786461390597,46.78193937525247],[10.840297365501861,46.78164897286299],[10.841595693462683,46.77988383324133],[10.843813415166473,46.778349183457536],[10.850598627084556,46.775034750690125],[10.851455658558821,46.77462491196925],[10.851963276440094,46.7743872114052],[10.852954080396492,46.77408318878136],[10.85368385976651,46.773949874224044],[10.865870857036661,46.77264863821602],[10.86768876424992,46.77046150394215],[10.871726700896225,46.76551573754353],[10.881886190902318,46.763262910854586],[10.88220807201578,46.76319332376935],[10.883195547587366,46.763109578667624],[10.8839188763097,46.76307967102191],[10.884656362766075,46.76307897891226],[10.884872597714663,46.76308816606168],[10.885360510399623,46.76310992089942],[10.886077952724916,46.763211235421444],[10.886156779739046,46.76322275015082],[10.886859105662676,46.76333396718219],[10.88746174670192,46.76345130986442],[10.887579689911165,46.76347436259891],[10.889600603280254,46.76393540614063],[10.889817560912148,46.764065461378486],[10.890046213736587,46.76420252703837],[10.890093132864527,46.764243963732525],[10.890301290683727,46.764427798244554],[10.890490973972048,46.7646226514811],[10.891175658759638,46.76545000856381],[10.89906024254419,46.76903443543188],[10.908352619573165,46.769734577209924],[10.914950411492939,46.773755239519375],[10.915710473181333,46.77413399007689],[10.916256326966243,46.77435883279534],[10.9165713912789,46.774470547740314],[10.917100462436425,46.774614673643434],[10.917506182390056,46.77472036716403],[10.918019797393239,46.77477475270886],[10.922316982116074,46.774887117551835],[10.924584114725638,46.7741174921413],[10.929974494302343,46.773453279526066],[10.934517898288519,46.77376801784053],[10.942459184713265,46.77452440323613],[10.945266370086491,46.77499518104871],[10.948087430455525,46.77501816583172],[10.948476725515782,46.77500703658318],[10.950070900529749,46.77489887969929],[10.953100698967553,46.77469057422612],[10.970801125119706,46.77232528349951],[10.9765503085949,46.77070969326004],[10.984085571212807,46.768320395656296],[10.993633579699228,46.767109755155545],[10.995649789372969,46.76707981324238],[10.995873128167949,46.767098415699415],[10.996957460049906,46.76724598312404],[10.997326874466413,46.76730277336389],[10.997697635219064,46.767360638635374],[10.997985582590015,46.76740691422349],[10.998389351369545,46.767472963550595],[10.998642984402025,46.76751585642707],[11.002998223912218,46.76841637390248],[11.003925716103321,46.76865822674047],[11.00589673272142,46.769176138768756],[11.006270288494276,46.76929718987806],[11.00643406563247,46.769351020500615],[11.006716759765371,46.76945476572312],[11.007092822405975,46.76959745977811],[11.008795345661893,46.770320687686585],[11.012331349239789,46.77164730214259],[11.01255335518057,46.77172560241827],[11.013024027268921,46.771891600474866],[11.013216518458433,46.77194700040572],[11.013530367718564,46.772037325696616],[11.013628117856173,46.77206545731723],[11.013692137561623,46.77203447835431],[11.014120249672656,46.771827307813],[11.0150443723675,46.77111072762879],[11.022135362224034,46.76517480509157],[11.024923980942338,46.76913694074125],[11.024800634287663,46.77022135678387],[11.02480784470276,46.770675702252014],[11.02486352907712,46.77093734990283],[11.02498921926026,46.77152790918676],[11.025023467946577,46.771688824461485],[11.02526753987494,46.77228010917123],[11.025602472415729,46.77309148726066],[11.026006797065088,46.773922901135734],[11.026162228796654,46.77424250464956],[11.028550689100165,46.77912287697654],[11.035201774041129,46.790371041171],[11.042430546049847,46.799570125603694],[11.041911866202831,46.80338585852521],[11.072634001480413,46.81868354130567],[11.079264796017622,46.82041287223115],[11.079943179165499,46.820439479369334],[11.080583616892484,46.82061538621006],[11.081073071480189,46.82075367886507],[11.08167491883114,46.82093386599467],[11.082700697902828,46.821270674732276],[11.083452723811812,46.82221991940483],[11.083538343483719,46.82286631726429],[11.08140244112456,46.82775587107849],[11.07803911832516,46.83372510928143],[11.077825231972797,46.833980975989476],[11.077015499362581,46.83489561787764],[11.076139009887207,46.835631477302776],[11.075752639940866,46.835899469995994],[11.07213673284362,46.84036294678344],[11.072493785004392,46.84961959582188],[11.07472055217433,46.85766495123891],[11.081645566041825,46.86597178155831],[11.08384503517848,46.870669692876334],[11.088441764084143,46.877786567073585],[11.09070530447287,46.87999505020267],[11.092253125314446,46.88126167345838],[11.10034191881202,46.89011281133122],[11.094982281450381,46.90748072947826],[11.09498186371567,46.90752155616687],[11.09497648186848,46.908047790853075],[11.095630113838382,46.91095239822315],[11.095882529830062,46.91193420302169],[11.09756953288727,46.913966818591994],[11.098029493315492,46.91414287235159],[11.103287936789705,46.9152273194232],[11.105272482979272,46.915612305630106],[11.107809746880744,46.915969985874405],[11.109975545459845,46.9249473536558],[11.119977355338335,46.93049459021212],[11.12023601671397,46.93041375793569],[11.12293475730508,46.929580790451084],[11.123970917148794,46.929269087497055],[11.130290593818648,46.92821569407381],[11.136625531973989,46.927927681833374],[11.14061052971538,46.92832909564924],[11.149253907930328,46.93164738912236],[11.157629263184017,46.93587935839156],[11.163751742442416,46.9397099448034],[11.16475177600356,46.94039747651965],[11.165194822997105,46.940713068388476],[11.166268507864565,46.94167817026278],[11.168335219263374,46.944658286464175],[11.165461023246612,46.94684509342522],[11.163158588230006,46.9511167679559],[11.16380961092472,46.96084361849526],[11.16463605066447,46.96424320416876],[11.165301653644583,46.965349878123035],[11.168013171264455,46.96448250272072],[11.171661924706667,46.96337847066597],[11.17414417099381,46.96275642286897],[11.174885037448782,46.96259551696934],[11.17536874673695,46.96256914777042],[11.176127105808456,46.962531410756846],[11.17668633040591,46.962687262385664],[11.177408479829323,46.96305149247576],[11.18269120807112,46.965718132451165],[11.1831273589391,46.96603828553937],[11.184777568234331,46.96746017532472],[11.19038066543014,46.969994498436],[11.202133587336638,46.96843692106003],[11.202460032195328,46.96836314480519],[11.202565496455838,46.96830441079789],[11.202729425823826,46.96821311611349],[11.202920313607816,46.96810680717206],[11.203121718662526,46.967909445178506],[11.203282155451282,46.96768765289643],[11.203481397440056,46.967412211073885],[11.203729429724211,46.966966771909476],[11.203981870751477,46.96651195102237],[11.204115916859852,46.9662704362782],[11.204210148940438,46.96605759401199],[11.204502609400164,46.96539699869301],[11.204611988720561,46.96514993344458],[11.204692560738813,46.96496793518933],[11.213438528792661,46.965766537099356],[11.227204983787058,46.96943663323163],[11.236221265228155,46.969457753612865],[11.241393706369173,46.96961858902731],[11.248579272172632,46.97377478345426],[11.258528444221508,46.97757004657448],[11.286456939941708,46.984174147325234],[11.299382358927023,46.983897440556696],[11.311431796999916,46.98709243630327],[11.312341995402704,46.98793798009229],[11.313309268439799,46.98882302892916],[11.313984772455141,46.98929060872528],[11.316300974921688,46.99084146166863],[11.317055612812407,46.9913343637446],[11.317809201864605,46.99180506465697],[11.31804457932885,46.9919342850963],[11.3181965269544,46.99201770129736],[11.31871502544802,46.99223097105262],[11.318811663074134,46.99227071849021],[11.319305886920601,46.99242719067443],[11.319380849629106,46.99242070930769],[11.319781706954638,46.99238604958418],[11.32005730717725,46.992336649094106],[11.320265150654013,46.992281186429025],[11.320388944277735,46.992247750581875],[11.320986212726408,46.99206915284414],[11.332158692711458,46.98845379767006],[11.335218065473635,46.9865870564697],[11.342214679570533,46.98759148593867],[11.347463865161652,46.99024221725278],[11.357402851204592,46.99049238176912],[11.357728681439832,46.990481170003484],[11.358286494924792,46.99036168616098],[11.358761135738067,46.99012692113582],[11.36301741617238,46.98781629131905],[11.372897435611133,46.98083988367867],[11.380652562397316,46.97249843898026],[11.384244273403784,46.97036030266827],[11.401148037106358,46.96496075336986],[11.405841459484094,46.96519484399686],[11.425140531296307,46.968994977589304],[11.436661956327518,46.97436582447454],[11.44271427209763,46.9783138195241],[11.442959193559492,46.97988765204101],[11.443002087459693,46.980104165203],[11.443053775214228,46.980322101492135],[11.443124495611222,46.98045578896315],[11.443167743022455,46.980536855157744],[11.444498050918948,46.98299556066911],[11.44474333269025,46.98332779744543],[11.445363016748741,46.984155994704544],[11.445700262454062,46.984576256816524],[11.452293366182317,46.991486142674674],[11.452896399082034,46.99210767066926],[11.453674558385206,46.99249595936809],[11.454569308309381,46.99273775268168],[11.454911158386471,46.99278891480492],[11.455178260316904,46.99282368178515],[11.455516188299613,46.99284792912073],[11.455837305019179,46.99283653885575],[11.456546425182399,46.992776321590206],[11.457723418772494,46.99262956015044],[11.458039978692847,46.99255976492484],[11.458940370602258,46.99217144973996],[11.46130438994622,46.992314352650475],[11.467113107909228,46.994371376228735],[11.46912698285725,46.99725722499888],[11.471115195496848,47.00369300422122],[11.477145845893544,47.00979098332534],[11.477677207217987,47.010256443395136],[11.478324538777944,47.010597900522775],[11.478715831018945,47.01072835341822],[11.479041633712386,47.01082985087041],[11.479315863089004,47.01090940391229],[11.47953224474655,47.01094572055148],[11.479858511468814,47.01099663839363],[11.480201083899313,47.01100721431144],[11.481694983917622,47.0110018261644],[11.482012835407744,47.01099493315996],[11.483181248314043,47.01095608807992],[11.48753399222547,47.0107490665015],[11.488961484265985,47.01067753268441],[11.490373364830512,47.01058394120257],[11.492144714632582,47.01037877497186],[11.498740853791613,47.009559993630894],[11.509593796733702,47.00475984721542],[11.515287625487067,47.002133024485055],[11.527154994713316,46.99493756441028],[11.53195517737048,46.991983157742546],[11.532425630600931,46.991635096372654],[11.532720819883824,46.991399254814624],[11.533484564612326,46.99053190906998],[11.53364112732972,46.99028403399471],[11.533758941615202,46.99009386394633],[11.533953338490557,46.98936179295798],[11.533837392920539,46.98893144408304],[11.533811308857151,46.988837292329585],[11.533706402621162,46.98848437794574],[11.533607999390288,46.988153341867076],[11.533455156353707,46.987702256836876],[11.538076931642463,46.98410808039687],[11.542549198152393,46.98520571694919],[11.54422969788098,46.98675675693602],[11.550257143974772,46.98936739870422],[11.551255952533445,46.98973917957268],[11.551560723162437,46.98984590092102],[11.552988754844302,46.9901299320295],[11.554621843872944,46.99045350890898],[11.556496551962844,46.990740072500635],[11.556699700550075,46.99072822187693],[11.556746574308303,46.99072548721566],[11.558005808074208,46.9905377791961],[11.570699350470422,46.993108207313036],[11.571297007120346,46.99329726513346],[11.575258138200578,46.99486407774862],[11.580806420674875,46.99711941921404],[11.581050997516897,46.99738388492827],[11.581045709194067,46.99764948637576],[11.581031804546482,46.99777692005161],[11.580950538869665,46.99830313779149],[11.580917306922094,46.998516322505374],[11.580831033194485,46.998995237044284],[11.580704010152377,46.99958321886337],[11.580506969343311,47.00048759523274],[11.58052241115828,47.00112155020721],[11.580713357990984,47.00138287378958],[11.580790883276716,47.00148896962664],[11.581968842508319,47.002047357184416],[11.588852371608038,47.004654648467735],[11.589178892512376,47.00474175478227],[11.59059385196243,47.005107138435726],[11.59109955016747,47.00521296307325],[11.592302984976058,47.00534598089684],[11.593303660577048,47.005431300949006],[11.594398643056785,47.0054604778759],[11.60903920641471,47.01032099927248],[11.611777783886748,47.01123422560337],[11.615670810939404,47.01204524629586],[11.624362662925622,47.01217472182395],[11.6280906511004,47.01167346902721],[11.62876845510072,47.01018830640978],[11.63056112716175,47.00734821699421],[11.630676158593301,47.007179083587985],[11.635165187699815,47.0035930286834],[11.638602993833706,47.002021529037584],[11.64839461729924,46.99882390159467],[11.653573139099572,46.997079535043966],[11.663344011747466,46.99299743351003],[11.666840294107926,46.99245587372074],[11.67490077006244,46.99307318066038],[11.682651059319008,46.993796185163774],[11.694008199888632,46.99403332812684],[11.710599057572566,46.99299354908622],[11.713480054866427,46.99071589702666],[11.715872546629473,46.98821128070932],[11.722609743362648,46.98066260353012],[11.729556691156478,46.97199257288148],[11.743974431483814,46.96937083650821],[11.746615233763304,46.968951992069464],[11.746761279580266,46.968938977162004],[11.74694439851123,46.96892265833217],[11.747168158030416,46.968902717557185],[11.750854510739652,46.97054205114192],[11.765876892967777,46.97522410758191],[11.766424527574829,46.97679348037881],[11.766559586963698,46.97717849431906],[11.76678073609112,46.97757812492361],[11.76837413643372,46.98018543699796],[11.768572708106408,46.98041348116342],[11.769156970070771,46.9810844425993],[11.769275050569352,46.98121755473901],[11.769512775944019,46.981480808743754],[11.771701351972768,46.98386687071813],[11.773433976361694,46.985415990092335],[11.781313203834934,46.99150349147216],[11.786688257090491,46.991152220163066],[11.79827046030981,46.99091454218513],[11.803029214117872,46.99132453146571],[11.803664055283368,46.99131347704187],[11.804816907842953,46.99113222938809],[11.807373442013212,46.99067805134418],[11.808963991868046,46.990175538900175],[11.809491108552924,46.989928610227196],[11.80974251303243,46.98976944489439],[11.813564625848011,46.98979701493256],[11.831451581725693,46.99239760078322],[11.855707057309912,47.003560586954556],[11.85820831229926,47.005753581735014],[11.861859905807224,47.008906631455524],[11.866852740762798,47.01116698995856],[11.887536026205634,47.01624411703935],[11.90508778568792,47.025352816592],[11.915132731286363,47.03145426786554],[11.922443546055487,47.03427935079326],[11.931658509733847,47.03747688599274],[11.93207699675264,47.037605708940866],[11.932326341468324,47.0376668157415],[11.932787267808669,47.03776749679637],[11.933083606212346,47.0377779000067],[11.93346215899661,47.037773520706565],[11.93372575475841,47.03777043621186],[11.934493695372408,47.03770124673852],[11.938206335622406,47.03725948888398],[11.938688917229227,47.03719129603666],[11.938906806891362,47.03716050471121],[11.93975137879089,47.037003815949404],[11.941212566955834,47.03652528819305],[11.942658111024404,47.03600214715449],[11.943011250940335,47.0358354008309],[11.943236075246336,47.03572924158172],[11.944439466092792,47.035033867955455],[11.958924167159259,47.042426809078954],[11.970841230374827,47.04368843460632],[11.972240282266364,47.045690496172696],[11.972751271491756,47.0462081948529],[11.973074181363279,47.04651028942271],[11.973585039834765,47.04695149073038],[11.97612287047055,47.048725915758865],[11.97646128452626,47.04895110047931],[11.9779523373453,47.04961426813209],[11.978220241331714,47.049728307819294],[11.978281077602624,47.04975420356679],[11.978875256133136,47.049828819158904],[11.979098239026168,47.04984082485831],[11.97990366754114,47.049882949728996],[11.980203456659329,47.0498751419978],[11.980262774691472,47.049873597021076],[11.993890425309997,47.049238851289225],[12.015476046453916,47.046777605345405],[12.016876729637083,47.04673618275174],[12.017537855934803,47.04672774868825],[12.020061021655398,47.04676017304783],[12.0211491623973,47.046983434913834],[12.021469949399837,47.04708295926074],[12.030013496967962,47.04996187988542],[12.032146894401475,47.05308671153907],[12.032251354063789,47.05370941274971],[12.032515382710118,47.05435938336432],[12.033496060126671,47.05575981852258],[12.03409070637594,47.056608009879184],[12.0344231894886,47.057004307795765],[12.034754333068971,47.05736164693245],[12.03531511076581,47.05791358955641],[12.042548786875258,47.06098219151164],[12.044861564260753,47.061253654346],[12.049482173238314,47.061391589831835],[12.05195614482238,47.061280736181594],[12.055709111221747,47.06101847358267],[12.058152279022584,47.059814398409316],[12.059520089494965,47.05868923931237],[12.06157534347499,47.058962748772394],[12.068464290938158,47.059804162967346],[12.069753215687808,47.059918082253056],[12.070045989832588,47.05992822628014],[12.072940839146998,47.05976884919038],[12.084547903204278,47.070103706664646],[12.092339122566583,47.07583312872055],[12.092572869059001,47.07600230327518],[12.092982727405726,47.07628371159662],[12.093669077764195,47.07664763820923],[12.09713087849681,47.07753494292087],[12.097566385747403,47.07759065009143],[12.098535777363027,47.077694897500784],[12.099238375999528,47.077770364936804],[12.101697375001699,47.07801259969159],[12.101778203269912,47.07802045127329],[12.102112991550008,47.078043450797765],[12.102780816131837,47.07801634306146],[12.103282330178482,47.07798924316911],[12.10344732394846,47.07797660921065],[12.103733169145444,47.077954516059194],[12.108649977462079,47.07684458663252],[12.109567017302659,47.07655867952139],[12.11133578691283,47.07591212512347],[12.11214502825491,47.075557132479915],[12.120107381266116,47.073778856651835],[12.130124219631387,47.077789077694554],[12.13553824110089,47.07970174994474],[12.139032631638475,47.0801054155375],[12.143485446142119,47.080172160185526],[12.148987379170725,47.07973738514467],[12.153377244681263,47.08017446171563],[12.161012462894329,47.081588210717456],[12.163088349248314,47.08240830389625],[12.164410312394086,47.08299722491812],[12.165542405953927,47.08357788344662],[12.179882484715524,47.09025844806935],[12.181514787464096,47.090645055014264],[12.182144108875518,47.090785047347495],[12.185165564700105,47.091456945988234],[12.187197352935984,47.09155336139742],[12.190536603944313,47.090609832893456],[12.191752513988485,47.09022943586768],[12.20867794169386,47.0862191878444],[12.216236348331032,47.08546385083131],[12.224035242133587,47.0831730819083],[12.239756248127982,47.06975544622483],[12.24012124298144,47.06934066340664],[12.240152144206645,47.069261365025724],[12.240201029335358,47.06913591181712],[12.240272610787839,47.06889089305841],[12.240286702084775,47.06870951570623],[12.240294332149551,47.06861128673942],[12.240192638001258,47.06793919133987],[12.23992107018011,47.067587234814305],[12.239607201348715,47.06723129611774],[12.2389973484283,47.066650084744346],[12.23782940911973,47.065634682989696],[12.22713665483532,47.06132449076653],[12.21829843202762,47.05894101419726],[12.216762768912277,47.05778274610378],[12.215729803448944,47.054828393491526],[12.215651116885711,47.054587613674286],[12.21563154702043,47.054399170343466],[12.215630324807687,47.054214712056336],[12.215654943712142,47.05355704306705],[12.215716063184988,47.05315034019651],[12.215836086974008,47.05271048175942],[12.215760706478529,47.044509389333136],[12.21101771361371,47.03607040910304],[12.208639029904228,47.032393275964],[12.204865339941668,47.02720273395192],[12.201356412904374,47.02701231960818],[12.190823713963386,47.02614468056675],[12.181496631370251,47.02503477440675],[12.17926624183493,47.02467262755327],[12.173583888807926,47.02339495195436],[12.17350205989341,47.02337227657067],[12.173349692515531,47.0233294509493],[12.172982818425167,47.02321813111583],[12.172831093671952,47.02316453504919],[12.172380449830838,47.023005345255946],[12.170714674736725,47.02230905174743],[12.169678592291426,47.0218697797071],[12.169009363592949,47.02155533213009],[12.168781066654816,47.02144444122373],[12.16863249966341,47.021372276667805],[12.16841665677594,47.02126559213332],[12.168092980141017,47.02110372935423],[12.167293918467339,47.02067137129545],[12.153103519788377,47.02338726411381],[12.152621858732154,47.02350187560654],[12.15180411599887,47.02366983490634],[12.148150689827988,47.024367648366265],[12.14723288391636,47.024264265692445],[12.146684319326361,47.024115326327525],[12.145886230007113,47.02374423403282],[12.142882842107898,47.0222355730087],[12.133636692249132,47.016822824365505],[12.12434306919112,47.01077825640838],[12.120987027233358,47.00665347451482],[12.123103116429284,47.004129945872265],[12.126612508376855,46.99958374387439],[12.12935910141456,46.99489181044358],[12.130157685359713,46.993511008569854],[12.130164906590101,46.99327111299407],[12.130171050993255,46.99296134800916],[12.129386204120669,46.990040230035994],[12.136632546488439,46.98299306888508],[12.137901140107859,46.98004229865754],[12.135725924780287,46.972294695589625],[12.132125169815316,46.96423960060919],[12.131872896566689,46.964187896348164],[12.131524768293104,46.96411654320575],[12.131369902627618,46.96405052276561],[12.131051717479687,46.96390791117996],[12.131508209817932,46.96294703302754],[12.13164194928572,46.96277264489291],[12.13232556961509,46.961955443500926],[12.13628933378973,46.95856816971392],[12.14076789512575,46.955979356665544],[12.145787917019309,46.95397395999055],[12.15737287499355,46.950740794352356],[12.161280973115417,46.947221869018996],[12.165863980440575,46.94140987368435],[12.168205328016201,46.9378891306451],[12.168255317809882,46.93728926124928],[12.167878832805389,46.93447375953186],[12.167737618138844,46.93382079062986],[12.167603338784607,46.93335219438724],[12.16756513414676,46.93324976568737],[12.167503090649326,46.933088446469114],[12.167405249786226,46.932835416239435],[12.166872267949614,46.932611680454556],[12.166815371122825,46.93258883399177],[12.149474545951971,46.91581448204223],[12.144133315354319,46.91401100228905],[12.146017401665539,46.91348220244557],[12.154488733827868,46.91077392396153],[12.159971122810173,46.908350129990616],[12.165384227743099,46.908319471869234],[12.172287145783441,46.908814660140195],[12.182337486116937,46.90763546350064],[12.18890217231412,46.90629603470913],[12.193589038072668,46.90342040371754],[12.197460558600396,46.89864094031011],[12.198049911603329,46.894518849646445],[12.198585631258386,46.89152979154511],[12.200357438549037,46.888530574921326],[12.205531775876603,46.88267463371451],[12.2082985407537,46.879960087914384],[12.215033115385548,46.87419103261238],[12.216230315869847,46.873869371751525],[12.216578884301725,46.873855066972325],[12.21774016529136,46.87382501842108],[12.218587213312599,46.873888559093785],[12.219589179726945,46.87673424998276],[12.21980854891354,46.877178031625725],[12.219909024820543,46.87737479741313],[12.220334856521308,46.87797052340626],[12.221075660126495,46.87899341875204],[12.221637978773458,46.87965706849339],[12.221849867931565,46.87982725451104],[12.221946508709236,46.87990487275793],[12.222809417463356,46.8795475620192],[12.223316538140788,46.87929027246896],[12.223509036022918,46.8791795577788],[12.223579808336744,46.87913885343236],[12.22456028701584,46.87885471410502],[12.225126538134322,46.87872174742743],[12.225441585354623,46.87868136232229],[12.225741874274767,46.87865489246744],[12.227968759077896,46.87896642332769],[12.231668303503275,46.880395538787475],[12.235680357447867,46.884044035800876],[12.235830406362345,46.884206287940266],[12.235948235213876,46.884391950415306],[12.236091686284269,46.8846488876562],[12.236209230214042,46.884870559243296],[12.236303497479446,46.88519638625979],[12.236347571843886,46.88546513535374],[12.23637281651923,46.885720916594735],[12.236111438986601,46.88639430446138],[12.236007613785299,46.88701373324489],[12.2360116467401,46.887612110094324],[12.236201421772863,46.88851572652148],[12.236492375019944,46.88881421822231],[12.236695359940365,46.88893824162156],[12.236960939628409,46.88905672286033],[12.24064203938624,46.89035644673708],[12.2434299791944,46.89025940948133],[12.264311539156692,46.886933786105025],[12.2675292263668,46.88659439394027],[12.271503793900415,46.88507677314028],[12.274476761122436,46.883241202201106],[12.277256153021233,46.88028611373091],[12.277050962528893,46.87691253015864],[12.276412945646666,46.876174821491375],[12.275295808277367,46.87478933879489],[12.275313967676938,46.873929328608945],[12.275352660234228,46.87348722449186],[12.275409401368556,46.87324710147604],[12.275556730690683,46.87286488577998],[12.275803707227421,46.87266431182146],[12.281110784844017,46.8691500920633],[12.283657127141526,46.8680786046318],[12.290361238202085,46.861711942707196],[12.290065710413968,46.85567249189483],[12.290994159028507,46.85228429768364],[12.295593900944656,46.845937355109875],[12.301877647724675,46.842856371784464],[12.306691437093374,46.840351981995944],[12.305996039157233,46.83458061511116],[12.304807947749154,46.83285096827778],[12.301205004302819,46.829751062701185],[12.297907624908907,46.827150729226474],[12.294623289282072,46.82497292391547],[12.290643159488244,46.822306552083155],[12.288231092418997,46.820004456079445],[12.28315748780326,46.81463480855165],[12.288074712584107,46.81013245060206],[12.289620876365328,46.80765700709808],[12.291940746840513,46.80346823988104],[12.288209659469471,46.796039250037396],[12.28054745210309,46.79137573375222],[12.280906706859568,46.790172924711015],[12.281632285225832,46.78812828537356],[12.283530819656232,46.783265302071676],[12.283685933117553,46.783064130938975],[12.28384311848437,46.782902116748566],[12.284077695567245,46.782773877514245],[12.284361323506122,46.782671230522034],[12.284670833194209,46.782563338312656],[12.284919046675444,46.78249770657372],[12.285219572153233,46.78243057019083],[12.285701580050876,46.782412219306366],[12.286573799406913,46.78246814786263],[12.293286164981016,46.78291398703],[12.310968881079825,46.7844642458348],[12.323978720908158,46.78204821420951],[12.32432938066426,46.78196845230032],[12.324446064209615,46.78194133065865],[12.324760676849733,46.781866979763],[12.324911063080416,46.781824540424275],[12.326118950646945,46.78147296379983],[12.326768034925097,46.781269576518206],[12.328608751823118,46.78043299409833],[12.329783168161859,46.779759790426915],[12.333921746654774,46.778995669975245],[12.3502312554584,46.77675104977486],[12.352088515157824,46.776358414307374],[12.35740655619117,46.77466334239623],[12.358142537069053,46.77407022073698],[12.35849062446881,46.773677492971885],[12.358839193252631,46.77311592125769],[12.35892591825518,46.77297619854136],[12.358924836325368,46.772411261717814],[12.358922717623303,46.77199078666143],[12.358911699775494,46.77174810847044],[12.358834151287132,46.77129138335239],[12.358639515828667,46.7705918580596],[12.35858949118097,46.77041206541465],[12.358471361260627,46.770146797393245],[12.362946394490288,46.75846688236931],[12.367007172820653,46.74874564436214],[12.368439184129228,46.743016785302245],[12.374710553320115,46.73203087776187],[12.377627949635132,46.72467963624101],[12.380218784579572,46.71964113324825],[12.383690621817829,46.71655706391189],[12.387609411547047,46.71577112401857],[12.39542941238516,46.71079151164603],[12.410906297594831,46.70305856421633],[12.421331678228295,46.69910639336224],[12.431479054458713,46.69413113542224],[12.439545096135749,46.68984304328334],[12.442765195356248,46.68822168087354],[12.455414136026736,46.688045829902904],[12.46929157294175,46.68720239978116],[12.473560655341858,46.68687922224738],[12.474539623402134,46.68661995818898],[12.475526798213727,46.68600492813149],[12.475841045703289,46.68566686208981],[12.47643738928798,46.68483420407312],[12.477368235564128,46.683040947547404],[12.477703322346242,46.68045298362595],[12.477595181695758,46.67981981749721],[12.477181338041069,46.679642452589675],[12.476486031243182,46.67935310029956],[12.475183638105092,46.678875202229285],[12.472322316623188,46.67794515580734],[12.468578627550608,46.67691581996019],[12.437516045413755,46.66892462031345],[12.427420559748011,46.661582153976106],[12.415998646073572,46.65136949475242],[12.406750195160905,46.6441798921157],[12.40396790883985,46.64302496104681],[12.392354659947744,46.641740750209635],[12.392058355514708,46.64171067786375],[12.39107907056557,46.641612056756415],[12.388509811267555,46.6423722782851],[12.387794896184372,46.64258502156384],[12.386479615792007,46.642976965741454],[12.386101096808407,46.64309169936928],[12.385842849726718,46.64316986922026],[12.385087642345061,46.64339845952116],[12.383029788327997,46.643711400135835],[12.381595097744137,46.64359292270589],[12.379946095264506,46.6429723273329],[12.379773553393605,46.64290738956439],[12.379286666543697,46.64167386878185],[12.379262951212558,46.64161378435997],[12.379022029097587,46.6409815028255],[12.379012816265133,46.640955166077966],[12.378179593224898,46.638540741517126],[12.378036761308202,46.63784744735643],[12.378395259942485,46.63668560562599],[12.378934238275752,46.63615919650418],[12.37924064128279,46.63585993448326],[12.382707615330736,46.6326720769692],[12.389841897367042,46.62753725990076],[12.389764120787282,46.626916653294316],[12.389236520824053,46.62518555263734],[12.388788464845598,46.62446982155261],[12.388692310878021,46.62442327322707],[12.38813852906268,46.62415881997651],[12.38775161175316,46.62397404946678],[12.385163328166872,46.6227817180878],[12.371909850870901,46.62024397305606],[12.359431910477232,46.61974293184442],[12.347969218068846,46.62398521895877],[12.34143032831318,46.62995208853156],[12.338443323436605,46.629884356133616],[12.332600218694035,46.62898085255957],[12.32058222388964,46.62926148371227],[12.319865080109802,46.629314701020164],[12.319137994608305,46.62937349916518],[12.318260927096137,46.629497734533096],[12.317767301561663,46.62958443824892],[12.316366235240823,46.62983898143949],[12.316021234813794,46.629938994212985],[12.315894614390443,46.62999593483156],[12.315100779461098,46.62381185222876],[12.307918060038553,46.620254162341894],[12.307658765453661,46.62012873249444],[12.307438047587537,46.620022004077086],[12.306819892056488,46.61973838543553],[12.306434415304462,46.61956272774136],[12.305503735139903,46.61917344939915],[12.301279726738292,46.6188089079111],[12.29270044810016,46.61809852025579],[12.286066742483852,46.61791144880374],[12.272669158012235,46.620892089134486],[12.267842814793871,46.62472279044994],[12.263400376843698,46.62799954724244],[12.261433904995897,46.62872793412652],[12.260203270046361,46.628711767251026],[12.255707256381404,46.62715691358397],[12.243235442359039,46.620176960651705],[12.232181730867172,46.614045505297284],[12.224748385096653,46.612257465692814],[12.224297810255576,46.612148358229256],[12.222921067792644,46.61181452335702],[12.221091093013202,46.611370591692946],[12.220840914292555,46.61130778674286],[12.218638756616107,46.61075104039398],[12.217855929284008,46.610552716785214],[12.21429688722366,46.609584819564354],[12.214258722942441,46.60957393078769],[12.212421965482179,46.60896023238889],[12.211984271303827,46.60864332531947],[12.210891851290517,46.60785055244956],[12.210831476701836,46.60768053176265],[12.210374460285987,46.6063890697365],[12.210287861497044,46.606018737828215],[12.208839199753392,46.604185832395146],[12.20452026979043,46.60017542035997],[12.200378685210264,46.59773917233681],[12.195676427982939,46.595181867532276],[12.194979059827267,46.59486836155739],[12.193671185981168,46.59460791393609],[12.192757311608771,46.594579663013036],[12.192239221977617,46.594563709463],[12.192003201784832,46.59517564155146],[12.191960172186885,46.59528748785544],[12.191922747840225,46.59538476741807],[12.191848891547913,46.59558451078437],[12.191681876962898,46.59653343785379],[12.191784456599228,46.59689953231064],[12.19341688901897,46.60248352839681],[12.193478395686194,46.6026798106734],[12.194103333465513,46.60398003182566],[12.19447447880672,46.604746834254215],[12.194425893499089,46.61951511981015],[12.18645123444541,46.6207956372703],[12.177478664866417,46.62730138266352],[12.175231036981023,46.630024616287066],[12.172664698858704,46.6329614130255],[12.172613975310936,46.633015669708854],[12.171328320935338,46.63410142367319],[12.16313060730909,46.63624559863731],[12.153942031607102,46.63467964293587],[12.148150473240515,46.634240536548766],[12.148078667054264,46.6342312443584],[12.14640744292712,46.63417987702874],[12.143643664830776,46.63550130831591],[12.140516957002546,46.63746129424768],[12.140318509223702,46.63762163923287],[12.139637946332375,46.63855645425395],[12.13054628465151,46.64408741587871],[12.129824116621796,46.644115692165244],[12.128665144192512,46.644302380100434],[12.128014681626702,46.644440790863165],[12.127579142942375,46.64454810178502],[12.127155396345826,46.64466331540256],[12.126267492149832,46.645101490497105],[12.123934987345635,46.64628127052133],[12.11281290492464,46.651946050214946],[12.112287646006687,46.65224456709968],[12.111412994072925,46.65274281978995],[12.111000783616989,46.652983496133096],[12.109985313340008,46.653811729936656],[12.109658713291575,46.654330714831055],[12.109421940519633,46.65475005365647],[12.109346426396568,46.65496810394885],[12.10915555647602,46.65562497151985],[12.07831081473601,46.671707421006325],[12.077831204531053,46.67229753690964],[12.0777940238176,46.67234328342224],[12.076545125303808,46.673834897675285],[12.07583966410655,46.67423909540512],[12.075506749578041,46.67442983695412],[12.074730572368313,46.67457671604278],[12.06826965252939,46.67507128053927],[12.06845416965692,46.67241402458635],[12.068797250926355,46.66747318406934],[12.06890897560313,46.66641879745522],[12.069155082476875,46.66540318110627],[12.069196443537377,46.665247023430496],[12.069206493978832,46.665215820469136],[12.069245726023157,46.66509403886121],[12.069564026086534,46.66410597974907],[12.067149681134225,46.65395225248043],[12.071565557888377,46.646087349539705],[12.071370457872193,46.64160112355229],[12.069754902803636,46.64076252184202],[12.0692324781394,46.640074551252674],[12.069082958218553,46.63968282149283],[12.068603468979479,46.63842643920718],[12.067752298179991,46.63532414607064],[12.067382461014425,46.63387846523341],[12.065663776137859,46.62699102593261],[12.060359686075836,46.62008759512272],[12.05174961201117,46.614541639407165],[12.046623601159906,46.608081503349936],[12.048173985115339,46.60218427207085],[12.048729541551921,46.601698198170034],[12.048864068494622,46.60146858139721],[12.049313402644227,46.600701619816704],[12.049623367562683,46.5994783448884],[12.049772304687142,46.593759387403274],[12.049602343131596,46.593076018219826],[12.049572220922222,46.592954935292255],[12.04936768082588,46.592132730146815],[12.047080316301995,46.58556914598027],[12.046693548722592,46.584724452031935],[12.046318652189214,46.58414944194481],[12.044884294662422,46.58273732448929],[12.043768888803461,46.58192256338717],[12.043665482143455,46.58186629710716],[12.042886440436234,46.581444057433984],[12.042517343047518,46.581244680242364],[12.040894040443069,46.58045987682204],[12.038869275184249,46.57973072670892],[12.036713706223603,46.578762013963676],[12.035140665922526,46.57770579174252],[12.034175702165246,46.5767864078365],[12.033220284868518,46.57556976031431],[12.027919663442349,46.56525816918496],[12.02236779139612,46.55941851897103],[12.016504826370104,46.55353346498558],[12.013961766477081,46.55091280233782],[12.013756045231247,46.55076750020773],[12.012769084564669,46.54965922984666],[12.012688416432379,46.54956264549425],[12.010357805097476,46.54674423605731],[12.006010963686046,46.54145860197073],[12.005008549871436,46.54012938661153],[12.003083619389335,46.537638022659564],[12.001930863403583,46.53616580207338],[12.001744238376851,46.535927449717995],[12.001486324248924,46.535675427872846],[12.000797102740306,46.53500194082146],[12.000434720457504,46.53464782490164],[12.000190971965113,46.534411474586236],[12.00010804250383,46.534331061704215],[11.999594275314855,46.53383287891328],[11.99942036275452,46.53368491779745],[11.999101697118734,46.53341380259741],[11.998725968775922,46.53310552182709],[11.998418884010851,46.532855710212615],[11.993899488080114,46.53842643631195],[11.9905048198614,46.54262115852033],[11.989526930702722,46.543686370130295],[11.989098635638047,46.54415221067925],[11.988928245093007,46.54433641398834],[11.988839559223758,46.544399125091104],[11.988530474487087,46.54461712862146],[11.987560564908225,46.54529918203877],[11.987011540179356,46.54528376983209],[11.986362455140947,46.545265526300746],[11.98573166093511,46.54524773185905],[11.967811296859988,46.54457172345083],[11.961797310878442,46.543359724335986],[11.952024880876312,46.540543538805075],[11.951268515915093,46.54018507004464],[11.95006122326128,46.5395682354825],[11.949534260363345,46.53923084758884],[11.949310958275381,46.538829057630664],[11.949071706894365,46.538396763344444],[11.948966088903134,46.53806977176031],[11.948930117079628,46.537957490956],[11.948712121023593,46.53727252426947],[11.947911958250804,46.53503318299684],[11.94739531310062,46.53372740953761],[11.946011630864204,46.530294626476014],[11.945823797350299,46.5299757198454],[11.945562715469837,46.52953244599524],[11.945494686303205,46.529416944665435],[11.940045266794744,46.528365914325114],[11.93388747702731,46.52789749052381],[11.929356111565404,46.528544731298624],[11.927575926728856,46.528905214612834],[11.925839741713913,46.52959781196924],[11.925355328887477,46.529805476817536],[11.921725219426355,46.53128710728677],[11.917674981064302,46.53248855817977],[11.914669714765605,46.532911585048765],[11.91461120798558,46.5329210790758],[11.914565986793857,46.53292841625337],[11.914504035571325,46.53293846606829],[11.913963613746748,46.533004385303464],[11.913568524676588,46.53305257501778],[11.913315789208676,46.533083400665795],[11.913104733606575,46.53310914216205],[11.91266478460379,46.533056174141784],[11.911883946852067,46.532960250903955],[11.908234544685277,46.531806684550205],[11.902710931511722,46.52985816682313],[11.897929745366147,46.52732089060072],[11.897785617396885,46.52718605749445],[11.89709283070651,46.52654110408066],[11.894761596354297,46.52543059281363],[11.890937764133975,46.523862886338335],[11.888028692093116,46.522843478483125],[11.863035548667266,46.51931348461317],[11.85319532388609,46.51820435928097],[11.851350811250693,46.51783638941571],[11.848020643898362,46.516731417148634],[11.845239121208884,46.51565322032309],[11.843235151821398,46.5148636287516],[11.8382906657651,46.51289644550879],[11.828312394011084,46.50891394061796],[11.82528917640335,46.51276888193053],[11.825116374967456,46.51723246116924],[11.825258913506977,46.517726103124275],[11.825350575516653,46.518093094097914],[11.82544012207185,46.5184516753894],[11.825507004265871,46.51900526122842],[11.825521659471248,46.519367947424435],[11.825530553942231,46.519588876942],[11.825489038595958,46.521785156240895],[11.821215671030014,46.525409346942965],[11.819050752965385,46.52718262652704],[11.81875995955483,46.52740466451192],[11.818623597944104,46.527508782351845],[11.818484416606154,46.527605267289246],[11.818293663609872,46.52773750210994],[11.817968735400841,46.527857735607014],[11.812657656040349,46.530177439790144],[11.811864200595199,46.532422114631274],[11.811566841712146,46.53264490211311],[11.811184710025561,46.532764283990495],[11.808190846441418,46.53187528089994],[11.80760677018637,46.53160239941969],[11.807240785861405,46.5314314071553],[11.806172361835266,46.53091332252762],[11.804930286792924,46.530275846514485],[11.803234157456975,46.529390446551005],[11.802737594919092,46.529063399509944],[11.801936096882931,46.528535425682],[11.800762726724658,46.527665268308546],[11.792980659918168,46.52129550988654],[11.792091921758226,46.51972059444247],[11.790953100747183,46.51727446522179],[11.790836318368727,46.516555806289624],[11.790648189408428,46.51517144024069],[11.790637934682167,46.51499984660028],[11.78159088248526,46.5106737848541],[11.770238846802464,46.50883809637786],[11.752556704979035,46.50620296500728],[11.743592713311804,46.5049534816691],[11.733484568035419,46.50919566459445],[11.726667875678707,46.50990920659869],[11.719836580534535,46.510182274029766],[11.718546019946338,46.510847773380775],[11.717865447634107,46.51147672296231],[11.71774737917581,46.51158614598989],[11.7158328715658,46.513845069369324],[11.715731005516345,46.51381294658957],[11.714809413641886,46.513507276128486],[11.709381462123531,46.51155609224561],[11.70621643242108,46.51017748847971],[11.70226126651102,46.50725940249473],[11.689044630102964,46.503133725582046],[11.664834632416516,46.497527539575316],[11.650472491620503,46.4981737061615],[11.646949803535176,46.49844463298099],[11.64409869821354,46.49923682883417],[11.639058984171957,46.501818301433815],[11.632807724375596,46.49928842138377],[11.633443635653396,46.49526522660472],[11.639223871039885,46.4929821598928],[11.642249504186262,46.49012990802922],[11.643626612216332,46.48760814208469],[11.644407261285426,46.48743269430479],[11.647028746634478,46.48622914262977],[11.647106918846543,46.486189225050204],[11.647460080900025,46.4860069022756],[11.647916064123633,46.48576682172002],[11.648044191513254,46.48565347476129],[11.6488150091459,46.48496318036651],[11.649929207447562,46.483875966861355],[11.650086904209573,46.48366478166687],[11.650260062599031,46.48306648315172],[11.650133177025689,46.482941436126495],[11.650059332958852,46.482870792205894],[11.649950875640208,46.48283287668521],[11.64896741568966,46.482495525903836],[11.648720316937055,46.48241536203466],[11.646955760501848,46.48037790949884],[11.644577706008425,46.472820605679836],[11.642970973922065,46.47526935174416],[11.64077600899202,46.47524074369342],[11.636462923379913,46.47477096315725],[11.635247651817602,46.47449585040103],[11.626949631079494,46.472033408293704],[11.626648618098516,46.46890641587803],[11.625993390261426,46.46088875257164],[11.62178124590361,46.45470609119296],[11.61782948211833,46.44413456666702],[11.61804975178616,46.440888442644834],[11.61837050498606,46.438043645483496],[11.619817837150105,46.42935910361357],[11.61629064768198,46.421582841190265],[11.607983715785256,46.410192677218426],[11.60172691251199,46.39941014465094],[11.601723522421393,46.38978688412463],[11.601391549264788,46.38938902874377],[11.601329325100641,46.389316985763095],[11.600208667686646,46.38815313942479],[11.59981868879086,46.387773222518554],[11.599662235567855,46.38763161157887],[11.599322390472786,46.38732716646311],[11.59426144201831,46.384514341967524],[11.593023070606675,46.383879712427266],[11.592573860714138,46.38364221126703],[11.5886511968839,46.38351655536807],[11.57751863003454,46.38169735350157],[11.564832497050105,46.38157300908011],[11.564560838281446,46.38145587354695],[11.56440427024058,46.381388178524844],[11.564324181602094,46.38135214433528],[11.564207889072444,46.38128335090374],[11.563667145913808,46.38085339353656],[11.56359125150705,46.38078087886726],[11.563510034275135,46.38070033389508],[11.563433570769982,46.380596997312246],[11.563355704782262,46.38049172559866],[11.563162070323468,46.38022815440846],[11.56249273498056,46.379106445203085],[11.561520946605764,46.37623317785378],[11.558672807309868,46.367635080755996],[11.557077335908561,46.35679054291133],[11.556649137954121,46.3524755625403],[11.556763282287509,46.35185144047717],[11.556990799944847,46.35136828702488],[11.557107261737423,46.35112624237091],[11.557246485345225,46.35094541792137],[11.552505903863903,46.347240106250325],[11.543485532422094,46.34778323545911],[11.533182443984908,46.353012557924515],[11.526045250951896,46.354160652634036],[11.523932581825308,46.356118875658396],[11.512003983006313,46.35864549644791],[11.510894926350181,46.35883214442114],[11.504659456687385,46.35986782288895],[11.483703709013215,46.3632444729209],[11.476896807816537,46.363931395147596]]]},"properties":{"prov_name":"Bolzano/Bozen","prov_istat_code_num":21,"prov_acr":"BZ","prov_iso_3166_2":"IT-BZ","prov_uts_code":"021","prov_tipo_uts":"Provincia autonoma","reg_name":"Trentino-Alto Adige/Südtirol","reg_istat_code":"04","reg_istat_code_num":4,"reg_iso_3166_2":"IT-32","prov_istat_code":"021"}},{"type":"Feature","geometry":{"type":"Polygon","coordinates":[[[11.145903136868261,45.716945926514434],[11.145797309724863,45.7153770478943],[11.145780314039671,45.71526462411094],[11.145722821070896,45.71490135333425],[11.14437964228017,45.71310287251309],[11.144113914517723,45.71290054134043],[11.143779174241862,45.71269775621646],[11.143618091524914,45.71260047345863],[11.143127279942782,45.712449901526085],[11.142815445283297,45.71235454656462],[11.142131552344852,45.71210038737144],[11.141539275348634,45.71164305131183],[11.139208553327379,45.70983357641778],[11.138750141431146,45.709440641938244],[11.138661960898613,45.70931563019542],[11.136991564881058,45.7041001385341],[11.136837141493212,45.70357228392314],[11.13590187950814,45.70003084706129],[11.135850109455681,45.69958119195546],[11.13587657270881,45.69935233532413],[11.135922632497957,45.69924726876439],[11.135992561631216,45.69908775533146],[11.138259308830788,45.697083790640036],[11.138512570862703,45.69684979981406],[11.13214591400562,45.69301721402852],[11.12534616074868,45.69043798156517],[11.12288857608413,45.68981523379726],[11.123000297778592,45.68993889779835],[11.123055316831312,45.69016203524563],[11.123195307486451,45.69096606576525],[11.123534311224738,45.69293969568607],[11.123378658911502,45.69382286520518],[11.122500930269224,45.695188649122414],[11.122046881796445,45.69533470400599],[11.121388682959235,45.69554544391728],[11.12103347340354,45.6956092808833],[11.120717306887268,45.69566497939718],[11.115121013294717,45.696484134257084],[11.112527475395764,45.6962878432869],[11.108643086905026,45.69495985940835],[11.10785239412442,45.69545704801791],[11.105848570675333,45.69579502978542],[11.103192616656873,45.69596111138564],[11.10248368603676,45.695959614628165],[11.101866730005318,45.695958288372154],[11.101687425740367,45.69592237839785],[11.100158298244867,45.69501616566251],[11.090033770710786,45.696131380434636],[11.071238149587948,45.70538932959568],[11.066820830202325,45.70816958260526],[11.05997370030212,45.713857182069],[11.058088026391802,45.71674789432754],[11.055790722732965,45.71824352576997],[11.052757992366075,45.71656709252312],[11.052073809016147,45.71593286149963],[11.049801281550936,45.71372962919048],[11.041376974820288,45.70631909147232],[11.030460094186774,45.70568870298549],[11.020975418981333,45.70566865023538],[11.016465922645938,45.70572737868355],[11.016137424550788,45.7078592181624],[11.01607895757047,45.71387383130868],[11.011704325858558,45.71642080118282],[11.006652857834807,45.710442792716776],[10.996113471044575,45.707979283827065],[10.995455543531193,45.7041454506268],[10.995473161396351,45.69649848084163],[10.989468396784165,45.690718535746555],[10.986801536536786,45.689262718758314],[10.978754876693673,45.68553593940027],[10.97538898482238,45.68416675371253],[10.973125964700873,45.68335087074298],[10.968319498896472,45.680121091084466],[10.968431365529977,45.684700143725145],[10.969383129740292,45.68743315339809],[10.97008779771395,45.68885640948504],[10.97036284357214,45.68931722186139],[10.972789571934346,45.692805949534396],[10.97318697528758,45.693351711863734],[10.973515037602793,45.6938024553759],[10.973683943170542,45.6940345242948],[10.973900842792544,45.694332773716454],[10.974160858019665,45.69469043886639],[10.974798993834819,45.69557232552036],[10.974921201606715,45.69586327145335],[10.974940764178564,45.69596905884246],[10.974956924588383,45.69610534626811],[10.97487228912512,45.69641596541788],[10.974830692752022,45.69656506893749],[10.974776414787227,45.69670939889849],[10.972508845607342,45.70140331637457],[10.972481951540397,45.70144030219277],[10.972307437331471,45.70167612818957],[10.972202424509877,45.70181773530085],[10.966273529078581,45.693557807565746],[10.964752025131949,45.68853272095292],[10.961997669771423,45.685682839190086],[10.951232877752288,45.68452234490019],[10.945035521458465,45.67540114219121],[10.944497476210422,45.67406522773197],[10.943111583400505,45.673194155415146],[10.942988500814014,45.673116935633516],[10.942900721596295,45.67306256986462],[10.941960798844846,45.67309365931582],[10.941206958624589,45.67312861244296],[10.940309418432193,45.67317357915678],[10.9374596405839,45.67341569454767],[10.935361424164833,45.67454533177313],[10.928092258294349,45.67751473027997],[10.92207582206594,45.679825283817344],[10.919489627857077,45.68173744053078],[10.911997606236854,45.688314670696236],[10.91197210005425,45.688434106486866],[10.911944769138632,45.68856210571929],[10.91197567392625,45.6890892591693],[10.912005040019158,45.689445170056665],[10.912046668620293,45.68994729766056],[10.9121610798757,45.69070149151762],[10.912228157421238,45.69079129599531],[10.91241010731559,45.691034799718096],[10.912810409886427,45.691455769591954],[10.913051952214428,45.69167815074255],[10.913238072428227,45.691849504580034],[10.91355712642346,45.69208749799374],[10.91404780373652,45.69242981288056],[10.915928798284003,45.693533273136445],[10.917676547810283,45.694330962505546],[10.918245229265533,45.694560267538925],[10.918314809326708,45.69458837350132],[10.919314885928964,45.69499233895783],[10.920092615047306,45.69530648095859],[10.92036134704641,45.69542479126515],[10.92222482258992,45.69624517065565],[10.922876887907126,45.69653222398537],[10.923040447826153,45.696604226457374],[10.923262222349322,45.69672610638163],[10.923533070716978,45.69687497766258],[10.923601453809676,45.69691333642568],[10.924136427972023,45.69731011302214],[10.925326221885372,45.69835689864485],[10.925787909621109,45.698872833181525],[10.925982027297273,45.69909028345524],[10.925998666824816,45.6991725207443],[10.92350697371401,45.700322340961804],[10.914999217968434,45.70311307948415],[10.904597483619073,45.707719053796154],[10.893729615092212,45.712697400108745],[10.891315967612176,45.71420275334868],[10.890093148667141,45.71481759058496],[10.889727442191823,45.715000866509264],[10.889578625207006,45.71507464386285],[10.884376190352233,45.7166219669215],[10.881473487679717,45.717277200595724],[10.881428495838296,45.71728030900671],[10.88095292995482,45.717307953146026],[10.880544547498495,45.717310272171915],[10.879830930481413,45.717314320657266],[10.874764593845626,45.71734273508831],[10.872505299459492,45.71579096415158],[10.867824570352012,45.71638505525095],[10.851315326625015,45.7178836034929],[10.84383237642482,45.71859281460763],[10.843335233189048,45.72039484003169],[10.844459051934425,45.724163412006654],[10.849122901262623,45.7324539367574],[10.854808689500313,45.741536807494114],[10.855029264455577,45.74185482357124],[10.855258780103055,45.74209000480126],[10.855692453144664,45.74239234642001],[10.858261348791247,45.74379541783635],[10.858598218365639,45.74387131605067],[10.85971507305606,45.74381313456446],[10.861878699999362,45.74370039071539],[10.862323902343231,45.74367697579756],[10.862627178511973,45.74366131300408],[10.863729796332372,45.74909335432317],[10.86453101849018,45.75361430410686],[10.865039439991895,45.758447361491015],[10.865244383969227,45.76130128879313],[10.866811131141693,45.763989777544595],[10.868714827141279,45.7652911912492],[10.882284131944184,45.77194468422884],[10.882723846235578,45.77194060794287],[10.883007057431264,45.77202333097578],[10.883789240057315,45.772812163950945],[10.884108874343783,45.77323389196877],[10.884444262865545,45.77373172486507],[10.884616621593253,45.77403071027465],[10.88477045512626,45.774297558528374],[10.884976447358921,45.77465488256641],[10.885189447126251,45.77512259909233],[10.885393616010688,45.77557092017031],[10.884777849113094,45.77823737351524],[10.88382475272162,45.779339521367966],[10.883413390037433,45.779755905606095],[10.882334827375274,45.780701351314256],[10.8727237285926,45.78838368004843],[10.873006405666578,45.790538689739144],[10.873127081390123,45.791194629814036],[10.873190753082232,45.791540710521296],[10.87406114378677,45.79493358893045],[10.877007838424822,45.80347100340647],[10.880303653198611,45.80580483468782],[10.880895626163907,45.806137053940574],[10.881072715407338,45.806166501768075],[10.885487587611188,45.80914584148375],[10.885838554572581,45.80940389713284],[10.886696857529367,45.81003576461005],[10.887539036193365,45.81112531235817],[10.887569264604238,45.81116441893453],[10.887580337303085,45.811485191885225],[10.887582067886862,45.81154211658808],[10.887585175826896,45.81164684594423],[10.887345034787966,45.81208536974056],[10.887260308431248,45.812238837755544],[10.886653246794355,45.812924199863154],[10.883309881858546,45.81642600240644],[10.88159255636517,45.81758069580788],[10.871793901736298,45.82143599036904],[10.86555800317102,45.82384219079817],[10.857058988667351,45.827072646646165],[10.856112267404566,45.82739107787964],[10.84536137299749,45.831003616085425],[10.841273919129922,45.83237659062806],[10.840150472097324,45.83275599762336],[10.839917837575298,45.832841594154225],[10.839369168800138,45.833035146409216],[10.838733510046966,45.8332583442607],[10.837333029101115,45.833748227454585],[10.825861305378808,45.83768802164843],[10.825530180568892,45.837728976677774],[10.825385177982533,45.83774488054019],[10.825072717135212,45.83769997415942],[10.824120894362157,45.837547121698485],[10.82288678920309,45.837348847460966],[10.820269533363941,45.83687504251412],[10.804005272006586,45.83445634548535],[10.803582894345947,45.83441493339776],[10.803300147035335,45.83443733407534],[10.80186415873038,45.83463108416183],[10.800803931555123,45.834822112507794],[10.799536293520527,45.83554566043754],[10.7988929902193,45.83596580234904],[10.798776391604246,45.83604498175351],[10.79568343601851,45.83576566662901],[10.792212344158008,45.8336263969252],[10.791214673849492,45.83345736510794],[10.788646117726522,45.834356608948426],[10.783813688926758,45.83645860015154],[10.781969728289392,45.83798317305566],[10.780255091358997,45.84023487828658],[10.778144518065726,45.84260357809294],[10.777204778688635,45.84302818772616],[10.776571829393669,45.843040980254706],[10.77463094199446,45.84307647061587],[10.77263434446734,45.84291458508049],[10.77119841720186,45.842716276478534],[10.770552058827843,45.84262687752557],[10.769623424879368,45.842384333873916],[10.767872840909178,45.841898220928975],[10.765423425771731,45.841076961814295],[10.76479842777646,45.84084785018049],[10.764195433759868,45.84059620492543],[10.76306494723209,45.839960982548064],[10.76034095413043,45.83763913147229],[10.760042613965494,45.83714672415996],[10.759839215776413,45.83663102484502],[10.7596256421319,45.835819942261175],[10.756350437366498,45.83002690384183],[10.755454390105637,45.830736801205155],[10.752157348989016,45.834224927629045],[10.751049590069856,45.8359920782625],[10.748523600573707,45.83790343217219],[10.74515517266382,45.83994758502369],[10.735926620558006,45.84264107241741],[10.735553304937282,45.84272294848867],[10.735080685220828,45.842721989670615],[10.734889868707066,45.84272021646485],[10.733182114658867,45.84270433170721],[10.731936829552337,45.84265535716085],[10.731723022468728,45.842646755466994],[10.730310729745652,45.84256013727672],[10.725849049391572,45.84212782843527],[10.722506106762172,45.84118978156492],[10.722160873551397,45.84084609227419],[10.722051703240636,45.84070599938019],[10.721803971748528,45.840384311165245],[10.72145479206061,45.84002037718297],[10.7208921530572,45.83958153546373],[10.720564946836904,45.83932636172551],[10.718512206383465,45.83778991972267],[10.717294822691601,45.83690869525213],[10.716981700051457,45.836807132463335],[10.711359898217886,45.8360984023896],[10.711012997834601,45.83606262945394],[10.710679386420772,45.836072306286106],[10.710065332089057,45.83610938457528],[10.709893023043112,45.836119825144245],[10.70942347408009,45.83617380757018],[10.708892115858836,45.83623489532371],[10.707242696346034,45.836443248523636],[10.706802127027911,45.83649914343479],[10.695621772501044,45.83987336038549],[10.692077220481943,45.83740061859559],[10.690427270836501,45.83632088058417],[10.68248991032681,45.8325680465129],[10.677074763561256,45.83094347062179],[10.673620772888087,45.8311680046369],[10.6560655540197,45.83232392349103],[10.654527257711255,45.82756951003542],[10.653862577718627,45.820606043570166],[10.650744467676775,45.81215277584596],[10.648375402959342,45.80787666885738],[10.647581872648116,45.80679466176899],[10.64582857460626,45.80456976671175],[10.645025683089365,45.80368126193161],[10.643828773357221,45.80295985340476],[10.641409401011211,45.80188521312028],[10.635147502135615,45.806671748365765],[10.632191189020523,45.80611554451196],[10.623502744855953,45.806034226574056],[10.611431089757959,45.805162140931],[10.601743351626512,45.80311605346186],[10.599329824409068,45.80144271285377],[10.597677619760754,45.79973524732045],[10.591020105948346,45.798462536301166],[10.59032533928544,45.798298188452634],[10.589707221955626,45.798123029096736],[10.58922621924261,45.79792898527856],[10.589082903950763,45.79787116900219],[10.586067937860655,45.796374101166045],[10.582389956701125,45.79429547477891],[10.58197622403477,45.79182669591177],[10.581148942740322,45.789516194417594],[10.574668338554384,45.78698377704266],[10.564265414356468,45.784564180599794],[10.560094146050092,45.78424682345224],[10.553673584938238,45.78393332165916],[10.545423851039647,45.784659203671126],[10.538416433186516,45.785522467872916],[10.538058901621989,45.7855871473442],[10.537797622569611,45.78563441411053],[10.536028948413238,45.78645974209086],[10.532978035747288,45.787961792565426],[10.532904412763243,45.78858961081956],[10.533671455443525,45.8006480045999],[10.531096122690816,45.80444215120092],[10.526051458460682,45.805613874826875],[10.526670726781681,45.806674458630496],[10.529653207277711,45.80945269820221],[10.531752580058672,45.809404973966544],[10.537284627179707,45.810754849174174],[10.541694117876494,45.81412327885371],[10.543350441765707,45.815722253917976],[10.543800764616678,45.81705566756586],[10.543773067441533,45.81718146063149],[10.543627836874391,45.817647819014695],[10.543266768261445,45.818364077500476],[10.539188676604534,45.821159687158826],[10.536768890279538,45.8225763956472],[10.52934496159497,45.8262317825477],[10.52837304834729,45.82657466027019],[10.524285303142378,45.82712858963523],[10.51847051086532,45.82639648528467],[10.512776548481114,45.82489546170986],[10.50805687758852,45.82390339893823],[10.502827602254078,45.82973396960363],[10.502487139755136,45.83016176877149],[10.502359351320383,45.830377602099546],[10.502255037651224,45.83065324674546],[10.502204905981309,45.8308505307077],[10.50215534694145,45.83104556593809],[10.502102931007789,45.83131689710879],[10.501976606708276,45.83204585479643],[10.501959374634135,45.832172847151824],[10.501966087890464,45.83226663884295],[10.501977118334256,45.832356407165406],[10.502244494528085,45.833834619976955],[10.502481805792767,45.834733930135464],[10.50259172464832,45.83512052044508],[10.502964700679005,45.83616120092297],[10.50301224142197,45.83624440878234],[10.503070516191645,45.83632804153607],[10.503504396859299,45.83694909508486],[10.503559413638603,45.83700890963323],[10.503657803451746,45.83705915348849],[10.503710705071429,45.83708375090753],[10.503801351665288,45.837124509026765],[10.506555034489809,45.842410610824025],[10.505092810887243,45.85014794992196],[10.503924160803578,45.85570401397754],[10.501634242229882,45.86094798626526],[10.501696292760975,45.866863373532155],[10.501718375863515,45.86711193846609],[10.501747726028022,45.86739883070747],[10.501772806512818,45.86763285707255],[10.502293338446664,45.87104384647275],[10.502414982991704,45.87140547115676],[10.502758485596921,45.87213816578996],[10.50292046781104,45.872393088668275],[10.503376663189457,45.87310527863601],[10.50352807828235,45.873326407276906],[10.503702059283155,45.87356778624721],[10.49110595474364,45.8822826359692],[10.490871151720766,45.882752408533605],[10.490305882167315,45.88390283432178],[10.490153196678952,45.88431152064145],[10.490042391426249,45.88461082506547],[10.490046515424535,45.88504954502938],[10.490115844448475,45.887077458537696],[10.495935598054876,45.89974091628117],[10.49896161758049,45.89950369780074],[10.49930668022909,45.89954969485329],[10.499758879891257,45.899609971651316],[10.500139920980686,45.89973210965846],[10.500407856305848,45.8998179923474],[10.501072716580705,45.900035409696756],[10.501952021135288,45.900348836154684],[10.502352231065764,45.90060308921923],[10.502406932904607,45.90063784123056],[10.505941800208797,45.903030323260374],[10.506095324184427,45.90315213236308],[10.506162819160197,45.90327293778198],[10.506175877782136,45.90344377055791],[10.50732058807602,45.90715805321093],[10.510698687641172,45.91543870352446],[10.510845562724985,45.91558073452826],[10.510757561304313,45.916239719512596],[10.51067386855797,45.91655689476765],[10.508568122550688,45.92356617275588],[10.50746477785615,45.924837131297565],[10.503029213001403,45.9269111815957],[10.50106209566511,45.927675972985035],[10.497953703822951,45.928814918395695],[10.49642181025919,45.929469475638406],[10.493274572802086,45.93161601375833],[10.491405488165432,45.933008726154824],[10.49123592880267,45.9332279632101],[10.491435424235261,45.94195295124936],[10.49037269416409,45.942066663407445],[10.486150458654738,45.94282899853975],[10.486118314717737,45.94287557675945],[10.485999763772893,45.94304753742486],[10.485708404266962,45.94347849159305],[10.48524297484477,45.944219325262175],[10.484706148839697,45.945114741720516],[10.483261814771453,45.950527715890644],[10.48461678702888,45.955287874847436],[10.486165641184662,45.957967948816986],[10.487926702010961,45.96014555644061],[10.489416997920976,45.96377401148351],[10.488558033420215,45.968736717505],[10.486604668520043,45.97115832980362],[10.486332731755978,45.97106048878097],[10.486002520026291,45.97096093438549],[10.485250013031552,45.970796638377344],[10.484644748691029,45.97067769576012],[10.483250127865157,45.97041330735497],[10.482553419212554,45.97030378964164],[10.4801672068228,45.96995387624508],[10.478943648237712,45.9700554975422],[10.478257521993918,45.970152457980845],[10.47686927850683,45.97037720453763],[10.476200172395476,45.97048557114117],[10.476109979144896,45.97050932219792],[10.4648536172852,45.97354382409718],[10.457951313782303,45.975432189208014],[10.453407896568327,45.97655253507667],[10.453008653844238,45.97718263908474],[10.452866714081901,45.977430716772105],[10.452488421694094,45.97809715379699],[10.45232715426317,45.97910397871371],[10.452167914566344,45.980348773305124],[10.452270943522414,45.98241010582067],[10.45300035158515,45.98888857238244],[10.453354470967861,45.99105972118177],[10.457401661239357,46.00280864772641],[10.45725968750111,46.00478168272785],[10.457093812650697,46.00804787690666],[10.457158634530932,46.00855449452432],[10.45730488769672,46.00906416784763],[10.457327062727911,46.00910294869466],[10.457573442455407,46.00950798008178],[10.457952196041239,46.01000290405027],[10.458061718190823,46.010139109611245],[10.45829212948825,46.01042516759698],[10.462491742149442,46.0148899193791],[10.462699144157689,46.015108422109584],[10.462982435010739,46.015404669637654],[10.46469959986251,46.0170175553853],[10.4648799918874,46.01716700258907],[10.465051343369222,46.017305161887634],[10.465387513113164,46.01754739160602],[10.465862460168927,46.01785778686743],[10.470374942393075,46.02079749913462],[10.470815724083545,46.021082650432604],[10.471532447968242,46.02136221269561],[10.471859079240815,46.02142466384762],[10.472124999805336,46.0214599310438],[10.474172686803016,46.02132440029088],[10.480773979987445,46.02107269666915],[10.480982156443629,46.02108255613],[10.48149987680243,46.02110707459038],[10.482041586664883,46.02124418435909],[10.482572230559958,46.02139374680088],[10.482662938095778,46.02141931280176],[10.482763845025012,46.021464855105556],[10.483044321940653,46.02159144220529],[10.48329223745805,46.02186371436723],[10.484399616221964,46.02399594597858],[10.484760246807955,46.02510645366561],[10.485392300280017,46.02722692823288],[10.485948295436614,46.03005459074472],[10.485107906004348,46.03741384529271],[10.483813314244866,46.04396005672847],[10.482087891481163,46.049738483296984],[10.483040034806855,46.05724077654225],[10.489406254103239,46.065056438712446],[10.50367539487301,46.07227161634928],[10.509191437406512,46.075232306232785],[10.51360489765504,46.07843195768948],[10.518092480515936,46.08280224525214],[10.520034639967019,46.0863002980936],[10.522368110611305,46.08869819697114],[10.527393029925046,46.092195676921435],[10.533605429731855,46.096364703105586],[10.534155486214516,46.09661021346323],[10.53453878148082,46.09681629094675],[10.535274537462737,46.0973423790055],[10.53531049140742,46.0973686988961],[10.535743272718939,46.097731176371354],[10.536196684499537,46.0981471598103],[10.539887488805597,46.10160021914148],[10.541683786360252,46.10402843682288],[10.547892033914431,46.11564880666692],[10.549692990943722,46.11998443452497],[10.550697542956343,46.12370880728318],[10.550644830159394,46.12601022514165],[10.549604369147511,46.138295976090866],[10.549160220157502,46.13849600786981],[10.549060946136468,46.13854197856626],[10.548578874850422,46.13888726232084],[10.548103012401489,46.139261972631495],[10.547675835658849,46.13963663364085],[10.547555660751547,46.139750082825266],[10.547265487488488,46.1400240993489],[10.546871494584465,46.14044994874686],[10.546274332572658,46.141146350876824],[10.545924229298686,46.14182127711531],[10.546579643581818,46.14431957791171],[10.548132108163058,46.14616564597434],[10.554321253204854,46.148775849049834],[10.554923263985888,46.15253955483623],[10.555434771093042,46.15486357396136],[10.557265708341241,46.158609064673655],[10.558276647406657,46.160625055892154],[10.56049314866557,46.16341627468557],[10.562343072507216,46.164960961616956],[10.562992689598499,46.1651961481135],[10.56359426246005,46.165417964987704],[10.564148688895093,46.16567223700346],[10.565072414377573,46.166369035749476],[10.56524285316227,46.16651549765301],[10.56527983577729,46.16654746121961],[10.565365197014726,46.166631177602774],[10.565400125390552,46.166669671920005],[10.565394916902203,46.166838648456846],[10.565311069221455,46.16697142858768],[10.565243137665385,46.16706426553726],[10.564775231918091,46.16767363569643],[10.558020145409802,46.17644159812735],[10.556907422352884,46.17774391464593],[10.556140818951805,46.17859723493165],[10.554552364119603,46.18026991268091],[10.55412610553789,46.180595719603275],[10.554060544284221,46.18064043571027],[10.55349823669555,46.18102175822178],[10.548671365188659,46.184200375737866],[10.546361811478073,46.18571897412072],[10.543736824471567,46.18744040489869],[10.54137877154291,46.188625529361424],[10.544956358300885,46.1939697486855],[10.549357254671747,46.20462791366576],[10.557932239257765,46.211464254363335],[10.562316807048813,46.21460762051601],[10.568707968510209,46.22044043895918],[10.570446972326113,46.22206899022056],[10.570405092224382,46.223208873457075],[10.570690634974374,46.2245948787003],[10.568930970610058,46.22926101593398],[10.574588899637256,46.23699630356106],[10.575042607471596,46.23691331930804],[10.575467434626677,46.23698090000176],[10.575544073391137,46.23699849635692],[10.575920305772264,46.237091967109535],[10.576097558455094,46.23713600328349],[10.577974366827366,46.237972276005685],[10.579928622728223,46.239120454974326],[10.580597399847294,46.239533272571286],[10.580746937711313,46.23962557705489],[10.580903543407844,46.23975416652712],[10.581199074775808,46.2399972954295],[10.581388716535075,46.2401974568861],[10.58148126108064,46.24029551336533],[10.584895180389493,46.24481078203451],[10.585054170682982,46.248696729252096],[10.582502885652026,46.256832098899736],[10.576295929391097,46.27266825305263],[10.571624083485089,46.276340474249245],[10.567142312550994,46.278259877719144],[10.562032047961937,46.281639503479035],[10.560479181244922,46.284520563258496],[10.563090650205051,46.28741796631764],[10.569058344915016,46.29159443821131],[10.579572499444174,46.29882843410151],[10.579033400465896,46.30047693514333],[10.578053791006946,46.30242462765908],[10.575633381612693,46.30563967464325],[10.572727014502775,46.30685504907923],[10.566436410124878,46.31162763658706],[10.564859945411689,46.31301449787809],[10.56451047433982,46.31362419720756],[10.564111693807003,46.314830240239836],[10.563863268329907,46.319457703767974],[10.564588266485966,46.32209109324698],[10.563034440731984,46.3272996950715],[10.55062189903914,46.33265745085842],[10.533419733311357,46.33940064053218],[10.521012938051149,46.34354261415436],[10.515714830514044,46.343217878670906],[10.515782360314136,46.344666566515706],[10.516030899863265,46.34646882753955],[10.519241273394357,46.35531341431163],[10.519255480272049,46.3553395296093],[10.519473381644536,46.35573933011393],[10.519496375754327,46.355762122817076],[10.519872597285373,46.35597556990444],[10.520395133157026,46.35613402087307],[10.520869457925144,46.35617445757386],[10.52847454802398,46.35680515714393],[10.53021183274355,46.35674229970087],[10.53282562310486,46.35637842590913],[10.533046587439642,46.35625761263426],[10.533511983572964,46.355743445533484],[10.533799847507334,46.35541116742973],[10.533979530790878,46.35510483617502],[10.53405622952091,46.35487683776376],[10.534176968391236,46.35446562888844],[10.534254323523713,46.35428537875113],[10.534334851905975,46.35420039705392],[10.534540273835587,46.35417093174209],[10.535939692032292,46.35412165296696],[10.53659880849542,46.35411187434239],[10.537700784813651,46.35412549757539],[10.53875873724064,46.35432230597819],[10.539197961845764,46.35443851887729],[10.539238006409642,46.35445167943425],[10.539645863496501,46.354613046197194],[10.539890531002445,46.354711899270036],[10.53998645020162,46.354753544134255],[10.54031046013952,46.35490465211863],[10.54096899434888,46.35521176626803],[10.54101646075035,46.35523390259499],[10.541118623717411,46.35528669786135],[10.541260254084015,46.35536762665179],[10.54152773787934,46.355523488284135],[10.542808705403582,46.35628039022051],[10.542942283405177,46.35637088541226],[10.543201445546387,46.356557559586165],[10.54325009042657,46.35666939128439],[10.543934448823268,46.35886588537653],[10.543606937401814,46.359301544759354],[10.542319489727568,46.36061039442067],[10.541980575191571,46.36089903876591],[10.550691434601273,46.36704979165172],[10.561266218354094,46.37422995918329],[10.566690202947926,46.37777200054287],[10.56704359933294,46.37792851385598],[10.567371862299222,46.377893986777906],[10.570017896402081,46.37712495435509],[10.570098453193658,46.37710004242788],[10.57021193848683,46.377064615406276],[10.570477966237249,46.37693134746423],[10.59254760276575,46.377210608766205],[10.598055279720734,46.37738586228819],[10.605985142405313,46.3792292670345],[10.60858372994036,46.38376642364303],[10.610809149436927,46.38726351127879],[10.618511318506133,46.39315912236112],[10.628920126150122,46.400808395218036],[10.630984331495778,46.402286979355964],[10.629425762596519,46.405548499176945],[10.628225596267702,46.40767575476889],[10.623408485641749,46.41124205731845],[10.619225938274763,46.41439905485659],[10.617945697116753,46.41739653714396],[10.616822526092989,46.42685465419009],[10.616462598988136,46.429967967919445],[10.619218474519434,46.43687806556347],[10.61662424620834,46.442032063034056],[10.616593057176157,46.44251756553722],[10.6165663705379,46.442990775382604],[10.616622713577963,46.44363657438981],[10.616760687574654,46.44389578387595],[10.617302389614826,46.44440407448254],[10.617328807233498,46.44442778072594],[10.618366669173234,46.445329647855324],[10.618905395166225,46.4457699873967],[10.619376600721427,46.44614454793575],[10.62183400234232,46.44796363770563],[10.628531838730968,46.44656247063287],[10.638106990440564,46.44550761480013],[10.638590309282375,46.44589221315936],[10.638824595361362,46.446078406922396],[10.639085583807205,46.44623087039031],[10.639352115137221,46.446314392568716],[10.639451528663537,46.446343175082696],[10.639544350033946,46.446369908279216],[10.639639060061677,46.44639718490564],[10.639978699968804,46.446487438468495],[10.643525951964005,46.447391654458954],[10.645137908128206,46.44778029562643],[10.651893180999977,46.449106767574904],[10.654481108165763,46.449596288636315],[10.664834727809634,46.45149973065526],[10.673265531679586,46.45131998182419],[10.683282502651547,46.45040193500978],[10.689284496853675,46.45375133346617],[10.689901617371277,46.454744406361556],[10.690934776126849,46.45574288060037],[10.695496204943078,46.458040820112494],[10.710265269272927,46.46091821524121],[10.71692179614968,46.46304139823081],[10.735005657712176,46.477599990076186],[10.73970716458112,46.48178752736699],[10.742829462883897,46.48395181008519],[10.743333230366138,46.48422312496797],[10.744733498045584,46.484848528317855],[10.744905914195515,46.48491911874852],[10.745234646570283,46.48501309767707],[10.754058837565179,46.48593133741305],[10.759977240869208,46.48643407260723],[10.764977286690723,46.48595719087127],[10.768337618408536,46.48147222673267],[10.777300949256606,46.472270515184704],[10.783519537361723,46.46246293664103],[10.789552406014971,46.453809890916695],[10.793150117504998,46.44947386138333],[10.797070112945027,46.44483618349143],[10.797579371271986,46.44448619231871],[10.798371950343068,46.44404173339985],[10.799102048996046,46.443642624129104],[10.800380528513614,46.4429661421639],[10.800625978144158,46.4429082848859],[10.80126120732505,46.44282628184127],[10.80474931156738,46.442402278177724],[10.805385703907254,46.44235623327544],[10.80775954237986,46.442197330495894],[10.809153843188119,46.442134672369875],[10.809429288715117,46.44217478993621],[10.822239640207439,46.441800858726815],[10.837940267611566,46.43909258614556],[10.852517044244966,46.43866343189346],[10.857780965328228,46.436827944806865],[10.861324047844814,46.43613132781052],[10.86290472369916,46.436831574921044],[10.863811007964967,46.43724870688367],[10.864907376144894,46.43776444522221],[10.865796311587728,46.43826096869957],[10.868194550632461,46.441139806286294],[10.868798193668676,46.44201194638167],[10.879992086409459,46.44762629575185],[10.884884530200909,46.45005267286434],[10.885402625538571,46.44919968110339],[10.885630926196374,46.44888201209362],[10.885873744147768,46.448544754315066],[10.88640876071041,46.447824944101505],[10.887158752780236,46.44692158369564],[10.887274007292756,46.44686568015527],[10.89146286147147,46.444923690816374],[10.891963635315172,46.44472826500001],[10.892223004764366,46.44465091783128],[10.896301399991163,46.44422739168289],[10.89677645081681,46.44417947447441],[10.897458952054023,46.44412578157036],[10.897653292792594,46.444111649981465],[10.899481352493149,46.444089571968],[10.908898369241697,46.444022152911344],[10.915619438144853,46.44533253872902],[10.923582314608376,46.4496984894972],[10.92680508674682,46.45136299098926],[10.932212670816632,46.45355660785139],[10.93131030756712,46.45688504801681],[10.935736943879473,46.46520704951634],[10.937180529083358,46.467081515779284],[10.937298951691366,46.467115505089055],[10.937569855291422,46.467080453525064],[10.937610375322993,46.46707512020372],[10.938565292075872,46.46683286731961],[10.938759745990891,46.46678305069098],[10.93912029188329,46.46668864219913],[10.939726329889508,46.46651636529722],[10.944721812635617,46.46707948735106],[10.951694036035882,46.46900340771741],[10.955772969655316,46.470157901759684],[10.95623391569192,46.47031307630008],[10.956284142802856,46.47033168540469],[10.956563705658548,46.47044095867162],[10.956695313940438,46.470519414465414],[10.956764576928272,46.470563775579386],[10.957161431361826,46.470858603361066],[10.9574580439452,46.471120481246466],[10.957556219496041,46.47120726721522],[10.957641758409762,46.47129167840825],[10.95778669232554,46.471434782081694],[10.960041099979147,46.47366673216463],[10.962839546456511,46.47781081748846],[10.963752949550331,46.48016388619486],[10.967130051666558,46.482049786183644],[10.976268712342009,46.48400713745747],[10.978665304019442,46.48394778476944],[10.985257818027453,46.48362641092918],[10.988561601372249,46.48345048454162],[11.005358553028719,46.47704485325602],[11.005596760652299,46.47693800708942],[11.005858805049883,46.47680406121832],[11.005980250332703,46.476686409980054],[11.007384110816131,46.4745478779791],[11.015857321712547,46.46798625344223],[11.031076864640731,46.45962432840115],[11.041038504138799,46.447434075325276],[11.041239306765833,46.447236182834544],[11.041382369197944,46.447137350837615],[11.041459513642648,46.44708411396981],[11.042083319743975,46.446659717418456],[11.042418954352025,46.44654708344342],[11.046046695865712,46.446412103019526],[11.047174739515157,46.44638264064946],[11.047310223544414,46.4464030436648],[11.04750552485138,46.446458788900394],[11.047582295366784,46.446498017973404],[11.04899058708454,46.449447495434804],[11.053634941709152,46.44960307148723],[11.054566527426918,46.44950171330049],[11.061392693973845,46.44726270487367],[11.065522230080921,46.44508333255481],[11.06566294991779,46.44479525645185],[11.065831261835598,46.4444767414996],[11.066165039347087,46.444127527809336],[11.066524020687897,46.44378708695415],[11.066754730926588,46.44360115189782],[11.067069088895748,46.44336199303924],[11.06755173983355,46.443109208550965],[11.071730048882499,46.441794278175195],[11.072672043168827,46.44152145402901],[11.072821779377495,46.441494752534254],[11.07295306936197,46.441544505881744],[11.073108432517332,46.441603824162634],[11.073182258460363,46.44163205375583],[11.073289939520215,46.44167656309755],[11.074853607411947,46.442346924806536],[11.07495238400341,46.44240553239078],[11.0750242891445,46.442525351094154],[11.075142477314184,46.44278973257704],[11.075395129292126,46.443424919095726],[11.076120288483468,46.44543553639756],[11.07627478058167,46.44592011111069],[11.076236599034024,46.44610839189602],[11.076223967294535,46.446169611132234],[11.07594494965126,46.447376669958324],[11.074500253681217,46.45262121561524],[11.07329291962558,46.455537106950096],[11.07124957793885,46.46002570462659],[11.06660917232177,46.47226499786766],[11.065742180638082,46.47601028247463],[11.061851094840845,46.48667594136218],[11.054523498938584,46.49519065728445],[11.049364168357561,46.50522918196007],[11.049005948317753,46.50704178361657],[11.034577828964672,46.51378580700452],[11.034779162583325,46.51408061701802],[11.044092695698575,46.516815295729785],[11.04413770818004,46.516818324033146],[11.044278716015084,46.5168264570079],[11.044730196092264,46.516847715351005],[11.051020099302432,46.516598448005034],[11.054855800857927,46.51630794201024],[11.064625387685137,46.52235121167089],[11.06468476032629,46.52240273091878],[11.064828462999218,46.52252742308468],[11.066368629352326,46.523849471478464],[11.067308336050937,46.524379303252],[11.076591729280878,46.52916603997835],[11.079976924272838,46.53085153111594],[11.081608076795826,46.531283151342116],[11.08242575953532,46.53137457877241],[11.084885780896144,46.52440537887437],[11.087239885589778,46.51446854024368],[11.08842440068791,46.50945783821604],[11.088302093059221,46.50894962157765],[11.088284590630623,46.508803491235646],[11.088231930208748,46.50836316170469],[11.088209549828647,46.50780584534385],[11.088232780309859,46.507011005238404],[11.088273346367881,46.50591690483916],[11.08833798941691,46.50433366432638],[11.088342285924108,46.50425011850462],[11.088361067959516,46.503924869008216],[11.088475842606934,46.50314294320127],[11.088491125981761,46.503040782960895],[11.089280410297365,46.50203308895562],[11.089447390139197,46.501847879491244],[11.104075947366555,46.49621616219396],[11.107935477817751,46.49666687123111],[11.113759522784276,46.495439542066826],[11.11954140113868,46.49152716467696],[11.12404507857223,46.48835355871728],[11.124989953955957,46.48689035213376],[11.127244389876825,46.48403082311563],[11.129098289712514,46.4824787626842],[11.130741349524255,46.48209657493709],[11.13402833056813,46.482616482305815],[11.149128932303768,46.48559982085607],[11.161527591654627,46.49160749728483],[11.172890078790886,46.497358121655],[11.175271186366436,46.49774116206239],[11.175679010173448,46.4978368978536],[11.17631925856084,46.498000213455356],[11.17839164227231,46.49869872892893],[11.178606239055837,46.49877113437637],[11.178890270926741,46.498981990699086],[11.179069246304408,46.499121150433176],[11.179135380671656,46.49918701917203],[11.17917164046766,46.49922442546723],[11.179515590558982,46.499607695568415],[11.183809733428422,46.50441934153834],[11.187041957409084,46.50876054674063],[11.190328284908338,46.506175961529046],[11.194807521535889,46.50333546582312],[11.199619563606506,46.50049576880146],[11.206155587217136,46.496960522025546],[11.210786088589224,46.491120003336476],[11.212178109568823,46.48295271442955],[11.212333354144079,46.4818832304436],[11.21236274703822,46.48164416010452],[11.21239019875505,46.47891169472554],[11.212239957592567,46.47738825865124],[11.213793998750836,46.47802551050491],[11.214693884096917,46.477607582412126],[11.216633310291312,46.47508153783558],[11.216892227269794,46.47472101450563],[11.217144517731517,46.47430479249117],[11.217740732308012,46.4731105824914],[11.217855291754647,46.47285736715112],[11.219485785908066,46.46820130697076],[11.220355835876466,46.46267945864857],[11.220421326065683,46.46204820089616],[11.220394708610664,46.46029985168656],[11.219842232098003,46.45889598816281],[11.219095948364535,46.45719599287527],[11.218663636135371,46.45669139096065],[11.21854085834329,46.45655191014006],[11.21843881652775,46.45644825431385],[11.218306831051377,46.4563248161497],[11.21817963508451,46.45623729372961],[11.21798674626792,46.456178036643685],[11.217694112931781,46.45610720894168],[11.21237046355527,46.455358160054956],[11.212957192218685,46.450547437601216],[11.216122108391342,46.44853537273854],[11.21697100489607,46.44369050373698],[11.217761096026553,46.44188228036245],[11.216489509799352,46.43766196479917],[11.215929850429953,46.4363086686912],[11.214710044030173,46.434290970910716],[11.211868987466582,46.432944937513035],[11.207430819397477,46.42894695892662],[11.205631534374646,46.425957164243684],[11.208507179316348,46.424345833496105],[11.21079679257324,46.4223847418923],[11.211018807643432,46.42208759585568],[11.211658615104959,46.42108873916139],[11.211713633956032,46.42099636870678],[11.211758013314098,46.42091959049334],[11.211843744846126,46.42064943633405],[11.211834852996134,46.420085824706845],[11.211774625604509,46.419799414705324],[11.211756280951835,46.41972174861014],[11.211660030025312,46.41944601835137],[11.211608491963796,46.419368260052465],[11.211552237587211,46.41929499757985],[11.21144194706346,46.4191548169399],[11.209101850737705,46.41648494005955],[11.207847798070635,46.41644617046825],[11.207632633765071,46.41650558887462],[11.207539002736732,46.41653304444878],[11.207295279897806,46.41661606906021],[11.209359544180657,46.41441813646238],[11.214125356165953,46.40810328824377],[11.214693236068454,46.40321522643413],[11.214251714291548,46.3983461536604],[11.213704400987304,46.3969784846932],[11.212513153325327,46.39470205568515],[11.208925855241743,46.38836257751713],[11.206812610727921,46.38752678337168],[11.206566982348889,46.384377023416086],[11.203589055012278,46.37839449011889],[11.200946624791293,46.37344689547619],[11.202836051767429,46.36966683991944],[11.205637308270102,46.36716818153334],[11.203630498839974,46.36618221767696],[11.20211928007689,46.36544699223721],[11.201854249345125,46.36532628426622],[11.201677382375681,46.365287813061144],[11.201619245662474,46.36527542739458],[11.20077315217118,46.36510383257681],[11.200374338459193,46.36503577886074],[11.200183539988796,46.365006678016925],[11.19947943499406,46.364907598959874],[11.197866784627523,46.3647720676317],[11.197757376971557,46.36476443422006],[11.19769911159323,46.36476494254121],[11.197564797262661,46.36477428767944],[11.197417837524881,46.364816147341436],[11.197303648466072,46.36488597996461],[11.197116770051336,46.3650016206457],[11.19601453075621,46.36526445705929],[11.194659537298547,46.36526955639253],[11.194324265081464,46.36519047839499],[11.193757797010127,46.36502596500103],[11.193706182300913,46.365004069353546],[11.193588097535972,46.36492551860137],[11.193166905378565,46.364578432206876],[11.193056532372994,46.36445904809254],[11.19298202610035,46.364302977222465],[11.191648815559494,46.35994104377501],[11.191792014987977,46.35927256188258],[11.191853324674431,46.35900152324202],[11.192716269589077,46.358237797283465],[11.197252290827835,46.351746127432456],[11.198966829793578,46.34955845731414],[11.203562197486463,46.3423710339329],[11.201773345393988,46.33934788558126],[11.19740420375805,46.33209809484166],[11.190483902070657,46.32754524173657],[11.185616147350641,46.31737836625231],[11.178452232283355,46.306818544945486],[11.169424974528056,46.29925652148942],[11.162818848598265,46.29142407748482],[11.162345234279055,46.29104539068832],[11.157404626849713,46.289317071737145],[11.151145597163634,46.28868155382306],[11.14429618824963,46.288362249733474],[11.14367165999033,46.28839153409247],[11.141310249409901,46.28634778168108],[11.14107985959076,46.28614237716136],[11.140891238832927,46.28597319301461],[11.140612730102374,46.28565386930689],[11.139082510704572,46.28389647152009],[11.139001545152563,46.28373093478522],[11.138953637984205,46.28363289975946],[11.138844416539056,46.283401607289434],[11.138810627388004,46.28333005288533],[11.138851824043149,46.28331376020307],[11.145251630047028,46.281769310425624],[11.146770598088981,46.28117217364902],[11.149666483874595,46.2799773791305],[11.149730179431117,46.279943012655266],[11.14977692714606,46.279916962505915],[11.149970824306179,46.279803170804016],[11.150030487422047,46.27975363731928],[11.150188214913697,46.279618057655995],[11.150291040898638,46.27949511200412],[11.150668912999349,46.27903763895711],[11.152773738858134,46.275630277476154],[11.155582028671352,46.27262033844872],[11.159833063271686,46.26812498167102],[11.165937128148892,46.2629047508199],[11.171530642073138,46.260463388566514],[11.174280370960432,46.259402103249705],[11.17679590350978,46.25945505856494],[11.18408939787007,46.25906006262549],[11.194946146439966,46.25812251413044],[11.200759568330051,46.256747310748246],[11.202378391912166,46.25560463043456],[11.199532415258858,46.25383155378931],[11.197073261640249,46.25109780948888],[11.196476867246984,46.250302000471315],[11.196392742504706,46.25013410166064],[11.196356878883629,46.25005406249538],[11.196318797918643,46.24991079611764],[11.196313702654463,46.249811435203235],[11.196311219182215,46.249762435279735],[11.18989094825627,46.2500074357551],[11.189868333908759,46.25013697738664],[11.189839142278528,46.25029165038237],[11.18959113454176,46.251086325541515],[11.18931226584608,46.251926276513565],[11.189186365360793,46.2521041874379],[11.188948687857197,46.252284248338135],[11.188534085205358,46.25258469291245],[11.188316642278368,46.25272606270643],[11.188242220293622,46.25275570260944],[11.188017977485856,46.25277403847262],[11.1878698890202,46.25278188149574],[11.187319954965268,46.252801935576656],[11.187273628208128,46.252801020440295],[11.187083027802563,46.25279696960179],[11.186415960201636,46.252778676312424],[11.186134307126837,46.252722230483236],[11.185898249465255,46.2526173132342],[11.185558680823133,46.252444597366214],[11.18535184127847,46.252331051482834],[11.18520555220902,46.25225058244547],[11.184546142057226,46.25188697952271],[11.184108596361911,46.25162140038577],[11.183588206187533,46.2512887821656],[11.183517216618338,46.25120660571585],[11.18348962454639,46.25117465920952],[11.183450563218027,46.25112943239879],[11.18270742206735,46.25018059040722],[11.182513618073834,46.249873784129335],[11.18241766176525,46.2497148654641],[11.182288046316197,46.24950009236896],[11.182161826503505,46.24929017830449],[11.182055318915515,46.249113022039],[11.181906584705162,46.24858913172228],[11.181637372722065,46.24590338641794],[11.180671413592306,46.24317368409636],[11.17646390171223,46.23897129064507],[11.174576126857021,46.23924972185862],[11.174244774210843,46.23502147970332],[11.174638615444174,46.23266762860512],[11.176059172085367,46.23144089199886],[11.176823951499788,46.2304656438376],[11.177992100344238,46.229553105726794],[11.18265118525157,46.22644818793213],[11.184983677909356,46.226241609611705],[11.197185562205785,46.22390260114813],[11.201654051871582,46.22287251129227],[11.206429176358762,46.21977239692105],[11.213751755753702,46.2216243117401],[11.239643500394713,46.22843538376966],[11.250246939135396,46.234026810788265],[11.263433869723093,46.24165298388462],[11.268179294887005,46.245290637695746],[11.274017778512633,46.25092904485069],[11.275103324578295,46.25184955093457],[11.275163979807413,46.25190074904761],[11.285118163631138,46.257988756084515],[11.294307760447085,46.26090067277955],[11.305616482608775,46.25876708298501],[11.310129560519838,46.26535271506045],[11.313650312393156,46.27026784574417],[11.315767050108626,46.27302052907389],[11.315851212729392,46.273272522894665],[11.315776864428337,46.27352855791572],[11.313922970060005,46.278900535541254],[11.313724340517078,46.27933991971252],[11.312815106307166,46.28001089623674],[11.312384006446496,46.28030013930075],[11.310880403773465,46.28128104928434],[11.314830796777246,46.284779759247726],[11.316593690501508,46.28572511855927],[11.31918617475113,46.28787766268867],[11.3209643994856,46.289555937241225],[11.322699860206633,46.29126066495503],[11.323188228878182,46.29226991054337],[11.32323195052191,46.292618435855466],[11.327461834759491,46.29325837125884],[11.33141182170028,46.293926764404965],[11.331741568896451,46.29399642409945],[11.332041326896036,46.29410947101958],[11.332146699194475,46.294216463470605],[11.332529119388552,46.29487553063957],[11.33237883537727,46.29536315112492],[11.332315757177556,46.29537847794181],[11.332207839962782,46.295938255746165],[11.332142058269529,46.29641400262686],[11.332130472461532,46.2965090796226],[11.332140090673802,46.29657435892614],[11.333349613580996,46.297500459572554],[11.338070021677412,46.29871064099576],[11.3382509191346,46.29873281446051],[11.338791698321172,46.29879875397689],[11.339873245980217,46.29818969364418],[11.340339179882736,46.2978818875438],[11.339076134384602,46.29625559632859],[11.336795296483183,46.29127955407087],[11.336320726662436,46.28963040817634],[11.338522441869936,46.28637939018676],[11.338962197497052,46.28573137906985],[11.339232783881355,46.28534585830696],[11.340479193352733,46.28358728585589],[11.341551773448485,46.28222228511935],[11.34192619764395,46.2818460962537],[11.343706669842998,46.280702074095714],[11.344440480022154,46.28025501782801],[11.346064992238384,46.279996674756994],[11.34657501607251,46.28008520345204],[11.348897541071375,46.27951504207254],[11.354622615032792,46.27723984047959],[11.356146046437196,46.276446879088475],[11.356203277464257,46.27641384180496],[11.356292436239332,46.27628619806346],[11.356425953292556,46.27605651556171],[11.357166133128931,46.2741485362604],[11.357247384384493,46.273877210274634],[11.357220410690672,46.273045750113525],[11.357110485298659,46.271620350386556],[11.357021252288662,46.270550298685336],[11.358780811550558,46.26566761901047],[11.370232320597006,46.262453192119516],[11.371840400420277,46.26365159708625],[11.372242749080339,46.26381710659288],[11.372380365718008,46.263873670182264],[11.37280294114541,46.26394897389522],[11.37354629847265,46.26398805741292],[11.373616704449027,46.26398836170194],[11.373678222062322,46.263980119431665],[11.37390923521708,46.263934888568244],[11.374259437713427,46.263862565998274],[11.374761042435539,46.26368959886825],[11.375014906771577,46.26355831998887],[11.375948054185294,46.262901581277994],[11.377255783166396,46.26196369024321],[11.384832146212798,46.26192281466633],[11.389610435020304,46.26229100147519],[11.397623886199133,46.26483220151098],[11.39720876706716,46.26672678480031],[11.39710430268876,46.267201148029336],[11.396949386849878,46.26779768504199],[11.396857908962273,46.268148129077574],[11.396366223591576,46.26961968032216],[11.394673276270469,46.27376804189438],[11.394551291379447,46.2739544175324],[11.394360994677182,46.27423381369072],[11.393978982588566,46.274700833073766],[11.393506207047869,46.2751697442044],[11.390870598667965,46.277537964089426],[11.390807271397525,46.277593707247995],[11.389707980610346,46.27856130078222],[11.389676105056266,46.27858347616402],[11.389027632198117,46.27903454267961],[11.38678224374916,46.280102886360034],[11.38496610918891,46.28594151425617],[11.373600044371376,46.29299129410546],[11.37178147948685,46.293272051770934],[11.371032550619555,46.29342727588549],[11.370624239864183,46.293512169650455],[11.368871414972325,46.293883962835125],[11.368201050174008,46.29403215217586],[11.366327049248326,46.29444715593307],[11.36468097228419,46.294812625819745],[11.3607453543628,46.29568762049937],[11.359874635372101,46.2958888094836],[11.35954970031955,46.29596431947049],[11.359499109421629,46.29597716512946],[11.35918044996712,46.29605817412108],[11.359096791203832,46.296079474851894],[11.358932150459237,46.296122489785],[11.359074503348095,46.29850317165212],[11.359104936419774,46.29875945798369],[11.359150215096157,46.29907791817466],[11.35916019131266,46.29911731584284],[11.359190527211997,46.29915832094255],[11.359221667640146,46.29919910061986],[11.359275866594706,46.299269689943564],[11.359533720294067,46.299604489473985],[11.360218729952637,46.3003515704636],[11.360746364502646,46.30084468155879],[11.361074966607081,46.30093689326597],[11.363583579136376,46.301596043576076],[11.363684416906036,46.30161651422871],[11.364146884939414,46.301710394264774],[11.364465843677614,46.30169511004206],[11.376919785897172,46.300995423969944],[11.37750205377854,46.30094731238404],[11.37764758441881,46.30095249813435],[11.378139316664756,46.30097005146305],[11.378979650111289,46.30109242392364],[11.37970748094556,46.301198408994786],[11.381383992239346,46.301545949584515],[11.384890727267939,46.30244037362433],[11.385342011246532,46.30266496464002],[11.386001009893162,46.30304193061183],[11.386851174674591,46.30353833709958],[11.396272761861693,46.309726394570355],[11.397167013926833,46.31083307465657],[11.40290297541044,46.322925362052615],[11.404251378974125,46.32497402407443],[11.407264950176664,46.32479399067431],[11.413469743144294,46.32481771564488],[11.419122268635409,46.325437397577915],[11.42422639626805,46.326495041794026],[11.435410490727113,46.32967618614061],[11.45234229986651,46.33417834978767],[11.452503711510504,46.33421954212976],[11.452959912872979,46.334336027962266],[11.454472853704761,46.33472614518401],[11.454534185995826,46.334767994587956],[11.454779546036958,46.33493597352244],[11.45481463694987,46.33498583681324],[11.456141431078827,46.336904734449654],[11.458709081239906,46.340845566355995],[11.459189061880512,46.34227525720206],[11.459274587228833,46.34418144443657],[11.459324999747816,46.34530568802044],[11.459308750355497,46.346285265202816],[11.461154264933251,46.349124352925465],[11.461417247020409,46.349381076523805],[11.461852745691646,46.34976405838376],[11.46206805718128,46.349953366464966],[11.462550044529257,46.350266984172976],[11.463804958625893,46.35100494458224],[11.464185925662655,46.35120296507944],[11.464536922838981,46.351385172909815],[11.464986723383875,46.3516176169688],[11.468239077529688,46.3518166096895],[11.46888842620946,46.35182581357102],[11.46921018717655,46.35183018411887],[11.470188595590718,46.351828478532454],[11.470288776414884,46.35182798530642],[11.471487042570507,46.35179929181706],[11.472136103477746,46.35178116341806],[11.472787713322045,46.35181946937108],[11.474314986560861,46.35242528068333],[11.475974608052205,46.353108954694314],[11.476465227926091,46.35332332566787],[11.476931095168695,46.35356523424788],[11.477433526975988,46.35402235243264],[11.479155878252987,46.355623018598685],[11.479555657087344,46.356127350589404],[11.478306713225566,46.36198102785168],[11.476896807816537,46.363931395147596],[11.483703709013215,46.3632444729209],[11.504659456687385,46.35986782288895],[11.510894926350181,46.35883214442114],[11.512003983006313,46.35864549644791],[11.523932581825308,46.356118875658396],[11.526045250951896,46.354160652634036],[11.533182443984908,46.353012557924515],[11.543485532422094,46.34778323545911],[11.552505903863903,46.347240106250325],[11.557246485345225,46.35094541792137],[11.557107261737423,46.35112624237091],[11.556990799944847,46.35136828702488],[11.556763282287509,46.35185144047717],[11.556649137954121,46.3524755625403],[11.557077335908561,46.35679054291133],[11.558672807309868,46.367635080755996],[11.561520946605764,46.37623317785378],[11.56249273498056,46.379106445203085],[11.563162070323468,46.38022815440846],[11.563355704782262,46.38049172559866],[11.563433570769982,46.380596997312246],[11.563510034275135,46.38070033389508],[11.56359125150705,46.38078087886726],[11.563667145913808,46.38085339353656],[11.564207889072444,46.38128335090374],[11.564324181602094,46.38135214433528],[11.56440427024058,46.381388178524844],[11.564560838281446,46.38145587354695],[11.564832497050105,46.38157300908011],[11.57751863003454,46.38169735350157],[11.5886511968839,46.38351655536807],[11.592573860714138,46.38364221126703],[11.593023070606675,46.383879712427266],[11.59426144201831,46.384514341967524],[11.599322390472786,46.38732716646311],[11.599662235567855,46.38763161157887],[11.59981868879086,46.387773222518554],[11.600208667686646,46.38815313942479],[11.601329325100641,46.389316985763095],[11.601391549264788,46.38938902874377],[11.601723522421393,46.38978688412463],[11.60172691251199,46.39941014465094],[11.607983715785256,46.410192677218426],[11.61629064768198,46.421582841190265],[11.619817837150105,46.42935910361357],[11.61837050498606,46.438043645483496],[11.61804975178616,46.440888442644834],[11.61782948211833,46.44413456666702],[11.62178124590361,46.45470609119296],[11.625993390261426,46.46088875257164],[11.626648618098516,46.46890641587803],[11.626949631079494,46.472033408293704],[11.635247651817602,46.47449585040103],[11.636462923379913,46.47477096315725],[11.64077600899202,46.47524074369342],[11.642970973922065,46.47526935174416],[11.644577706008425,46.472820605679836],[11.646955760501848,46.48037790949884],[11.648720316937055,46.48241536203466],[11.64896741568966,46.482495525903836],[11.649950875640208,46.48283287668521],[11.650059332958852,46.482870792205894],[11.650133177025689,46.482941436126495],[11.650260062599031,46.48306648315172],[11.650086904209573,46.48366478166687],[11.649929207447562,46.483875966861355],[11.6488150091459,46.48496318036651],[11.648044191513254,46.48565347476129],[11.647916064123633,46.48576682172002],[11.647460080900025,46.4860069022756],[11.647106918846543,46.486189225050204],[11.647028746634478,46.48622914262977],[11.644407261285426,46.48743269430479],[11.643626612216332,46.48760814208469],[11.642249504186262,46.49012990802922],[11.639223871039885,46.4929821598928],[11.633443635653396,46.49526522660472],[11.632807724375596,46.49928842138377],[11.639058984171957,46.501818301433815],[11.64409869821354,46.49923682883417],[11.646949803535176,46.49844463298099],[11.650472491620503,46.4981737061615],[11.664834632416516,46.497527539575316],[11.689044630102964,46.503133725582046],[11.70226126651102,46.50725940249473],[11.70621643242108,46.51017748847971],[11.709381462123531,46.51155609224561],[11.714809413641886,46.513507276128486],[11.715731005516345,46.51381294658957],[11.7158328715658,46.513845069369324],[11.71774737917581,46.51158614598989],[11.717865447634107,46.51147672296231],[11.718546019946338,46.510847773380775],[11.719836580534535,46.510182274029766],[11.726667875678707,46.50990920659869],[11.733484568035419,46.50919566459445],[11.743592713311804,46.5049534816691],[11.752556704979035,46.50620296500728],[11.770238846802464,46.50883809637786],[11.78159088248526,46.5106737848541],[11.790637934682167,46.51499984660028],[11.790648189408428,46.51517144024069],[11.790836318368727,46.516555806289624],[11.790953100747183,46.51727446522179],[11.792091921758226,46.51972059444247],[11.792980659918168,46.52129550988654],[11.800762726724658,46.527665268308546],[11.801936096882931,46.528535425682],[11.802737594919092,46.529063399509944],[11.803234157456975,46.529390446551005],[11.804930286792924,46.530275846514485],[11.806172361835266,46.53091332252762],[11.807240785861405,46.5314314071553],[11.80760677018637,46.53160239941969],[11.808190846441418,46.53187528089994],[11.811184710025561,46.532764283990495],[11.811566841712146,46.53264490211311],[11.811864200595199,46.532422114631274],[11.812657656040349,46.530177439790144],[11.817968735400841,46.527857735607014],[11.818293663609872,46.52773750210994],[11.818484416606154,46.527605267289246],[11.818623597944104,46.527508782351845],[11.81875995955483,46.52740466451192],[11.819050752965385,46.52718262652704],[11.821215671030014,46.525409346942965],[11.825489038595958,46.521785156240895],[11.825530553942231,46.519588876942],[11.825521659471248,46.519367947424435],[11.825507004265871,46.51900526122842],[11.82544012207185,46.5184516753894],[11.825350575516653,46.518093094097914],[11.825258913506977,46.517726103124275],[11.825116374967456,46.51723246116924],[11.82528917640335,46.51276888193053],[11.828312394011084,46.50891394061796],[11.824516679314783,46.50513670979023],[11.819216243884975,46.501007774858614],[11.814352315703282,46.49413857771166],[11.810464012822367,46.48507218815163],[11.81039285656129,46.48486540854869],[11.81041742502037,46.48471680357237],[11.810566465411355,46.484245800442245],[11.81107074898403,46.483067780248085],[11.813178632140252,46.47817092634751],[11.81388227137315,46.47777348851686],[11.815143178185707,46.47727932061878],[11.815688719666298,46.47707003014574],[11.816224794429752,46.47686701122201],[11.816286977460118,46.47684656149875],[11.816375574973746,46.476823960482186],[11.816789140525307,46.47672713907155],[11.817310793511234,46.476614253184636],[11.823509423740528,46.47582610869149],[11.830634470642645,46.476042896111124],[11.833356367037169,46.4761994805087],[11.843808149647689,46.475863430913655],[11.852630301127412,46.47511658456237],[11.871088273597168,46.47319042645363],[11.878648405627091,46.47028933445902],[11.882677815419655,46.466321796224825],[11.88378039383517,46.46584431685579],[11.88682569042737,46.464566814041675],[11.887143590749215,46.461951748773224],[11.88812309004847,46.44759886630401],[11.888130602461134,46.44177550055046],[11.873896797077025,46.43439424339539],[11.873001208089955,46.43394876038154],[11.871753741895542,46.43344910599949],[11.870882786414116,46.433214486066774],[11.869949236885073,46.4331616473493],[11.864373476290277,46.43313824846832],[11.861246616879368,46.43371174176332],[11.857264910743746,46.434140324305154],[11.850518719273122,46.43430928930958],[11.850297722980923,46.43418897976769],[11.850290218832246,46.434159748868716],[11.847117989819298,46.42606777325989],[11.840528045030858,46.41896029440736],[11.84024046259649,46.41855202221401],[11.840148398152103,46.41842131869719],[11.83949509249712,46.417483124111286],[11.838851231157092,46.41644113633914],[11.838223186094199,46.41523302549777],[11.838199439006766,46.415061878451894],[11.838400332717594,46.414707047193666],[11.838535238607484,46.414556373291056],[11.839912419564968,46.41331848401373],[11.840314036672373,46.41297851240469],[11.84368945605753,46.409919266855496],[11.842632343784672,46.408837564840965],[11.841096894192434,46.40703962082746],[11.836765987922954,46.40132580035636],[11.832326379905126,46.38759197604767],[11.832958040148606,46.376677158693305],[11.835327493262362,46.367375285505155],[11.835519662350801,46.36612875801201],[11.835343389062318,46.36592009024108],[11.833225992331423,46.366158131186545],[11.832653846146673,46.36631401530195],[11.832505029476753,46.3663554390902],[11.830891895682484,46.36693246699124],[11.825653834783738,46.3710197372422],[11.824941261984351,46.3716229771567],[11.820173197628158,46.376621054154775],[11.819124302940677,46.37638941542434],[11.818692242855414,46.376286221946486],[11.818344872772789,46.376201177767626],[11.81826329878356,46.37618098252269],[11.817773684346049,46.37603876602049],[11.817085565490002,46.37567769230928],[11.817008766197965,46.37561648395852],[11.816881169615172,46.37551192703538],[11.816613142800449,46.37528078685669],[11.816428128810891,46.375119797357726],[11.816121748875078,46.37482931219216],[11.815934133943344,46.37460571985544],[11.815424568212684,46.37378564136393],[11.815161576003979,46.373296976030325],[11.814916013146075,46.372800660681754],[11.814722599259003,46.371782270569966],[11.81479998368489,46.37157673145361],[11.814945164229533,46.37124098838743],[11.813472448206385,46.36760032614325],[11.804461111449092,46.36511520615609],[11.798457744244022,46.36583344327174],[11.790946272611476,46.36666313277082],[11.783727375769699,46.36468514353755],[11.783325570504397,46.364523005042216],[11.782871739460854,46.36431777981637],[11.780248868443163,46.362931549573176],[11.779586179801374,46.362543111932595],[11.776878310489467,46.3604094332221],[11.774378551985945,46.35824165458297],[11.779562365907838,46.351523788318715],[11.790830167754544,46.34747744122584],[11.799982833619376,46.34422943274905],[11.801960716159854,46.340540608804446],[11.802787900903919,46.33432288443313],[11.809947019396546,46.33182312965783],[11.814842424900831,46.3302184362948],[11.820355142438101,46.32847249155544],[11.831891161450791,46.322661438730954],[11.832064497641815,46.3179680066291],[11.832491617445076,46.31240424318824],[11.83462751526942,46.31003411752029],[11.836270448822939,46.30862038142183],[11.83642954549102,46.3084844604694],[11.836735620064937,46.30822356350215],[11.83678201132331,46.30818402153447],[11.841446209692396,46.30634051743257],[11.838358672630504,46.30329434937865],[11.834399239688532,46.29954952369307],[11.832634001073172,46.29733848512644],[11.83144767798968,46.2952604924896],[11.826261275387683,46.28497052595666],[11.826849914286079,46.28400951982529],[11.829828359089364,46.2803893125346],[11.835181422792237,46.27411754036535],[11.840847491807969,46.27007760051908],[11.853587525959046,46.27087635978708],[11.865752608661381,46.27311391546505],[11.872652933941596,46.27599846273543],[11.879461243788306,46.278069082647036],[11.880166808678696,46.27827911564484],[11.882254875425925,46.27874579653676],[11.883001214489052,46.2788425338873],[11.883578748357658,46.27890012739806],[11.88415596050723,46.278904975651436],[11.884227380546381,46.27890353255297],[11.884917482874311,46.278889582553],[11.885194681582576,46.278824683430955],[11.88524794929762,46.278808757467665],[11.88610692207489,46.27761807237118],[11.88691643592832,46.27632346066144],[11.88770279467422,46.27490702176085],[11.888038164222964,46.27424193981948],[11.888291636543572,46.27363859205459],[11.888359036188481,46.272512057165514],[11.887885637240425,46.26849962544884],[11.887462099117982,46.26505922929519],[11.887348534819859,46.26441447984679],[11.887199438919444,46.264076129545586],[11.886802468747824,46.26381631290894],[11.886671134779318,46.26373202426404],[11.88637281720288,46.263542633747534],[11.885997525924266,46.26328812133197],[11.885637299126042,46.26294019429536],[11.885578204257175,46.26285674193479],[11.88530878496388,46.26247564411928],[11.885053411325027,46.26196996170382],[11.885035761483893,46.26193495298248],[11.884913876751115,46.261623245797885],[11.884860300219149,46.26148505173118],[11.884905192748807,46.261073670644535],[11.884942234459336,46.26073423106139],[11.885197682862467,46.260168038793864],[11.885231840201074,46.260094087253314],[11.88546789704187,46.259583114770805],[11.885687766482391,46.25916598768469],[11.886261588504,46.25819042378501],[11.889510862870928,46.25483035985714],[11.891228353524973,46.25316492160328],[11.891743546566637,46.25280044750573],[11.891932548293012,46.252666736227866],[11.891986530220693,46.2526285461465],[11.89431417817727,46.25105310812051],[11.894747395739905,46.250936259796624],[11.896739856733959,46.25164469766474],[11.89844251018789,46.25258705387259],[11.900047230131504,46.2535676854632],[11.900404828538713,46.254090655816505],[11.912619058761841,46.252675152077074],[11.91326078382648,46.25217187500871],[11.913642297610759,46.25192802880506],[11.91582431375726,46.25057965897319],[11.920837291680414,46.248112668920896],[11.921333967196512,46.24789954795895],[11.92151764704236,46.247853383570636],[11.92161645799906,46.24782875040461],[11.922225403690659,46.24782128372949],[11.922835944453942,46.24788621493041],[11.924776229130796,46.24814089407199],[11.927916911556109,46.24859955288698],[11.929099455735452,46.248832888671316],[11.926194581543122,46.24469653058598],[11.925872816336883,46.24426812530548],[11.925639925243466,46.24396013357682],[11.925280908299772,46.24349553128132],[11.92517106766058,46.24336731720141],[11.92481532295966,46.2429533058101],[11.924483475039429,46.242636828813936],[11.924360479312773,46.242519690083135],[11.92390032897368,46.24208144892204],[11.923765500295326,46.24195303873548],[11.923341174382399,46.241582995598215],[11.921841750610092,46.24090473352132],[11.921796146939911,46.240887606544405],[11.921735130384365,46.24086469225633],[11.92154589905307,46.240793757277366],[11.918105595820537,46.238309778950494],[11.914541392236623,46.232580653940346],[11.909569450361648,46.22442755987473],[11.916104426162942,46.221299766022426],[11.920150276044833,46.21995579066535],[11.924239310921406,46.21716938226311],[11.924529857563314,46.21686422831468],[11.924551453040818,46.216841546802264],[11.925645605362316,46.21567794677393],[11.926033140462884,46.215088425521756],[11.926051713151343,46.2150551726677],[11.926158198280996,46.21486450288395],[11.926366110776996,46.214413745768354],[11.926943985459717,46.21202352559896],[11.92776534513037,46.209048176802845],[11.93017066309101,46.20646804450471],[11.934892046901073,46.20194547098574],[11.93840279359238,46.19944733823561],[11.939358748877964,46.198820412219575],[11.939554649438593,46.19877337079593],[11.941971334696321,46.19882043318945],[11.944309480817754,46.19903349433414],[11.952783564389554,46.19941025579403],[11.960468777191876,46.19928753757275],[11.962440718737328,46.19912915983882],[11.962678744290438,46.190539604000385],[11.96265387007965,46.18995162693572],[11.96264458720137,46.189802816183004],[11.962356551299543,46.18841300713675],[11.961842437438325,46.187452425311655],[11.961164091022708,46.18659591856461],[11.959041999290031,46.184837066480796],[11.95577285367551,46.18381986819027],[11.951124015140506,46.176122586300984],[11.951414197304835,46.17523787251381],[11.951720379171501,46.17417706719029],[11.951957049582287,46.17332255801857],[11.952128625716053,46.17270074606227],[11.952076410441492,46.172591361879725],[11.95090321417144,46.170268492680954],[11.950825393949039,46.17011371540331],[11.949476611760963,46.17034289013161],[11.94834752765555,46.17055138745051],[11.941966976189848,46.172443426575036],[11.94034658631564,46.17292785606728],[11.940039645873643,46.17301974954496],[11.937418807123436,46.17383101640286],[11.93662058929297,46.17443609572304],[11.935890628427293,46.17491348021514],[11.935675339145591,46.17503957612361],[11.9356211383095,46.17507041807351],[11.930909198311465,46.17556428825466],[11.9286272411628,46.17580043922322],[11.929449637105447,46.17103904869568],[11.923977316835954,46.163535880517436],[11.921470307899218,46.16144715225652],[11.91832307743235,46.15527148815741],[11.918744817789921,46.15426911440232],[11.91970594987363,46.1519882933491],[11.919825173069945,46.15171224675626],[11.919492509152475,46.14855177109419],[11.907264710332605,46.1401491266719],[11.901243917101004,46.136627498903785],[11.905531549621376,46.13452432354985],[11.896237046369135,46.12429243623572],[11.891765174221312,46.12047547787639],[11.889658173368664,46.1195878304609],[11.880190709054018,46.11762777582491],[11.859602642726072,46.11416642326772],[11.851100475433729,46.11293324205021],[11.850186192610993,46.113008958983535],[11.849858518406569,46.113004649099935],[11.849217535801131,46.11294068624182],[11.848667143896623,46.11285032706017],[11.848199935572724,46.11277265902283],[11.847081224680048,46.11254671059249],[11.846929296736095,46.11251531711828],[11.846338641752647,46.112389786854536],[11.845245788933813,46.112142883291305],[11.843604632792024,46.11175718700446],[11.841532800947096,46.111189350591175],[11.827009286989362,46.10740750712257],[11.82255057774827,46.10789094317686],[11.821083609712757,46.10795441880539],[11.81968189003332,46.107963073990035],[11.819342991827895,46.10788174295506],[11.818956204924135,46.10778845652478],[11.817786754083517,46.10721493012603],[11.816871408518942,46.106576249476234],[11.81645792384925,46.10619134509625],[11.816360477875895,46.10608545386376],[11.816085513102923,46.10578652885739],[11.815448613030638,46.10490715643801],[11.815129427373332,46.10441501537356],[11.81495512343589,46.10391130115874],[11.806583771209043,46.10272345467673],[11.791235798719628,46.1031201881708],[11.785766276273243,46.10286207546899],[11.782316951504031,46.10273117216847],[11.779688950951623,46.10276480775026],[11.777704790469329,46.10305512729548],[11.777158336199902,46.10317662954732],[11.775487691129248,46.10412124066989],[11.775052273809123,46.104379724353834],[11.773484434761482,46.10633480369683],[11.773221995155572,46.106691774530745],[11.773181099637535,46.10627548020479],[11.772918947373208,46.10569731168343],[11.770898323572611,46.10291865528923],[11.76622694979617,46.09930141875203],[11.758691755194706,46.09560120117372],[11.750770099622311,46.105136998533894],[11.744205668264511,46.104487584374894],[11.718022505478192,46.10332868048852],[11.716925258287477,46.103022801808486],[11.716789154765456,46.10293667801592],[11.711467733404234,46.09912024344037],[11.706799365550657,46.09434009796145],[11.705621613618938,46.09306548244901],[11.704530480378834,46.09185103273346],[11.703456056282086,46.09049420103712],[11.696126782875472,46.09390656460838],[11.695391577130376,46.09431989195657],[11.695097407093936,46.09445683044316],[11.691924690482738,46.09498271102764],[11.691107346272387,46.09499071681626],[11.689095756759007,46.09490340091177],[11.688782564380872,46.09487424068982],[11.688595254744158,46.09485604044148],[11.688159254985253,46.094789589746355],[11.688068441701331,46.094753808510944],[11.68785243492688,46.0946684586543],[11.685628111127139,46.093736595443424],[11.685289241546513,46.093568913060025],[11.683787431421305,46.09213631361332],[11.683355914916742,46.09160251807898],[11.683056730212751,46.09120648392755],[11.682437148254165,46.090241698186674],[11.6824097672327,46.09016619642153],[11.682398781820563,46.09013515493547],[11.68235724269796,46.090016699222],[11.682347148772322,46.08998654045165],[11.68231585284962,46.08916343900408],[11.682292337222902,46.08754198959182],[11.682449112735071,46.085916379616854],[11.68336811758684,46.07644493058787],[11.6864630306509,46.06700277442263],[11.693930657719985,46.062224120811436],[11.697413150857816,46.059593176181174],[11.704308964275205,46.05224081968116],[11.705484470084764,46.04675436192331],[11.700224749873744,46.04459378696731],[11.689152341702906,46.04434029962485],[11.682767860792675,46.04458550312391],[11.677298047180447,46.044253317835405],[11.66964386436464,46.039740023165244],[11.667225789984174,46.03818185540229],[11.666726561137764,46.03748403657493],[11.666354787711768,46.0366327495478],[11.666183818384974,46.03621403162668],[11.666235753142113,46.036068881171964],[11.666608464739763,46.03534567102571],[11.67227557579585,46.03012708129375],[11.672577543110547,46.029851249269896],[11.673037643199413,46.0294886873375],[11.673448022945374,46.0292860370813],[11.67677624104348,46.02853750409795],[11.6787396498061,46.028366353355125],[11.681096962073392,46.02838645868384],[11.681282949146762,46.0284173812913],[11.681602959756416,46.02846988433295],[11.681865897862048,46.02841578734101],[11.681930585838257,46.02794508546541],[11.681915955852574,46.02744482036562],[11.681885315511218,46.02694674301702],[11.681869355862279,46.02669110611892],[11.681191067582942,46.02607955428261],[11.680765112819067,46.02570724984088],[11.680591191989864,46.02556646031566],[11.671870081662423,46.01940374756204],[11.669971290888517,46.01815208241587],[11.669798316483856,46.018044803277064],[11.669174392977638,46.017710373689575],[11.66866198761703,46.01760201187017],[11.666649060890524,46.01709793245125],[11.671116526715675,46.01450706597321],[11.674006662924354,46.01020834533168],[11.67526898000737,46.00819613084882],[11.676891137882812,46.005572873111845],[11.681673473267054,45.99911235026947],[11.686538340071138,45.99435196639179],[11.686908385223493,45.993768733516085],[11.689624096436717,45.988510341648684],[11.684285782330186,45.98407530524037],[11.685804473665499,45.96928585004288],[11.684525359546901,45.969198814329175],[11.683844054996387,45.969115289694734],[11.683530046745902,45.96907679212639],[11.683305368435672,45.969049245844325],[11.682666007319213,45.9689184802659],[11.681745681729547,45.96857105814613],[11.681242273698734,45.96837579978305],[11.6795225222238,45.96770517707341],[11.677718817833375,45.9667034127422],[11.677688122854414,45.966685364156426],[11.676235583644392,45.96583122182328],[11.666545430892246,45.96410264375913],[11.660728526726889,45.96472000946715],[11.65460513832912,45.964875863181156],[11.649964175515148,45.96479154008874],[11.644109226650865,45.96373325336061],[11.642578336190649,45.963352261281514],[11.642123942887634,45.963239170630004],[11.64192801793751,45.96317458227023],[11.640445539030045,45.962683942514225],[11.639956520854353,45.96249920152214],[11.63953690024295,45.9623406738988],[11.638829071753573,45.96207326059279],[11.637261550670845,45.96167743543917],[11.636686477368885,45.961582670343404],[11.635297386604464,45.961353754411746],[11.632143141552923,45.9610284878694],[11.632016163327483,45.96101539220949],[11.627608408375838,45.960640915020385],[11.630679129080123,45.969379133778695],[11.62104041343643,45.97146640877545],[11.614576964463856,45.96739174718776],[11.610990363033883,45.967508454953894],[11.605740620261974,45.97002393603454],[11.600317541348334,45.97134678623553],[11.593860067572741,45.97103779602102],[11.593225990869174,45.97057048905806],[11.591744959353116,45.969478943262835],[11.58759202461227,45.96899707300028],[11.587392983727757,45.96983576230435],[11.586857270537587,45.97209864494402],[11.586495911008745,45.97362635360648],[11.586182026142776,45.97495385815241],[11.585391341795544,45.9783002607919],[11.584398164607073,45.98250310134827],[11.583883354293015,45.9846583315203],[11.582351160518899,45.991058834149946],[11.581795750391947,45.99329953307203],[11.579826636010292,46.00076500946988],[11.577230061767603,46.006520280160494],[11.575575996562938,46.00613903709595],[11.566188340451896,46.00605763342147],[11.561392721907778,46.0080100395401],[11.560017893672747,46.00870385128259],[11.55686798920754,46.01032569662217],[11.552326915137353,46.011668521229105],[11.544522151217585,46.01175795184909],[11.53961101600856,46.01186837681942],[11.539395679396335,46.011873373460816],[11.533722710571757,46.01213863547283],[11.525717702808583,46.011717653729946],[11.522046344992942,46.01140578440516],[11.519350918938583,46.01069717618204],[11.51688859063838,46.009299297933914],[11.513440198938618,46.010255285869185],[11.511456202735575,46.011361337118835],[11.510704083859327,46.01199864713531],[11.503598452820437,46.01096636568103],[11.501012281260952,46.0108937748177],[11.494186145308266,46.00965164752992],[11.494118670463589,46.00963511701291],[11.49347960682776,46.00945105908916],[11.491780914888617,46.00885798591723],[11.491200749593943,46.0085496107068],[11.489859314225821,46.00774871888568],[11.488479136485537,46.00675746051268],[11.485980828733155,46.00382578069784],[11.48398036892351,46.00138233933494],[11.472748416255467,45.99779016699871],[11.465333087837257,45.99454010507941],[11.462109887873739,45.99195463428399],[11.45594589131872,45.98668757350374],[11.452200515305979,45.98383359326622],[11.449146548873136,45.98212686243351],[11.4483964973778,45.9817381176151],[11.44666384183682,45.980922873381736],[11.428257812446748,45.98064618875305],[11.413276453755552,45.9809950123995],[11.400873116857326,45.98011419889696],[11.400149731073283,45.98010181508819],[11.39573119750858,45.980477514169806],[11.380975366585355,45.98349475066372],[11.378493164212685,45.98405044170225],[11.376762734980757,45.98413384695053],[11.374357249318665,45.98366821193992],[11.374012502797456,45.983594637646156],[11.37373991073995,45.98350283156172],[11.373375925459323,45.98321408744017],[11.373290419964771,45.9827428091159],[11.373249934314858,45.98237332667332],[11.37255212111982,45.97484498321618],[11.372415417138011,45.973232206182466],[11.376129285525327,45.96112063840758],[11.377914407395895,45.957169600298926],[11.38330759626698,45.9510304014417],[11.382358792727802,45.94786113930094],[11.38006243377873,45.94284479638923],[11.371456700451033,45.942215747517636],[11.370450447058344,45.94215887363187],[11.369971989404224,45.9421502306177],[11.369864947811498,45.94214829786436],[11.369826040750679,45.94214759572784],[11.369753015362212,45.94214636657894],[11.3678535808746,45.94214932739544],[11.367222352819862,45.94215401246308],[11.367177133633795,45.942154473525505],[11.366928868108452,45.94216993435718],[11.366200010595998,45.94221592669812],[11.365212983814429,45.94229955174725],[11.364339148994665,45.942420972695786],[11.364267525707755,45.94243296811124],[11.364037350802263,45.942477210370335],[11.36356978757095,45.94256808303574],[11.363507061222723,45.9425806949212],[11.363442397773207,45.942593718584085],[11.36156753339225,45.94297730621628],[11.358295523485216,45.943662228215196],[11.359574391659878,45.939773632283064],[11.36022846790854,45.93762274912028],[11.360565005447095,45.935226316347865],[11.358597079385934,45.93072216070453],[11.357834761028501,45.92907693488879],[11.358056942697678,45.92529461924131],[11.353590793689595,45.923993397258165],[11.35313356099934,45.923848456451886],[11.352942768852582,45.92378243100716],[11.348847461289393,45.92233730585572],[11.347081211022394,45.92169944960198],[11.34547782253816,45.92111851552149],[11.345034538938672,45.920944207826196],[11.345931305023058,45.91943505027949],[11.346077715329981,45.919200587096206],[11.346280345040656,45.91888194630534],[11.346345767280413,45.91879249080892],[11.346512071312935,45.918565272554446],[11.346676939032848,45.91835206525764],[11.346871244324522,45.9181013499315],[11.347961069502514,45.91671942625555],[11.34854410043809,45.91603633525232],[11.34897426772859,45.91557320060753],[11.349004586046165,45.91554153180551],[11.34941109973503,45.91512371269471],[11.349464869130236,45.91506844753791],[11.349901042475848,45.91466663182839],[11.350084027286925,45.914501033999855],[11.350402795111922,45.913162400344746],[11.350223043080598,45.9109002735019],[11.35020282350993,45.910783295912466],[11.349737469858518,45.91012546573856],[11.349399525157216,45.90964898032135],[11.349314925580186,45.90953164823199],[11.346817153822613,45.90917800398502],[11.346169200601036,45.90909803454878],[11.346107883798316,45.90909064802284],[11.34593543019061,45.9090934955188],[11.345771414547862,45.90909705422018],[11.34554080677329,45.90910251402913],[11.345233665957862,45.90928263954893],[11.336753902402572,45.914483418160636],[11.32872137754219,45.9170870294412],[11.327442888329047,45.916952180257994],[11.327319559598067,45.91694078457614],[11.327185924175376,45.91692872659817],[11.327115596969376,45.916923083181054],[11.32487178419738,45.917391567933244],[11.321523911349855,45.91929947404737],[11.31816934368265,45.92135912284316],[11.316641819423502,45.922745584766915],[11.315213973270708,45.92437265236283],[11.313340122790427,45.926579690101995],[11.312552797490982,45.928476841563885],[11.313023697126225,45.929822649358506],[11.307501362888784,45.92834959418231],[11.300686661239663,45.93519813008065],[11.29962660583196,45.92904450227431],[11.300532617825862,45.927568599102095],[11.300821975389125,45.926998118842555],[11.301382967364344,45.92583081252398],[11.301599795635138,45.92533052796986],[11.301821738956969,45.92468895416195],[11.30342944004778,45.91945320761205],[11.303775776976844,45.918236566424035],[11.302888079630879,45.918022262736784],[11.290009476418394,45.91710334739274],[11.28063448985165,45.91862228760154],[11.275295947238606,45.9196915399414],[11.274537893139197,45.919649675735414],[11.274464579153474,45.9196455606644],[11.273836502323444,45.91957812556781],[11.27174149270833,45.91934884065315],[11.271539636465656,45.91932179932649],[11.271040870227512,45.91925321627953],[11.270950791986687,45.91919908241685],[11.270812051945455,45.91911543602001],[11.27070318764904,45.918831021042074],[11.270693305354177,45.91879986179816],[11.270641041560975,45.91862498139718],[11.27064894724862,45.918470091541636],[11.27065792870807,45.918344880778804],[11.27072530034834,45.91805975948104],[11.270770850737684,45.917870134579054],[11.270880086069942,45.917421724653856],[11.271101122202248,45.9169735199844],[11.258322541720146,45.92067793353383],[11.259334089646636,45.91906629667712],[11.261342017756775,45.91574858969563],[11.260582274686291,45.90746574325524],[11.25774736245367,45.90313466526674],[11.251121140251863,45.8961232123364],[11.253447078874757,45.89297969558243],[11.253607366618525,45.892752511324325],[11.254081093165736,45.89208106089102],[11.254538325247696,45.891384039818554],[11.254634750034652,45.89123704381571],[11.254706207374598,45.89074524037708],[11.254736071334268,45.89048006998988],[11.254763616890076,45.890235482310445],[11.254776305397863,45.89002924299077],[11.254794960107061,45.88972602185527],[11.25480270053939,45.88957868825301],[11.25485003461839,45.888677688185346],[11.254852358914333,45.888633444220645],[11.255080815653844,45.884006552126195],[11.254752976280667,45.88400853598262],[11.254394629675145,45.88401070433084],[11.254109549703639,45.884032371204235],[11.253756438480924,45.88405920784465],[11.253467455849163,45.884089133591154],[11.25306202337572,45.88413111893348],[11.251697727668587,45.88431090400778],[11.251588099692196,45.88432696597632],[11.25154415547777,45.88433340462902],[11.250447827483912,45.88449403884441],[11.250396744962067,45.88451775240223],[11.250265278191337,45.88457878622213],[11.249740923936765,45.884822220524605],[11.247922727014823,45.88570963876877],[11.24773708621907,45.88580244547318],[11.243083235999189,45.88441413262741],[11.236877572573002,45.88076977046509],[11.236553122453534,45.878272692528554],[11.23968226753149,45.87690941797933],[11.242191392968682,45.87610317185959],[11.244363892996077,45.876946086374375],[11.244044410284403,45.875636350909886],[11.244018332611262,45.87551004369321],[11.243235183461323,45.87225515811394],[11.24269636571445,45.87001556933217],[11.239572113736772,45.857025872790835],[11.238366332655238,45.85587466286566],[11.228081864232664,45.84960001175311],[11.2269318277263,45.84894805114962],[11.222423401791575,45.848891779785255],[11.221860854001818,45.848960044648805],[11.220860645265393,45.84810271386049],[11.220523718327765,45.84773852840458],[11.220176092531565,45.84717891801119],[11.219698741341949,45.846406439189906],[11.219159093972932,45.845489510934094],[11.218899950190817,45.844930067377696],[11.218453818868406,45.8439617532193],[11.218281711788627,45.841456976477126],[11.218692381886175,45.83463835356953],[11.21903985399883,45.83289795325157],[11.218799213780787,45.83260173191238],[11.21531688166286,45.8309617790047],[11.205478986749572,45.82748396771048],[11.20482792812711,45.82738019134543],[11.204180076185501,45.82727585343468],[11.203131308871866,45.827093466015775],[11.2028546187518,45.8270399774954],[11.202820527137535,45.82702237602063],[11.202713065706615,45.82696354832164],[11.200317141585932,45.82538955125826],[11.200118077290963,45.825245068259285],[11.19866509630058,45.824188750225865],[11.197867860532257,45.819869444719586],[11.193476947969273,45.81700971307543],[11.193234755444355,45.817075496091874],[11.192394842202576,45.81729663230618],[11.192357044510596,45.81729787092931],[11.192209258102777,45.817302684343545],[11.191820830475939,45.817197749039565],[11.191659148244268,45.81710357645025],[11.191586137035557,45.817061001339795],[11.191338429704816,45.81690529962062],[11.191144406982104,45.81678175700752],[11.191089553241524,45.81674574854124],[11.191039475732799,45.816677538013934],[11.189142886052585,45.81403856188781],[11.188821243577607,45.81357254020108],[11.188673025624045,45.81310855689961],[11.188499041919984,45.811862926483464],[11.189451776612799,45.80488908283267],[11.189600637406615,45.804354032343],[11.18981478344375,45.803822078143675],[11.189994518852501,45.80339262776467],[11.190198816254266,45.80290668305373],[11.190493557979492,45.802491445545485],[11.190733678468128,45.802209226141485],[11.190931449500097,45.802107478002995],[11.193848851672913,45.80207261986084],[11.193279978689594,45.79560542846477],[11.19982334192827,45.78640088234167],[11.202787776741248,45.783372963614084],[11.201033134419067,45.78222060934295],[11.200196831035123,45.78199197105329],[11.198797874174412,45.78160949110532],[11.19873833568389,45.78159456906549],[11.198520406791078,45.78159120478247],[11.198360727593206,45.78158922555916],[11.193019206740734,45.78154569517105],[11.192122895297546,45.78153927689815],[11.19076726402096,45.78157407663179],[11.190071426880648,45.78161507158095],[11.189429378948637,45.781811470558694],[11.189096226819071,45.78194822638133],[11.188888213077018,45.78203361364923],[11.188648416046348,45.782132047036995],[11.188322145888202,45.782381322565705],[11.188270566919622,45.78242088407148],[11.18739037495284,45.783119631404126],[11.184129476263193,45.78518880277886],[11.17938402218513,45.78771774386376],[11.178383561985632,45.78811449804156],[11.178131311974518,45.78814228122581],[11.177029006449239,45.788205469952096],[11.176793846956864,45.78817281401103],[11.175936064501032,45.78796799603668],[11.175743738235347,45.78791155255805],[11.175672995720602,45.78789058175436],[11.173965663332288,45.787082349416316],[11.17375976022963,45.78611202819346],[11.175184042429303,45.78280369932074],[11.177349593368573,45.779922589637366],[11.17906075820971,45.77521862345413],[11.17977937379037,45.772855121814395],[11.179799004466565,45.77267887729177],[11.179812548727911,45.77255391619083],[11.18050135335761,45.76490092472509],[11.180655934943479,45.76290746457474],[11.180599885457328,45.76275903910619],[11.180449992142984,45.762362104267076],[11.180299521898192,45.761995713930965],[11.180284139542213,45.761958271387634],[11.180241309794303,45.76185464007564],[11.179452266816309,45.76074026342703],[11.17773995780834,45.75673340914857],[11.176306321279396,45.75162052197176],[11.17613263278956,45.74741738503661],[11.177036197546446,45.74225916929725],[11.178432136034335,45.73806409392918],[11.176943129229276,45.73582629320869],[11.174534788525305,45.73296050565551],[11.17433457561097,45.73272569074317],[11.174164040946474,45.732525683186466],[11.174097236920431,45.732465864828974],[11.173760731832012,45.732164551516234],[11.172901166020901,45.73176233905997],[11.162871486200913,45.725272978792844],[11.153374460297023,45.71857808321086],[11.145903136868261,45.716945926514434]]]},"properties":{"prov_name":"Trento","prov_istat_code_num":22,"prov_acr":"TN","prov_iso_3166_2":"IT-TN","prov_uts_code":"022","prov_tipo_uts":"Provincia autonoma","reg_name":"Trentino-Alto Adige/Südtirol","reg_istat_code":"04","reg_istat_code_num":4,"reg_iso_3166_2":"IT-32","prov_istat_code":"022"}}]}