{"type":"FeatureCollection","features":[{"type":"Feature","properties":{"reg_name":"Svizzera"},"geometry":{"type":"Polygon","coordinates":[[[6.074569,46.432174],[6.08562,46.440833],[6.086406,46.443882],[6.084389,46.447445],[6.078599,46.450364],[6.074415,46.45351],[6.076914,46.457596],[6.07345,46.459881],[6.07391,46.463474],[6.072793,46.465444],[6.076868,46.46737],[6.096901,46.481299],[6.112604,46.509565],[6.121306,46.517459],[6.137958,46.530994],[6.143685,46.527737],[6.153471,46.53679],[6.148581,46.539365],[6.156662,46.545298],[6.110472,46.576439],[6.121851,46.584007],[6.123928,46.587435],[6.12652,46.58992],[6.139599,46.597623],[6.141843,46.598091],[6.148015,46.602178],[6.15369,46.603651],[6.161198,46.609965],[6.165323,46.610071],[6.178967,46.615752],[6.179742,46.618178],[6.179094,46.618913],[6.179498,46.620103],[6.183442,46.621387],[6.185553,46.623682],[6.188445,46.624646],[6.189313,46.625761],[6.190836,46.625454],[6.196304,46.628248],[6.195836,46.629528],[6.19721,46.630124],[6.200583,46.63362],[6.1995,46.634526],[6.204047,46.636287],[6.205577,46.635002],[6.207405,46.635621],[6.212961,46.640102],[6.212866,46.641046],[6.217444,46.642284],[6.216665,46.643113],[6.219021,46.645087],[6.223812,46.646228],[6.22757,46.648191],[6.232756,46.654458],[6.267255,46.67621],[6.26798,46.678133],[6.268812,46.677927],[6.270453,46.6791],[6.270363,46.679815],[6.268807,46.680069],[6.269131,46.68255],[6.279035,46.687497],[6.281993,46.690674],[6.292456,46.693097],[6.295497,46.694508],[6.297061,46.694281],[6.325112,46.706474],[6.327134,46.706244],[6.341232,46.71012],[6.349364,46.714443],[6.352143,46.714858],[6.353758,46.718204],[6.3573,46.719724],[6.360163,46.723086],[6.36416,46.721763],[6.366701,46.7232],[6.371698,46.724121],[6.371301,46.729183],[6.367832,46.729202],[6.371047,46.730689],[6.374768,46.731111],[6.379004,46.730378],[6.384927,46.731388],[6.389441,46.735073],[6.392022,46.73897],[6.391241,46.741121],[6.390179,46.742248],[6.388479,46.742386],[6.3884,46.743295],[6.395199,46.74847],[6.399895,46.749663],[6.400883,46.75089],[6.403381,46.750028],[6.411333,46.751512],[6.424622,46.754461],[6.43032,46.756795],[6.439373,46.762754],[6.437905,46.763122],[6.438444,46.766678],[6.448886,46.773263],[6.452258,46.774216],[6.451669,46.778632],[6.458415,46.788777],[6.434789,46.801485],[6.43104,46.812358],[6.440835,46.81582],[6.439511,46.823977],[6.44316,46.832713],[6.460032,46.851303],[6.464619,46.890356],[6.457925,46.900785],[6.441603,46.917562],[6.435884,46.921638],[6.43269,46.928683],[6.446508,46.934072],[6.453534,46.938741],[6.460338,46.943835],[6.462265,46.947145],[6.465213,46.949286],[6.466397,46.951202],[6.46946,46.953165],[6.477748,46.961777],[6.49592,46.973938],[6.496484,46.974144],[6.504807,46.965694],[6.518894,46.970978],[6.537295,46.973466],[6.553021,46.97786],[6.562495,46.979371],[6.568583,46.981546],[6.573179,46.982417],[6.575959,46.983651],[6.57604,46.984225],[6.579022,46.984903],[6.593111,46.991804],[6.599952,46.992541],[6.599991,46.991755],[6.603408,46.991875],[6.60473,46.991051],[6.610456,46.990716],[6.613878,46.991543],[6.617974,46.991647],[6.62757,46.996367],[6.633577,46.998151],[6.640356,47.002812],[6.646045,47.009561],[6.648368,47.014615],[6.653623,47.022343],[6.659196,47.027343],[6.678258,47.035582],[6.685853,47.037449],[6.69654,47.037307],[6.705815,47.044328],[6.708832,47.044976],[6.711506,47.048041],[6.719171,47.051183],[6.719609,47.05203],[6.711163,47.054129],[6.708806,47.058062],[6.707472,47.057751],[6.704343,47.05914],[6.701864,47.058601],[6.700387,47.05934],[6.699476,47.060369],[6.699533,47.061284],[6.696261,47.063567],[6.6952,47.062519],[6.693653,47.065037],[6.691507,47.066674],[6.693405,47.068936],[6.70115,47.070111],[6.703311,47.073448],[6.70624,47.074205],[6.706514,47.074818],[6.70521,47.076389],[6.707371,47.078311],[6.707536,47.079454],[6.70355,47.080564],[6.702669,47.081285],[6.702729,47.082139],[6.707908,47.083153],[6.708851,47.084538],[6.710287,47.084377],[6.712109,47.085927],[6.714063,47.086594],[6.713733,47.087232],[6.71508,47.088412],[6.717671,47.089221],[6.722711,47.089575],[6.725874,47.091939],[6.731992,47.089465],[6.74157,47.090927],[6.744567,47.092685],[6.746729,47.097816],[6.746412,47.099668],[6.741462,47.104209],[6.739986,47.108018],[6.740543,47.109623],[6.746844,47.10999],[6.752064,47.114593],[6.764713,47.120384],[6.770591,47.121413],[6.77597,47.121364],[6.779373,47.123771],[6.791715,47.126783],[6.796894,47.129145],[6.800286,47.129014],[6.806046,47.130712],[6.807074,47.13189],[6.807407,47.134495],[6.808078,47.135369],[6.815715,47.135921],[6.819506,47.140016],[6.825365,47.142626],[6.828353,47.146493],[6.830395,47.146192],[6.839316,47.149976],[6.840386,47.153896],[6.849902,47.156439],[6.851535,47.159069],[6.858269,47.164336],[6.858402,47.165391],[6.853468,47.16675],[6.848376,47.165877],[6.844451,47.166783],[6.843344,47.167232],[6.840963,47.17026],[6.841063,47.171422],[6.864007,47.180426],[6.865488,47.182069],[6.866021,47.184264],[6.867278,47.185343],[6.871626,47.184835],[6.873874,47.185307],[6.874347,47.18592],[6.873587,47.188656],[6.874057,47.190991],[6.875299,47.193037],[6.878726,47.19594],[6.880698,47.20055],[6.883101,47.201238],[6.88592,47.203642],[6.889348,47.204707],[6.892031,47.207177],[6.897316,47.209322],[6.9014,47.212118],[6.907132,47.21469],[6.909962,47.218192],[6.916303,47.219176],[6.921127,47.220569],[6.923822,47.222099],[6.927323,47.225683],[6.926961,47.227028],[6.927927,47.228666],[6.932555,47.230582],[6.938734,47.230624],[6.940836,47.231535],[6.942762,47.234461],[6.943129,47.23791],[6.948424,47.239364],[6.951717,47.241752],[6.955666,47.243103],[6.955656,47.244017],[6.952107,47.247373],[6.949119,47.248927],[6.94735,47.250715],[6.946604,47.254132],[6.949586,47.256465],[6.951598,47.261535],[6.950114,47.266054],[6.95191,47.268769],[6.952009,47.269901],[6.945381,47.278677],[6.945244,47.281228],[6.9409,47.285063],[6.941017,47.28669],[6.948343,47.291347],[6.950887,47.291985],[6.956414,47.292302],[6.962217,47.291402],[6.96846,47.292681],[6.973685,47.291317],[6.976141,47.293112],[6.975949,47.295253],[6.976582,47.296348],[6.979013,47.296443],[6.98221,47.295332],[6.989267,47.296755],[6.994297,47.295647],[6.996261,47.295786],[6.998935,47.297308],[7.003714,47.301581],[7.007565,47.30101],[7.009357,47.302343],[7.010994,47.308074],[7.013418,47.30923],[7.015769,47.313315],[7.016061,47.315247],[7.013281,47.319891],[7.009298,47.320309],[7.009991,47.324526],[7.026144,47.326164],[7.030749,47.326927],[7.030635,47.327446],[7.033848,47.328311],[7.043285,47.326449],[7.045644,47.326495],[7.056961,47.334403],[7.053009,47.335102],[7.05366,47.335779],[7.052934,47.336688],[7.055222,47.337594],[7.054359,47.338268],[7.055106,47.338716],[7.0598,47.339736],[7.062389,47.344105],[7.055438,47.347386],[7.049884,47.34771],[7.050516,47.349936],[7.052819,47.351547],[7.051631,47.354773],[7.051936,47.356599],[7.050075,47.358978],[7.049937,47.36143],[7.043127,47.364269],[7.03484,47.363347],[7.034079,47.369667],[7.029388,47.369122],[7.02014,47.370338],[7.018292,47.371358],[7.018181,47.372628],[7.015569,47.372919],[7.013113,47.371434],[7.012169,47.372887],[7.007404,47.36812],[6.99638,47.363613],[6.984284,47.363667],[6.975552,47.360991],[6.974588,47.360144],[6.97057,47.361021],[6.970519,47.360427],[6.965897,47.359243],[6.964157,47.360297],[6.961025,47.359302],[6.952384,47.359048],[6.952092,47.359976],[6.946394,47.359278],[6.942782,47.357674],[6.935118,47.357553],[6.933112,47.358448],[6.924077,47.35518],[6.919617,47.355305],[6.917082,47.356089],[6.915341,47.357616],[6.902771,47.359566],[6.899641,47.357717],[6.895653,47.358668],[6.894646,47.35756],[6.894743,47.356536],[6.891558,47.35586],[6.88727,47.353951],[6.886965,47.353291],[6.883002,47.352412],[6.879293,47.352576],[6.879363,47.35778],[6.880468,47.359723],[6.88253,47.361204],[6.883777,47.365674],[6.884923,47.36743],[6.883599,47.372865],[6.888503,47.376498],[6.895815,47.379898],[6.895095,47.381707],[6.905121,47.382525],[6.905231,47.383374],[6.912069,47.386193],[6.913507,47.388087],[6.913868,47.389324],[6.911424,47.39067],[6.911043,47.391611],[6.911583,47.393769],[6.90931,47.396096],[6.91549,47.397157],[6.915553,47.399136],[6.917771,47.403184],[6.913251,47.404576],[6.917183,47.405345],[6.919707,47.40663],[6.920632,47.405074],[6.924117,47.405779],[6.938434,47.406081],[6.940865,47.411594],[6.941547,47.415704],[6.940303,47.433323],[6.954956,47.435267],[6.957571,47.433811],[6.963711,47.435794],[6.966284,47.437651],[6.970286,47.44711],[6.973421,47.447174],[6.973891,47.447747],[6.980982,47.449234],[6.984067,47.448189],[6.990193,47.44798],[6.99588,47.449648],[6.999117,47.452476],[7.002182,47.454164],[7.001437,47.455978],[6.99754,47.456429],[6.997889,47.459846],[7.001286,47.461921],[6.999792,47.464968],[7.000485,47.467202],[6.991705,47.4664],[6.990834,47.467607],[6.992991,47.471132],[6.988297,47.473102],[6.987846,47.474928],[6.986441,47.476331],[6.988591,47.481017],[6.988649,47.486898],[6.985754,47.491652],[6.986428,47.492142],[6.98264,47.493656],[6.982969,47.494552],[6.986026,47.493339],[6.988281,47.49485],[6.99941,47.498618],[7.000342,47.499073],[7.000381,47.499724],[7.021509,47.504468],[7.024934,47.504293],[7.027647,47.50132],[7.029092,47.50154],[7.034204,47.499188],[7.03665,47.499204],[7.036941,47.497514],[7.044534,47.498447],[7.05243,47.495113],[7.060765,47.495387],[7.072068,47.492376],[7.07255,47.489744],[7.074852,47.488189],[7.081353,47.489717],[7.091421,47.494715],[7.094228,47.495441],[7.100036,47.49432],[7.112525,47.495109],[7.115691,47.496296],[7.128002,47.503879],[7.130258,47.502946],[7.139192,47.501785],[7.150421,47.497318],[7.15248,47.496312],[7.156931,47.492128],[7.159329,47.490717],[7.162279,47.490004],[7.166075,47.490105],[7.167403,47.489395],[7.173097,47.489757],[7.185066,47.491182],[7.200969,47.494276],[7.20115,47.492866],[7.202987,47.491399],[7.190861,47.48851],[7.190372,47.486158],[7.186923,47.482507],[7.184657,47.477228],[7.177496,47.468054],[7.179096,47.465488],[7.17909,47.464399],[7.178519,47.464124],[7.179033,47.463182],[7.178908,47.460799],[7.177239,47.459454],[7.178334,47.458551],[7.172699,47.446828],[7.169927,47.443747],[7.170203,47.442983],[7.175608,47.442955],[7.19252,47.439006],[7.195112,47.437411],[7.195796,47.435424],[7.205606,47.435576],[7.206688,47.43485],[7.220479,47.438566],[7.222925,47.439824],[7.22903,47.439892],[7.233446,47.438624],[7.238881,47.433292],[7.237537,47.430584],[7.239026,47.42852],[7.243814,47.427816],[7.24578,47.426532],[7.245518,47.424728],[7.24631,47.422177],[7.245413,47.421045],[7.246551,47.420341],[7.249415,47.421415],[7.250393,47.422977],[7.254963,47.424388],[7.269702,47.427001],[7.277921,47.432479],[7.280055,47.432846],[7.281907,47.434812],[7.286935,47.435159],[7.292657,47.433365],[7.294805,47.434382],[7.295763,47.435668],[7.300533,47.436494],[7.3024,47.438649],[7.306917,47.438992],[7.312435,47.437994],[7.316424,47.438784],[7.323452,47.438669],[7.330309,47.441785],[7.332799,47.44105],[7.338999,47.441122],[7.341132,47.438849],[7.344772,47.43755],[7.344843,47.436144],[7.354798,47.433931],[7.358513,47.434507],[7.365161,47.433681],[7.368252,47.434362],[7.370976,47.433504],[7.373916,47.433831],[7.374017,47.433291],[7.375618,47.433446],[7.38115,47.431955],[7.382106,47.433047],[7.385586,47.431863],[7.393921,47.435171],[7.403053,47.435485],[7.403209,47.438682],[7.410316,47.441629],[7.415208,47.44271],[7.420556,47.445575],[7.424456,47.449919],[7.422423,47.450721],[7.428801,47.453884],[7.427758,47.457302],[7.430034,47.459496],[7.432631,47.459251],[7.44577,47.461977],[7.445219,47.462382],[7.447983,47.464462],[7.450207,47.467524],[7.453892,47.470141],[7.45583,47.470705],[7.456345,47.472749],[7.455742,47.473381],[7.450178,47.475335],[7.448407,47.473792],[7.446523,47.475289],[7.445979,47.47684],[7.443616,47.478519],[7.442538,47.478835],[7.441611,47.478101],[7.436219,47.48066],[7.434418,47.480536],[7.432596,47.481376],[7.43213,47.481014],[7.429396,47.482945],[7.425762,47.481291],[7.420821,47.480371],[7.422321,47.483919],[7.425757,47.488462],[7.428998,47.491081],[7.429755,47.493583],[7.433147,47.497173],[7.434989,47.498106],[7.441095,47.49511],[7.446101,47.493861],[7.450834,47.490317],[7.455092,47.489486],[7.456409,47.488505],[7.462389,47.489057],[7.466091,47.48476],[7.468809,47.482979],[7.470764,47.480738],[7.472012,47.480388],[7.477079,47.480077],[7.487282,47.482018],[7.491618,47.484672],[7.493799,47.488416],[7.498098,47.48894],[7.499946,47.491021],[7.502455,47.490774],[7.501144,47.49352],[7.506673,47.495935],[7.511073,47.497032],[7.508761,47.502347],[7.510452,47.502632],[7.509946,47.504913],[7.510306,47.505993],[7.509354,47.50889],[7.507917,47.510817],[7.505894,47.511347],[7.503089,47.513993],[7.499088,47.516283],[7.497876,47.521253],[7.499758,47.520577],[7.502537,47.515716],[7.502284,47.514912],[7.505465,47.51466],[7.511302,47.517028],[7.517465,47.517286],[7.519085,47.514818],[7.520745,47.515724],[7.522192,47.514201],[7.523734,47.515339],[7.523462,47.518676],[7.527589,47.521756],[7.530945,47.526839],[7.531231,47.528164],[7.529763,47.530683],[7.526784,47.532881],[7.524404,47.531865],[7.51936,47.534723],[7.515799,47.532952],[7.510758,47.528995],[7.507677,47.528123],[7.5051,47.529027],[7.502304,47.52841],[7.501015,47.52906],[7.500525,47.530137],[7.501444,47.532178],[7.499661,47.535037],[7.498044,47.536158],[7.499504,47.539273],[7.499181,47.540118],[7.50029,47.540233],[7.50546,47.544387],[7.508557,47.545061],[7.509346,47.545839],[7.510981,47.544512],[7.516764,47.545414],[7.522268,47.548706],[7.521905,47.548927],[7.525429,47.550915],[7.524798,47.551478],[7.527323,47.552784],[7.530709,47.554203],[7.53653,47.555458],[7.539491,47.558003],[7.540367,47.557277],[7.546862,47.561499],[7.5573,47.565031],[7.559335,47.569389],[7.556464,47.571387],[7.556896,47.572466],[7.565438,47.57622],[7.56649,47.577669],[7.575254,47.57614],[7.578858,47.576669],[7.58466,47.575521],[7.584739,47.580857],[7.585725,47.58409],[7.589045,47.589902],[7.598469,47.587644],[7.604822,47.584935],[7.604061,47.581339],[7.605339,47.579888],[7.604889,47.577879],[7.613211,47.578161],[7.619142,47.576875],[7.628029,47.58137],[7.639638,47.59037],[7.643248,47.591346],[7.641865,47.592913],[7.641791,47.594197],[7.645677,47.596961],[7.655072,47.595401],[7.667338,47.591951],[7.675179,47.591988],[7.676791,47.594319],[7.683018,47.598499],[7.689323,47.598847],[7.693802,47.600775],[7.693046,47.599492],[7.690163,47.597575],[7.683654,47.596027],[7.679589,47.592253],[7.677388,47.591368],[7.67175,47.587276],[7.672077,47.585245],[7.680861,47.582689],[7.681908,47.577461],[7.683862,47.576662],[7.683679,47.57391],[7.688922,47.57243],[7.689663,47.571403],[7.687109,47.568389],[7.685928,47.565615],[7.68343,47.568426],[7.683509,47.571258],[7.67911,47.569505],[7.675153,47.565427],[7.677288,47.564938],[7.677325,47.56375],[7.672457,47.56373],[7.672368,47.565445],[7.670708,47.565819],[7.665558,47.565065],[7.664235,47.565404],[7.65876,47.564482],[7.656164,47.562283],[7.654544,47.562372],[7.648284,47.559936],[7.644058,47.56129],[7.641267,47.56127],[7.638338,47.563232],[7.636127,47.563923],[7.633944,47.561204],[7.637276,47.559979],[7.641046,47.55724],[7.647319,47.549883],[7.649946,47.547861],[7.660928,47.545171],[7.664809,47.538502],[7.668705,47.535571],[7.678962,47.532915],[7.6925,47.532404],[7.697964,47.533232],[7.718914,47.541636],[7.752234,47.54481],[7.75842,47.548471],[7.773501,47.552346],[7.782452,47.553111],[7.795688,47.55738],[7.80138,47.563673],[7.81147,47.569193],[7.812404,47.57075],[7.813852,47.578156],[7.815334,47.581569],[7.818671,47.586762],[7.822836,47.587973],[7.832198,47.586799],[7.834439,47.585862],[7.837809,47.582816],[7.842624,47.582143],[7.847504,47.582649],[7.854215,47.584576],[7.860532,47.587484],[7.86812,47.588742],[7.884705,47.588831],[7.892074,47.587429],[7.903095,47.580816],[7.906189,47.577635],[7.910619,47.571383],[7.911443,47.566603],[7.907839,47.562029],[7.907231,47.559863],[7.909267,47.553958],[7.911963,47.550778],[7.915491,47.54846],[7.918552,47.547364],[7.924032,47.54676],[7.932535,47.546925],[7.944134,47.543887],[7.946904,47.544251],[7.949326,47.546227],[7.950914,47.549002],[7.952647,47.554737],[7.955653,47.556782],[7.959886,47.558132],[7.969745,47.555949],[7.976574,47.555286],[7.984103,47.5553],[7.996019,47.556536],[8.000713,47.556318],[8.007185,47.554982],[8.01494,47.551212],[8.021351,47.550349],[8.027278,47.551935],[8.039769,47.553487],[8.046048,47.555321],[8.057384,47.561332],[8.059383,47.563539],[8.063278,47.563267],[8.067266,47.564486],[8.071845,47.563474],[8.081338,47.558057],[8.089307,47.557714],[8.096585,47.560587],[8.099499,47.562829],[8.101809,47.567345],[8.103146,47.576318],[8.105823,47.57964],[8.109812,47.582552],[8.115876,47.583898],[8.125924,47.583316],[8.136044,47.583779],[8.13805,47.585504],[8.137542,47.588808],[8.138204,47.590115],[8.149138,47.595832],[8.152703,47.595842],[8.16031,47.59358],[8.164937,47.594188],[8.17519,47.601958],[8.185396,47.605543],[8.192748,47.615157],[8.196947,47.618416],[8.201164,47.620316],[8.20561,47.621054],[8.213175,47.620289],[8.219727,47.617585],[8.222228,47.613711],[8.224043,47.606993],[8.226503,47.605043],[8.230579,47.606391],[8.23792,47.61269],[8.244897,47.612489],[8.257287,47.615294],[8.260621,47.614631],[8.262839,47.610447],[8.264901,47.609306],[8.267586,47.609325],[8.273693,47.611114],[8.279264,47.611705],[8.286282,47.61087],[8.292463,47.608885],[8.296732,47.606529],[8.297736,47.605188],[8.295335,47.594559],[8.295854,47.591897],[8.297757,47.589237],[8.303043,47.585793],[8.310857,47.583356],[8.321894,47.574052],[8.329656,47.570946],[8.358739,47.570132],[8.364594,47.568855],[8.373172,47.568122],[8.382516,47.565717],[8.385455,47.567165],[8.389992,47.573479],[8.394531,47.576435],[8.397202,47.577159],[8.404281,47.575705],[8.414862,47.571083],[8.430454,47.566642],[8.43838,47.567263],[8.456232,47.572444],[8.464064,47.572171],[8.469366,47.573998],[8.476669,47.577806],[8.479035,47.578066],[8.485308,47.577156],[8.494748,47.581033],[8.488707,47.587829],[8.483282,47.586918],[8.48104,47.585204],[8.47373,47.584411],[8.470348,47.584632],[8.468304,47.583917],[8.466869,47.584248],[8.464821,47.588008],[8.460539,47.588377],[8.461236,47.592666],[8.459257,47.596079],[8.457039,47.597379],[8.456693,47.602315],[8.463646,47.602263],[8.468546,47.603859],[8.468147,47.605393],[8.470054,47.605433],[8.471391,47.606592],[8.470318,47.608553],[8.475288,47.607935],[8.478139,47.610977],[8.478661,47.613326],[8.47799,47.613558],[8.479209,47.615209],[8.483296,47.613671],[8.484618,47.614743],[8.487066,47.614345],[8.488472,47.615054],[8.493328,47.614436],[8.502079,47.616553],[8.503103,47.617269],[8.508346,47.617519],[8.507221,47.618263],[8.508963,47.618556],[8.508047,47.619819],[8.508248,47.622061],[8.507442,47.623819],[8.51514,47.623384],[8.515066,47.624558],[8.512808,47.625308],[8.513548,47.626786],[8.514052,47.626292],[8.515359,47.627122],[8.514923,47.628217],[8.515869,47.628505],[8.51491,47.63021],[8.515284,47.631296],[8.516538,47.63205],[8.5158,47.632555],[8.515662,47.63379],[8.520772,47.634316],[8.525636,47.631709],[8.531091,47.631959],[8.535557,47.630967],[8.538952,47.630962],[8.539301,47.628319],[8.538698,47.626291],[8.542926,47.627049],[8.544335,47.625152],[8.550521,47.625354],[8.557899,47.624454],[8.559893,47.621127],[8.561308,47.620809],[8.561058,47.620131],[8.561995,47.619268],[8.562934,47.6167],[8.569338,47.6172],[8.570659,47.615255],[8.570277,47.614226],[8.571538,47.613962],[8.570942,47.613518],[8.571231,47.612484],[8.574525,47.611966],[8.572767,47.610859],[8.566393,47.609858],[8.566416,47.606092],[8.563902,47.602862],[8.561655,47.601305],[8.562223,47.600287],[8.563992,47.598478],[8.566642,47.597147],[8.571135,47.598202],[8.574867,47.595509],[8.576875,47.596823],[8.582577,47.59614],[8.584316,47.599787],[8.587784,47.601743],[8.590183,47.601209],[8.591321,47.602296],[8.592741,47.606157],[8.595728,47.605611],[8.603054,47.610668],[8.605005,47.613504],[8.604806,47.617024],[8.599644,47.623781],[8.597104,47.630054],[8.596684,47.635981],[8.595312,47.640656],[8.596044,47.643279],[8.60199,47.646262],[8.603581,47.650085],[8.605108,47.651959],[8.606625,47.652498],[8.608506,47.652197],[8.611309,47.650851],[8.613198,47.648909],[8.614089,47.646389],[8.613959,47.644373],[8.61279,47.642881],[8.610792,47.641867],[8.604166,47.641268],[8.603328,47.640317],[8.603385,47.638834],[8.605016,47.637574],[8.607032,47.637068],[8.615559,47.637707],[8.620223,47.639043],[8.62335,47.64092],[8.628706,47.649055],[8.628857,47.651986],[8.627295,47.654074],[8.619591,47.659237],[8.614539,47.661558],[8.612833,47.660803],[8.608091,47.664146],[8.605833,47.66942],[8.606614,47.672147],[8.597976,47.672724],[8.595918,47.66925],[8.593308,47.666794],[8.591382,47.667524],[8.587269,47.666254],[8.577673,47.661517],[8.576121,47.662467],[8.573834,47.662791],[8.570913,47.664867],[8.569176,47.664192],[8.566162,47.665702],[8.564754,47.665264],[8.563441,47.668087],[8.563717,47.67004],[8.560891,47.67032],[8.556872,47.669261],[8.554407,47.669406],[8.549622,47.667417],[8.547707,47.66705],[8.546828,47.667497],[8.542289,47.66531],[8.539961,47.665076],[8.538871,47.662768],[8.539982,47.661331],[8.541645,47.656793],[8.534469,47.659355],[8.533718,47.65999],[8.53415,47.66116],[8.533455,47.663121],[8.526943,47.660455],[8.528017,47.658022],[8.530031,47.657037],[8.529128,47.655011],[8.534622,47.649694],[8.533697,47.649207],[8.531793,47.645748],[8.522973,47.644853],[8.51332,47.647496],[8.509023,47.646687],[8.499555,47.647252],[8.500187,47.64621],[8.49333,47.646947],[8.493686,47.643024],[8.494355,47.642069],[8.492401,47.642093],[8.491691,47.642948],[8.489597,47.64253],[8.488778,47.644364],[8.487423,47.645069],[8.485191,47.643917],[8.482805,47.644095],[8.481466,47.645613],[8.482204,47.647441],[8.48064,47.648362],[8.480396,47.649238],[8.476425,47.650102],[8.473723,47.649686],[8.473076,47.648274],[8.47391,47.64697],[8.477417,47.645973],[8.477717,47.644655],[8.471038,47.642352],[8.471923,47.641148],[8.475149,47.640997],[8.478049,47.639767],[8.474139,47.6393],[8.473503,47.638405],[8.470003,47.639316],[8.467111,47.641541],[8.463729,47.648464],[8.467139,47.65603],[8.465972,47.657248],[8.464347,47.655732],[8.463645,47.656315],[8.459966,47.653708],[8.457289,47.652736],[8.453667,47.65477],[8.450534,47.655005],[8.445119,47.653862],[8.439463,47.656406],[8.438626,47.657376],[8.436617,47.657381],[8.435283,47.659485],[8.431995,47.662134],[8.423646,47.666862],[8.412212,47.666329],[8.405597,47.674185],[8.406359,47.676227],[8.408526,47.678568],[8.416204,47.679786],[8.418362,47.682782],[8.42079,47.68387],[8.418988,47.685967],[8.418199,47.688186],[8.411982,47.694406],[8.406413,47.695566],[8.404645,47.698033],[8.408108,47.7021],[8.414305,47.706762],[8.417123,47.710183],[8.417918,47.709763],[8.419187,47.710177],[8.420149,47.709509],[8.425343,47.711734],[8.426097,47.711294],[8.437111,47.718396],[8.441666,47.717894],[8.44191,47.718598],[8.440188,47.719745],[8.445341,47.723067],[8.454945,47.722453],[8.455338,47.72307],[8.45425,47.723519],[8.454609,47.727114],[8.457048,47.729172],[8.457125,47.730163],[8.45263,47.730845],[8.449905,47.737509],[8.450776,47.740162],[8.455848,47.742797],[8.45532,47.744213],[8.456522,47.74591],[8.455947,47.748064],[8.457136,47.749939],[8.462454,47.751488],[8.466188,47.753321],[8.469126,47.759273],[8.472483,47.763437],[8.481547,47.768324],[8.484086,47.770943],[8.489019,47.773208],[8.490988,47.771677],[8.496481,47.770898],[8.498363,47.772454],[8.502308,47.773639],[8.503436,47.773166],[8.505292,47.773986],[8.508674,47.774234],[8.509613,47.774617],[8.510313,47.776197],[8.516408,47.773279],[8.518098,47.771396],[8.520205,47.770522],[8.522717,47.774963],[8.526477,47.778009],[8.532462,47.778027],[8.535648,47.779784],[8.55292,47.784632],[8.557288,47.783466],[8.561931,47.780526],[8.563313,47.780571],[8.562889,47.777893],[8.566091,47.778328],[8.566394,47.777908],[8.577331,47.781666],[8.575975,47.785079],[8.574463,47.786888],[8.574958,47.789624],[8.563671,47.792433],[8.562705,47.791891],[8.561996,47.792595],[8.562517,47.802311],[8.56307,47.803782],[8.563808,47.805395],[8.568028,47.808454],[8.570354,47.80624],[8.5731,47.806067],[8.575934,47.801721],[8.575397,47.799598],[8.579893,47.800114],[8.587746,47.802654],[8.592862,47.798705],[8.598252,47.802413],[8.600861,47.803014],[8.611424,47.801898],[8.61394,47.801216],[8.618602,47.798323],[8.618853,47.797574],[8.617912,47.796039],[8.622153,47.794856],[8.620505,47.788945],[8.618946,47.78776],[8.615768,47.787143],[8.615094,47.783967],[8.617661,47.780122],[8.618438,47.780208],[8.618786,47.778143],[8.623371,47.777275],[8.621048,47.771832],[8.619421,47.769808],[8.619446,47.767657],[8.625041,47.763888],[8.627698,47.759391],[8.63167,47.758186],[8.633943,47.760245],[8.640569,47.76434],[8.6424,47.765206],[8.644477,47.764305],[8.647569,47.766961],[8.645348,47.768525],[8.649338,47.770372],[8.652969,47.773398],[8.651123,47.774343],[8.648112,47.774063],[8.650069,47.781344],[8.6498,47.783301],[8.64546,47.787219],[8.645749,47.790711],[8.646932,47.794713],[8.64892,47.794992],[8.648889,47.797276],[8.649605,47.798461],[8.653332,47.799899],[8.656863,47.800441],[8.660313,47.796321],[8.660003,47.794],[8.657417,47.791744],[8.662321,47.79176],[8.665268,47.790356],[8.667583,47.787696],[8.671128,47.787589],[8.676241,47.785763],[8.677116,47.785718],[8.678396,47.786783],[8.681033,47.786605],[8.68005,47.785262],[8.682369,47.783698],[8.681764,47.782936],[8.683318,47.780493],[8.682853,47.778893],[8.683212,47.777303],[8.688627,47.77352],[8.68359,47.770599],[8.686814,47.765262],[8.687657,47.762075],[8.688422,47.761943],[8.687778,47.76027],[8.688708,47.75836],[8.692835,47.756214],[8.695131,47.755711],[8.69593,47.756812],[8.697344,47.756635],[8.699109,47.759609],[8.701468,47.760867],[8.701573,47.760162],[8.706994,47.763682],[8.709542,47.763145],[8.711843,47.764812],[8.714071,47.765399],[8.721388,47.763093],[8.722269,47.764023],[8.723645,47.763419],[8.723254,47.762924],[8.727326,47.762267],[8.730808,47.759608],[8.728961,47.75796],[8.741137,47.751984],[8.740768,47.749583],[8.741438,47.748184],[8.739537,47.746518],[8.728053,47.74614],[8.72659,47.745036],[8.723626,47.745649],[8.72162,47.743957],[8.720236,47.740998],[8.714607,47.738585],[8.714195,47.736318],[8.711158,47.730138],[8.713811,47.727729],[8.717943,47.72162],[8.724828,47.721281],[8.724692,47.720148],[8.733028,47.718506],[8.736308,47.716327],[8.732199,47.71176],[8.730807,47.708276],[8.731071,47.707567],[8.727724,47.700438],[8.726503,47.696613],[8.728024,47.692761],[8.73477,47.692792],[8.741833,47.691235],[8.751058,47.69078],[8.757782,47.689376],[8.767589,47.685692],[8.774478,47.680841],[8.788337,47.675544],[8.792503,47.674883],[8.796058,47.675337],[8.793532,47.680104],[8.795127,47.683797],[8.795979,47.684421],[8.796836,47.688094],[8.800107,47.69185],[8.802973,47.692164],[8.806161,47.691588],[8.810113,47.693353],[8.806336,47.696512],[8.797602,47.697208],[8.79857,47.698943],[8.797595,47.702849],[8.79634,47.702866],[8.793968,47.704239],[8.790749,47.70527],[8.786584,47.70462],[8.769345,47.706845],[8.769669,47.709158],[8.771494,47.710069],[8.771447,47.711979],[8.772867,47.713224],[8.770311,47.715031],[8.770982,47.716028],[8.76996,47.716023],[8.769759,47.718449],[8.770143,47.719103],[8.772191,47.718237],[8.774798,47.719071],[8.77735,47.720857],[8.776315,47.722724],[8.780775,47.721662],[8.782482,47.724188],[8.783923,47.724925],[8.783642,47.726157],[8.784841,47.727348],[8.78661,47.726335],[8.788705,47.727763],[8.790703,47.727254],[8.79182,47.728797],[8.7992,47.727118],[8.799122,47.728875],[8.796567,47.73455],[8.799784,47.735296],[8.799447,47.736124],[8.804617,47.736743],[8.805257,47.738284],[8.806676,47.738278],[8.807578,47.737135],[8.807112,47.73468],[8.808547,47.731211],[8.81218,47.730423],[8.810905,47.729743],[8.811548,47.729294],[8.810861,47.728212],[8.805625,47.725898],[8.804811,47.724517],[8.808478,47.724609],[8.812707,47.723765],[8.818535,47.717645],[8.82538,47.718707],[8.826254,47.717865],[8.822173,47.714798],[8.818943,47.713299],[8.819053,47.712776],[8.823497,47.712166],[8.82299,47.711611],[8.823758,47.710966],[8.825532,47.711],[8.83009,47.71187],[8.829929,47.712349],[8.831746,47.713777],[8.833593,47.714557],[8.83407,47.713796],[8.840682,47.712805],[8.841015,47.712093],[8.843183,47.712155],[8.845767,47.711154],[8.846141,47.707181],[8.848343,47.703369],[8.85336,47.704748],[8.861036,47.70413],[8.866604,47.705472],[8.872742,47.704075],[8.872301,47.703127],[8.869694,47.701866],[8.870999,47.701487],[8.871497,47.700044],[8.872115,47.700172],[8.873752,47.698184],[8.87615,47.696849],[8.874723,47.694482],[8.873403,47.693965],[8.871058,47.693423],[8.869792,47.69405],[8.866725,47.693953],[8.863282,47.692404],[8.862829,47.693186],[8.864119,47.694112],[8.863867,47.694718],[8.865231,47.694773],[8.866306,47.696381],[8.863224,47.698426],[8.860622,47.696259],[8.860169,47.698157],[8.858082,47.69874],[8.85483,47.69704],[8.851535,47.697618],[8.851843,47.696702],[8.85097,47.696104],[8.850812,47.694655],[8.852703,47.694166],[8.854741,47.694494],[8.857718,47.692648],[8.856384,47.689832],[8.855836,47.689882],[8.856356,47.689094],[8.85343,47.687831],[8.852765,47.68588],[8.851093,47.685587],[8.85054,47.68263],[8.851655,47.682477],[8.850417,47.681751],[8.850564,47.681172],[8.856278,47.680269],[8.86058,47.680306],[8.867889,47.675888],[8.870662,47.671698],[8.873823,47.669494],[8.876174,47.660442],[8.875529,47.660354],[8.875401,47.654949],[8.879351,47.654997],[8.883551,47.653942],[8.893845,47.648335],[8.901782,47.648538],[8.906913,47.650556],[8.92153,47.653162],[8.926545,47.655165],[8.941518,47.656279],[8.946062,47.659498],[8.950411,47.660428],[8.955726,47.662991],[8.961581,47.664256],[8.969085,47.667698],[8.974849,47.668983],[8.977946,47.672264],[8.980145,47.673508],[8.990075,47.67528],[9.002744,47.679518],[9.014865,47.685316],[9.02338,47.686852],[9.028672,47.686513],[9.048621,47.682654],[9.075894,47.678619],[9.088028,47.679921],[9.094203,47.679422],[9.10434,47.676128],[9.117992,47.668703],[9.132806,47.666018],[9.139216,47.664167],[9.143244,47.665076],[9.148441,47.667488],[9.150777,47.667641],[9.157837,47.665763],[9.160657,47.662252],[9.169738,47.656023],[9.170313,47.654961],[9.175492,47.655773],[9.17597,47.653987],[9.177314,47.65492],[9.187102,47.657451],[9.20304,47.655329],[9.214832,47.655096],[9.256561,47.658708],[9.394714,47.620326],[9.495604,47.551455],[9.55872,47.541893],[9.561825,47.504559],[9.561303,47.498548],[9.561997,47.496295],[9.565645,47.492453],[9.579227,47.485061],[9.581875,47.483066],[9.595075,47.463367],[9.600483,47.461629],[9.603043,47.462078],[9.605022,47.463969],[9.606623,47.46981],[9.609151,47.470521],[9.611799,47.469244],[9.616967,47.461946],[9.622381,47.457456],[9.626327,47.456684],[9.645679,47.455652],[9.655369,47.454045],[9.65898,47.452201],[9.659435,47.45138],[9.659041,47.449119],[9.657991,47.447787],[9.646603,47.439667],[9.64468,47.436929],[9.644373,47.434126],[9.6503,47.421075],[9.651874,47.408718],[9.651621,47.404624],[9.654378,47.404397],[9.657337,47.400155],[9.660092,47.397544],[9.672458,47.392619],[9.674087,47.390147],[9.673849,47.383873],[9.673145,47.381064],[9.670614,47.377791],[9.664641,47.372658],[9.660423,47.370128],[9.650538,47.36754],[9.635376,47.367368],[9.626277,47.365078],[9.624464,47.366143],[9.605767,47.351857],[9.599464,47.34512],[9.589237,47.319081],[9.588006,47.317246],[9.581613,47.311159],[9.56559,47.304117],[9.556429,47.298351],[9.554607,47.295947],[9.551288,47.286741],[9.546161,47.280014],[9.532947,47.272989],[9.530876,47.270874],[9.53012,47.26249],[9.520459,47.24396],[9.504648,47.225123],[9.50165,47.220173],[9.49961,47.211279],[9.489763,47.196492],[9.485849,47.181441],[9.491307,47.16297],[9.499731,47.14977],[9.507209,47.142381],[9.511844,47.132016],[9.518864,47.105502],[9.519624,47.10013],[9.51932,47.096554],[9.515609,47.087852],[9.513538,47.085634],[9.492284,47.073842],[9.475102,47.066965],[9.472387,47.065026],[9.471683,47.063309],[9.471786,47.061514],[9.475795,47.05175],[9.476829,47.052118],[9.47628,47.053457],[9.476901,47.0546],[9.478804,47.055653],[9.480096,47.055384],[9.482283,47.056117],[9.481897,47.052539],[9.484383,47.049257],[9.485757,47.04909],[9.491317,47.05625],[9.493333,47.056515],[9.497396,47.054158],[9.499541,47.054153],[9.500005,47.057126],[9.502773,47.056224],[9.512082,47.056816],[9.514147,47.057337],[9.516547,47.060087],[9.532219,47.062946],[9.539761,47.065146],[9.543212,47.063676],[9.544706,47.062378],[9.548898,47.06101],[9.551627,47.058841],[9.553281,47.056981],[9.5535,47.05309],[9.554515,47.050301],[9.555532,47.050113],[9.556927,47.048514],[9.558949,47.048427],[9.562772,47.049617],[9.564582,47.050836],[9.572001,47.05208],[9.572923,47.052761],[9.57602,47.05327],[9.582167,47.052702],[9.583685,47.053787],[9.588252,47.054926],[9.591697,47.057155],[9.599769,47.058968],[9.601557,47.060942],[9.603479,47.061772],[9.607205,47.060706],[9.610414,47.057788],[9.615722,47.055312],[9.617209,47.053624],[9.624981,47.052383],[9.626335,47.051326],[9.627554,47.05176],[9.63268,47.05125],[9.636549,47.051701],[9.641333,47.053921],[9.641601,47.055978],[9.643429,47.057581],[9.643709,47.059077],[9.645065,47.059773],[9.658222,47.05818],[9.6644,47.059832],[9.669256,47.059249],[9.672501,47.059681],[9.679836,47.062211],[9.681847,47.062096],[9.682648,47.060334],[9.682122,47.058842],[9.688199,47.055225],[9.692504,47.054589],[9.697568,47.052387],[9.701597,47.052203],[9.707604,47.053806],[9.708585,47.051663],[9.705679,47.050349],[9.707019,47.048044],[9.71684,47.04486],[9.71822,47.043373],[9.724984,47.044018],[9.73203,47.043402],[9.734159,47.042391],[9.738115,47.04189],[9.741858,47.042674],[9.742243,47.041493],[9.745259,47.041069],[9.745317,47.039133],[9.746013,47.039112],[9.748087,47.036922],[9.753909,47.036836],[9.756955,47.03784],[9.763087,47.037371],[9.769143,47.039011],[9.774921,47.039097],[9.77695,47.038449],[9.778425,47.03882],[9.78111,47.037974],[9.784924,47.038485],[9.785342,47.036741],[9.789651,47.034758],[9.791898,47.031686],[9.795321,47.030921],[9.7959,47.030141],[9.801409,47.029087],[9.801049,47.028149],[9.803874,47.026826],[9.807573,47.023562],[9.809391,47.023521],[9.809944,47.022701],[9.811712,47.022542],[9.812334,47.021732],[9.814529,47.022255],[9.814893,47.021862],[9.815455,47.022543],[9.823539,47.019859],[9.825849,47.017638],[9.828902,47.016745],[9.830765,47.014319],[9.833545,47.014518],[9.834587,47.013936],[9.833827,47.013848],[9.834165,47.013533],[9.835605,47.013323],[9.836127,47.012531],[9.83974,47.012654],[9.838151,47.01295],[9.841017,47.015119],[9.846484,47.016271],[9.852737,47.016413],[9.856966,47.018802],[9.859754,47.02321],[9.860669,47.023309],[9.86158,47.022325],[9.867195,47.021324],[9.876256,47.021227],[9.879411,47.019557],[9.879147,47.019072],[9.879722,47.018608],[9.879266,47.018248],[9.88034,47.018018],[9.880359,47.017224],[9.877273,47.01625],[9.875412,47.014233],[9.87116,47.013058],[9.87203,47.010204],[9.870705,47.009652],[9.872568,47.008554],[9.87333,47.007472],[9.873266,47.006348],[9.883378,47.002102],[9.888786,47.000727],[9.889728,46.996311],[9.889521,46.994158],[9.890176,46.993778],[9.890591,46.991851],[9.892313,46.990359],[9.891966,46.988926],[9.89113,46.98835],[9.884826,46.985465],[9.884641,46.984361],[9.883101,46.983267],[9.884558,46.980848],[9.879911,46.977094],[9.879153,46.975241],[9.87571,46.973653],[9.874705,46.97172],[9.876178,46.970055],[9.875593,46.967496],[9.870741,46.963209],[9.872703,46.961841],[9.873372,46.960417],[9.876914,46.958707],[9.878729,46.957066],[9.87735,46.954314],[9.877774,46.952912],[9.877198,46.952665],[9.877186,46.951606],[9.874888,46.95039],[9.876778,46.947622],[9.876498,46.944187],[9.87727,46.941851],[9.876581,46.940705],[9.880716,46.940111],[9.879558,46.938605],[9.877694,46.938133],[9.876138,46.934628],[9.877682,46.934295],[9.878662,46.935038],[9.880735,46.935016],[9.883173,46.934188],[9.884417,46.933017],[9.894496,46.931644],[9.897673,46.930212],[9.900035,46.927336],[9.906164,46.925828],[9.906332,46.9253],[9.907965,46.924923],[9.91232,46.926054],[9.915239,46.924329],[9.916559,46.921669],[9.921541,46.918823],[9.928389,46.916876],[9.937237,46.91331],[9.943335,46.913153],[9.946132,46.912349],[9.949889,46.914271],[9.959081,46.916024],[9.961814,46.914558],[9.963122,46.912397],[9.964457,46.912783],[9.966577,46.912222],[9.971691,46.913449],[9.973149,46.915219],[9.977877,46.915882],[9.980502,46.91385],[9.980649,46.912755],[9.981793,46.911918],[9.981356,46.911329],[9.982239,46.909278],[9.981273,46.908148],[9.982445,46.906198],[9.986817,46.905527],[9.990121,46.902408],[9.997411,46.902035],[10.000746,46.899912],[10.00592,46.8988],[10.009804,46.900515],[10.01494,46.900181],[10.01783,46.901615],[10.019871,46.898779],[10.022278,46.897797],[10.023381,46.896487],[10.026479,46.895806],[10.028588,46.891964],[10.032071,46.888982],[10.032186,46.887995],[10.034665,46.88658],[10.037641,46.886762],[10.03932,46.885806],[10.041251,46.883926],[10.042449,46.880439],[10.045424,46.879978],[10.050384,46.876896],[10.051943,46.876743],[10.051581,46.876155],[10.052611,46.875746],[10.052594,46.874694],[10.051535,46.873763],[10.051931,46.872157],[10.050547,46.870914],[10.05136,46.870359],[10.050667,46.868604],[10.05127,46.867941],[10.0508,46.865053],[10.051209,46.863941],[10.054892,46.861704],[10.057227,46.862004],[10.059572,46.860774],[10.06333,46.861556],[10.068635,46.861228],[10.074942,46.861941],[10.083859,46.860202],[10.087439,46.861193],[10.088658,46.859839],[10.092664,46.858049],[10.092952,46.857001],[10.091679,46.854899],[10.092347,46.852392],[10.091964,46.851425],[10.095663,46.849947],[10.098002,46.847525],[10.100534,46.846229],[10.105448,46.840854],[10.106313,46.841424],[10.113038,46.842169],[10.115635,46.843867],[10.119133,46.844169],[10.120156,46.846378],[10.119935,46.847377],[10.122167,46.847322],[10.123095,46.848483],[10.13156,46.847347],[10.139421,46.847378],[10.143442,46.84876],[10.144713,46.849841],[10.145072,46.851098],[10.147082,46.851408],[10.154593,46.85032],[10.155838,46.849491],[10.155885,46.847875],[10.157422,46.847859],[10.162702,46.850989],[10.169073,46.850658],[10.170337,46.851303],[10.170865,46.852971],[10.171767,46.853663],[10.178497,46.854042],[10.182017,46.85551],[10.183506,46.859005],[10.185683,46.860673],[10.188605,46.861412],[10.191213,46.862982],[10.19367,46.866441],[10.199024,46.866626],[10.203835,46.864613],[10.206995,46.865219],[10.209201,46.864812],[10.219239,46.867282],[10.222918,46.866335],[10.232677,46.866291],[10.231931,46.866729],[10.230849,46.869435],[10.232748,46.870903],[10.23284,46.873038],[10.231965,46.87579],[10.233926,46.877833],[10.234592,46.880541],[10.23401,46.883051],[10.234842,46.884681],[10.230691,46.889004],[10.227614,46.890205],[10.227517,46.891988],[10.226629,46.893065],[10.227275,46.894208],[10.226825,46.89547],[10.225729,46.895939],[10.22674,46.897119],[10.230384,46.898307],[10.233309,46.90164],[10.234376,46.904063],[10.233921,46.905687],[10.234644,46.906512],[10.234599,46.907879],[10.236647,46.912192],[10.235909,46.913383],[10.237195,46.914964],[10.237043,46.915701],[10.239945,46.916573],[10.242024,46.918828],[10.240628,46.923962],[10.241612,46.92946],[10.240596,46.931369],[10.252472,46.93072],[10.266887,46.928829],[10.289899,46.922889],[10.291041,46.92326],[10.296878,46.91995],[10.300799,46.924654],[10.309525,46.925823],[10.316062,46.925177],[10.317032,46.926066],[10.317171,46.930952],[10.312748,46.934443],[10.310222,46.935629],[10.30901,46.937539],[10.307305,46.938315],[10.306126,46.9403],[10.307139,46.942282],[10.308586,46.943443],[10.307585,46.946465],[10.309361,46.950199],[10.31619,46.951549],[10.320852,46.95144],[10.324551,46.952179],[10.327827,46.953974],[10.329666,46.958946],[10.329046,46.96182],[10.329497,46.964268],[10.331234,46.966907],[10.333137,46.967977],[10.334084,46.969474],[10.334523,46.972516],[10.340717,46.978373],[10.339808,46.979653],[10.339992,46.981305],[10.341825,46.982271],[10.343787,46.982158],[10.34479,46.983064],[10.346302,46.985909],[10.346517,46.989586],[10.348089,46.989582],[10.349019,46.990658],[10.354993,46.992359],[10.358798,46.991403],[10.365866,46.991542],[10.368394,46.990779],[10.372052,46.990668],[10.373561,46.992566],[10.378412,46.994846],[10.380292,46.997015],[10.384625,46.999971],[10.389313,47.00052],[10.398315,46.997138],[10.40218,46.990854],[10.406783,46.988558],[10.412502,46.982643],[10.420583,46.979941],[10.426585,46.975681],[10.427522,46.972949],[10.427074,46.971168],[10.425933,46.968608],[10.42296,46.965575],[10.423347,46.96421],[10.422891,46.961762],[10.422014,46.960778],[10.42223,46.960059],[10.425728,46.958255],[10.426385,46.95732],[10.429575,46.955981],[10.434192,46.956378],[10.437475,46.955893],[10.439557,46.954132],[10.442404,46.95418],[10.449153,46.952314],[10.455478,46.952879],[10.456924,46.950853],[10.461141,46.949673],[10.463936,46.948075],[10.468821,46.947096],[10.470715,46.945196],[10.471794,46.945055],[10.473108,46.942924],[10.474926,46.942512],[10.476198,46.94103],[10.481182,46.940075],[10.483367,46.939043],[10.487902,46.938785],[10.489348,46.937785],[10.487354,46.935981],[10.486893,46.934623],[10.488018,46.934356],[10.485945,46.933026],[10.485295,46.931444],[10.485514,46.92982],[10.488049,46.928021],[10.488306,46.92628],[10.486463,46.922336],[10.486843,46.920442],[10.485281,46.918623],[10.486217,46.915456],[10.483333,46.912488],[10.478541,46.910591],[10.478694,46.907557],[10.47756,46.904996],[10.477736,46.903449],[10.475182,46.901134],[10.475022,46.89873],[10.475667,46.89761],[10.475091,46.894287],[10.472403,46.892485],[10.471955,46.890817],[10.469189,46.88932],[10.464696,46.884275],[10.46689,46.883457],[10.46923,46.881099],[10.469741,46.877166],[10.471265,46.872957],[10.470299,46.866702],[10.468007,46.862107],[10.471825,46.848702],[10.468754,46.847675],[10.466376,46.843592],[10.463848,46.841198],[10.464712,46.839935],[10.466469,46.839362],[10.466085,46.837142],[10.466508,46.835859],[10.463073,46.834085],[10.460093,46.834739],[10.459021,46.831564],[10.456603,46.83019],[10.460429,46.82454],[10.455804,46.821804],[10.456471,46.82004],[10.456041,46.818423],[10.457796,46.816732],[10.45769,46.816049],[10.456392,46.813904],[10.454093,46.811964],[10.454238,46.810315],[10.453541,46.808685],[10.452048,46.806445],[10.45091,46.805865],[10.450586,46.804046],[10.448239,46.803308],[10.448783,46.802627],[10.447559,46.800773],[10.445249,46.800614],[10.438992,46.797639],[10.429557,46.79678],[10.429482,46.795261],[10.427717,46.79387],[10.426738,46.794236],[10.427944,46.791235],[10.426643,46.789406],[10.422719,46.788242],[10.423497,46.786903],[10.428941,46.78533],[10.431155,46.782706],[10.433703,46.781924],[10.434407,46.778237],[10.439198,46.775427],[10.439733,46.774238],[10.440483,46.77401],[10.441817,46.771173],[10.441723,46.767012],[10.444018,46.762373],[10.444039,46.75806],[10.442682,46.753875],[10.441721,46.752042],[10.439163,46.752819],[10.435543,46.752676],[10.423076,46.745273],[10.412921,46.740789],[10.411658,46.739329],[10.411627,46.738442],[10.400815,46.733845],[10.400168,46.732691],[10.409028,46.728205],[10.409376,46.72547],[10.414475,46.720568],[10.418771,46.719136],[10.418897,46.718523],[10.417597,46.717272],[10.418042,46.714515],[10.416087,46.713489],[10.415326,46.71223],[10.415284,46.70938],[10.416039,46.70902],[10.410008,46.705477],[10.404265,46.704945],[10.403327,46.705501],[10.396576,46.695779],[10.396629,46.69418],[10.39381,46.69063],[10.393473,46.689304],[10.390757,46.688213],[10.388324,46.688227],[10.387638,46.687049],[10.383569,46.687282],[10.381822,46.684306],[10.385353,46.682089],[10.387676,46.677896],[10.389705,46.676429],[10.391257,46.671878],[10.39251,46.671597],[10.390896,46.668111],[10.392195,46.666039],[10.39192,46.663751],[10.392768,46.661927],[10.392581,46.660502],[10.390979,46.658994],[10.392058,46.657068],[10.391996,46.6552],[10.394088,46.654637],[10.394297,46.653558],[10.39622,46.652936],[10.396502,46.649503],[10.398858,46.64789],[10.400398,46.645762],[10.400737,46.642908],[10.401618,46.642198],[10.401756,46.640708],[10.399858,46.638584],[10.402288,46.636812],[10.409127,46.635058],[10.420209,46.638311],[10.443446,46.639379],[10.446075,46.641271],[10.454743,46.63743],[10.462565,46.63305],[10.481892,46.61987],[10.484266,46.61742],[10.488738,46.615143],[10.492063,46.615386],[10.492155,46.612862],[10.491145,46.611074],[10.487254,46.608528],[10.486644,46.607131],[10.484437,46.605079],[10.484397,46.603801],[10.485456,46.601656],[10.487045,46.600555],[10.487363,46.598371],[10.487178,46.59687],[10.484576,46.594728],[10.48492,46.593652],[10.48399,46.593171],[10.483784,46.592155],[10.484986,46.590411],[10.486118,46.590658],[10.487787,46.589559],[10.485301,46.584638],[10.48567,46.583729],[10.483392,46.580931],[10.484791,46.577537],[10.480537,46.574795],[10.479232,46.57227],[10.477363,46.571165],[10.477368,46.569091],[10.476667,46.567664],[10.474677,46.566677],[10.47518,46.564999],[10.474195,46.564342],[10.474066,46.562714],[10.474886,46.562277],[10.477919,46.557414],[10.476142,46.555454],[10.474494,46.551429],[10.471098,46.548385],[10.472294,46.543532],[10.471465,46.542697],[10.467847,46.542234],[10.465413,46.541207],[10.459112,46.541318],[10.459366,46.538586],[10.458578,46.536549],[10.456193,46.535239],[10.4528,46.530682],[10.448058,46.533402],[10.445877,46.533694],[10.436688,46.53739],[10.433618,46.541319],[10.423011,46.547325],[10.420135,46.550442],[10.418238,46.551311],[10.41455,46.55108],[10.409031,46.549274],[10.407254,46.547762],[10.405266,46.547496],[10.39704,46.543917],[10.388179,46.547167],[10.384266,46.550045],[10.379328,46.549978],[10.375611,46.552626],[10.373176,46.552537],[10.370483,46.553936],[10.367577,46.554055],[10.363875,46.555507],[10.354685,46.555338],[10.351868,46.555879],[10.349846,46.552739],[10.350227,46.549423],[10.348323,46.549041],[10.341982,46.543779],[10.33819,46.542726],[10.335235,46.544532],[10.333919,46.546643],[10.331704,46.547943],[10.33055,46.549426],[10.325468,46.551732],[10.324886,46.550777],[10.321022,46.549899],[10.31855,46.548223],[10.315944,46.548463],[10.31143,46.546687],[10.30815,46.549427],[10.302138,46.548977],[10.296071,46.549974],[10.294429,46.551951],[10.296506,46.554911],[10.295995,46.558877],[10.292795,46.561142],[10.289496,46.564642],[10.289073,46.568485],[10.287419,46.570396],[10.282147,46.57099],[10.280079,46.572066],[10.276704,46.572586],[10.276252,46.573243],[10.272421,46.574454],[10.272044,46.575952],[10.269336,46.577693],[10.266409,46.576791],[10.263819,46.577147],[10.25911,46.57411],[10.25634,46.573064],[10.254135,46.571244],[10.246072,46.575007],[10.245243,46.577242],[10.244157,46.57805],[10.244758,46.579515],[10.243821,46.582752],[10.244085,46.583964],[10.242855,46.585136],[10.24267,46.587571],[10.241514,46.589042],[10.242176,46.590962],[10.24184,46.5916],[10.243348,46.593552],[10.243089,46.593924],[10.245441,46.595389],[10.248387,46.600664],[10.251124,46.602296],[10.252529,46.60406],[10.252434,46.60493],[10.255707,46.608376],[10.257073,46.608658],[10.259085,46.610216],[10.244788,46.622167],[10.241188,46.627045],[10.240233,46.635068],[10.239309,46.635353],[10.229216,46.631642],[10.227535,46.629962],[10.224132,46.629129],[10.222108,46.627293],[10.221564,46.62557],[10.219812,46.624293],[10.220021,46.621663],[10.215319,46.616939],[10.20637,46.620766],[10.1934,46.623135],[10.192887,46.624736],[10.193715,46.625599],[10.192765,46.625934],[10.187987,46.625586],[10.183067,46.623969],[10.162418,46.615705],[10.160311,46.616165],[10.157959,46.614888],[10.151362,46.614578],[10.143617,46.610711],[10.137362,46.61074],[10.136333,46.607599],[10.134483,46.60791],[10.132341,46.606298],[10.127624,46.605103],[10.123839,46.60612],[10.119829,46.605852],[10.113257,46.607136],[10.109161,46.608789],[10.106677,46.610692],[10.102354,46.610736],[10.101483,46.609831],[10.100582,46.606912],[10.098854,46.605863],[10.099369,46.603378],[10.101287,46.601016],[10.099908,46.598987],[10.097635,46.597774],[10.098019,46.596394],[10.097031,46.593485],[10.097716,46.592098],[10.101161,46.589196],[10.10002,46.586811],[10.101504,46.585081],[10.100676,46.582722],[10.098976,46.582106],[10.097189,46.580363],[10.095695,46.577351],[10.082969,46.57525],[10.078673,46.575123],[10.078664,46.573015],[10.079744,46.57131],[10.082904,46.569682],[10.085394,46.567118],[10.08322,46.565463],[10.082334,46.563492],[10.080259,46.562866],[10.077845,46.560673],[10.073482,46.560173],[10.07171,46.559031],[10.07078,46.557963],[10.070865,46.556302],[10.069825,46.555788],[10.068885,46.554144],[10.0694,46.552386],[10.068685,46.551182],[10.067834,46.550248],[10.065738,46.549886],[10.063115,46.548463],[10.061415,46.545704],[10.056317,46.544539],[10.05173,46.544971],[10.05022,46.544045],[10.046766,46.544044],[10.046457,46.542392],[10.043892,46.540466],[10.04388,46.53758],[10.045625,46.535632],[10.05266,46.532572],[10.053535,46.531687],[10.053428,46.530678],[10.050434,46.528966],[10.052572,46.526183],[10.053992,46.522665],[10.053705,46.518281],[10.05153,46.513355],[10.04683,46.510543],[10.042269,46.510045],[10.042856,46.506494],[10.045101,46.502061],[10.047627,46.500976],[10.04909,46.499596],[10.045589,46.496283],[10.044809,46.493192],[10.045259,46.490297],[10.047358,46.488102],[10.04849,46.487812],[10.047538,46.487253],[10.047879,46.48638],[10.043665,46.482745],[10.042827,46.480031],[10.043343,46.478034],[10.047131,46.475879],[10.047591,46.474761],[10.049499,46.474089],[10.051463,46.472211],[10.051523,46.467755],[10.052348,46.466972],[10.052256,46.465974],[10.054464,46.46466],[10.052409,46.461338],[10.052491,46.460406],[10.046593,46.457496],[10.046921,46.455857],[10.043995,46.455076],[10.043802,46.453839],[10.041842,46.452229],[10.042468,46.448995],[10.041064,46.447631],[10.039149,46.446982],[10.041908,46.442865],[10.043507,46.441954],[10.04718,46.442004],[10.050735,46.441148],[10.052583,46.439699],[10.05394,46.439594],[10.056278,46.440868],[10.058262,46.438256],[10.057423,46.436034],[10.05843,46.433616],[10.05801,46.432021],[10.058741,46.43132],[10.058812,46.43006],[10.061496,46.427434],[10.064441,46.426598],[10.064393,46.425871],[10.074224,46.428504],[10.077154,46.42819],[10.080184,46.425603],[10.079177,46.423124],[10.080174,46.421085],[10.082376,46.421638],[10.087057,46.421323],[10.09071,46.422647],[10.094204,46.422486],[10.097239,46.42119],[10.100731,46.421346],[10.102099,46.422532],[10.10183,46.423478],[10.102462,46.424711],[10.106616,46.425686],[10.107956,46.427162],[10.107914,46.428285],[10.113627,46.426454],[10.11723,46.426032],[10.119221,46.429227],[10.122279,46.430312],[10.126909,46.430327],[10.129105,46.431752],[10.130883,46.431605],[10.132923,46.429093],[10.14301,46.428324],[10.142243,46.427046],[10.144272,46.42449],[10.146381,46.424203],[10.1472,46.423179],[10.147424,46.420306],[10.148208,46.419041],[10.147695,46.417647],[10.14848,46.416858],[10.148696,46.415145],[10.147669,46.414224],[10.149386,46.41282],[10.150822,46.414068],[10.152777,46.413778],[10.157207,46.415891],[10.161134,46.415387],[10.161944,46.414514],[10.161586,46.413602],[10.163723,46.410554],[10.166727,46.407593],[10.162101,46.404233],[10.162041,46.399969],[10.163905,46.39601],[10.162967,46.395498],[10.162869,46.393747],[10.163992,46.390685],[10.162062,46.388569],[10.162024,46.387514],[10.160407,46.38727],[10.158743,46.385598],[10.155774,46.384913],[10.149629,46.385558],[10.147568,46.386926],[10.14427,46.386029],[10.142566,46.386224],[10.127659,46.377744],[10.12756,46.376034],[10.128467,46.37418],[10.126333,46.371852],[10.126624,46.369932],[10.125994,46.369822],[10.127316,46.369147],[10.127714,46.366108],[10.129267,46.362702],[10.12912,46.360882],[10.123862,46.359436],[10.121677,46.357851],[10.118915,46.357179],[10.113117,46.352529],[10.109708,46.353161],[10.108446,46.352327],[10.107877,46.350629],[10.109025,46.348617],[10.109234,46.34604],[10.108609,46.344219],[10.10596,46.342177],[10.106744,46.340824],[10.105506,46.339154],[10.10543,46.334817],[10.104563,46.333152],[10.1094,46.328435],[10.113006,46.323292],[10.113019,46.322122],[10.114053,46.32105],[10.114001,46.318718],[10.11645,46.315568],[10.116609,46.314082],[10.120436,46.312475],[10.123628,46.312022],[10.127885,46.309877],[10.128993,46.308419],[10.13175,46.307611],[10.133557,46.306043],[10.138823,46.304636],[10.139077,46.303247],[10.137959,46.301115],[10.138924,46.299569],[10.144769,46.296596],[10.145618,46.29554],[10.14744,46.294747],[10.152531,46.294158],[10.154282,46.292784],[10.156638,46.289281],[10.155925,46.28784],[10.153988,46.286288],[10.154507,46.285366],[10.160642,46.283642],[10.162491,46.282321],[10.161319,46.276851],[10.162292,46.275642],[10.16177,46.275355],[10.163464,46.274729],[10.163351,46.271453],[10.165367,46.271235],[10.168002,46.26989],[10.172015,46.26661],[10.173518,46.264314],[10.173962,46.261673],[10.176524,46.258276],[10.174934,46.254612],[10.150873,46.239642],[10.145951,46.230483],[10.132426,46.225376],[10.132324,46.224877],[10.128616,46.225594],[10.123284,46.223787],[10.118943,46.225365],[10.109172,46.225719],[10.103485,46.22857],[10.099094,46.227616],[10.094684,46.228585],[10.093226,46.227788],[10.088499,46.227805],[10.081088,46.225452],[10.077247,46.221854],[10.070369,46.217166],[10.06693,46.21799],[10.066215,46.219656],[10.063082,46.220194],[10.058612,46.224974],[10.055784,46.225222],[10.055095,46.22629],[10.051642,46.227681],[10.049375,46.227184],[10.048532,46.228527],[10.043809,46.229717],[10.044667,46.231307],[10.049493,46.232785],[10.053709,46.235827],[10.054433,46.238368],[10.053409,46.241257],[10.054349,46.242643],[10.057069,46.244056],[10.05712,46.246811],[10.058878,46.247051],[10.06065,46.248262],[10.060555,46.250803],[10.05865,46.253211],[10.058763,46.255738],[10.056109,46.256961],[10.058021,46.258216],[10.055634,46.262229],[10.056011,46.264034],[10.055535,46.265835],[10.053616,46.26708],[10.050883,46.267132],[10.045656,46.269898],[10.043599,46.270075],[10.038838,46.273599],[10.032762,46.275763],[10.031241,46.277036],[10.016475,46.279402],[10.010507,46.280997],[10.008907,46.280677],[10.000435,46.282927],[9.99593,46.284925],[9.994911,46.286809],[9.99423,46.291521],[9.992571,46.292989],[9.991738,46.296256],[9.992689,46.297301],[9.99384,46.296902],[9.996083,46.297351],[9.998691,46.300194],[9.998487,46.300864],[10.00076,46.301558],[10.000811,46.303762],[9.999458,46.304124],[9.999559,46.305007],[9.998242,46.304722],[9.998021,46.306052],[9.99625,46.307314],[9.999749,46.309839],[10.000067,46.313189],[9.997662,46.314017],[9.994694,46.313883],[9.993959,46.315198],[9.992714,46.315384],[9.991529,46.316668],[9.986474,46.319268],[9.985516,46.320775],[9.979945,46.323128],[9.984255,46.328599],[9.983987,46.329904],[9.985757,46.331855],[9.985462,46.334079],[9.987552,46.334675],[9.988361,46.33602],[9.990467,46.336949],[9.99116,46.337966],[9.991004,46.339649],[9.992413,46.340143],[9.992716,46.341048],[9.995957,46.342223],[9.995337,46.346172],[9.994591,46.346653],[9.994838,46.348891],[9.996382,46.351142],[9.993831,46.352434],[9.985111,46.351644],[9.984431,46.35314],[9.977212,46.357274],[9.97365,46.358259],[9.971031,46.36095],[9.964519,46.363765],[9.955719,46.373617],[9.956139,46.374963],[9.959136,46.378275],[9.957957,46.37894],[9.952816,46.379314],[9.945702,46.377473],[9.943694,46.377604],[9.934469,46.374787],[9.932248,46.373691],[9.929988,46.37158],[9.92982,46.370562],[9.931104,46.368002],[9.929201,46.366754],[9.92518,46.365984],[9.92415,46.366759],[9.924441,46.368759],[9.922951,46.370638],[9.919509,46.371542],[9.916901,46.370333],[9.915436,46.373448],[9.911248,46.377139],[9.909719,46.379572],[9.906798,46.380878],[9.901353,46.378943],[9.900134,46.377388],[9.89851,46.376738],[9.896075,46.376691],[9.886273,46.373176],[9.883655,46.373407],[9.883537,46.371688],[9.880587,46.368354],[9.868205,46.362361],[9.865493,46.364646],[9.862663,46.363401],[9.862479,46.364281],[9.861591,46.364535],[9.859948,46.363393],[9.857165,46.364075],[9.856171,46.362742],[9.856068,46.363258],[9.853913,46.363063],[9.852791,46.363946],[9.851704,46.363578],[9.851701,46.364261],[9.849149,46.364378],[9.848558,46.363409],[9.846431,46.3627],[9.845719,46.361747],[9.841954,46.361511],[9.840197,46.362506],[9.837541,46.361005],[9.832665,46.360973],[9.831622,46.360404],[9.831715,46.359177],[9.828676,46.356012],[9.818314,46.349677],[9.81521,46.35018],[9.809394,46.348465],[9.808422,46.347348],[9.804599,46.346045],[9.804181,46.344912],[9.802269,46.343889],[9.792261,46.342935],[9.787567,46.340667],[9.784751,46.340803],[9.778515,46.335204],[9.776872,46.334825],[9.769886,46.33572],[9.76517,46.337423],[9.76165,46.339753],[9.757595,46.344519],[9.747387,46.347755],[9.74625,46.349558],[9.74446,46.350378],[9.743514,46.351799],[9.739288,46.349911],[9.736935,46.350918],[9.733689,46.348799],[9.733359,46.347546],[9.728928,46.344921],[9.726958,46.34449],[9.72296,46.340751],[9.725427,46.337679],[9.725686,46.335727],[9.727524,46.332686],[9.723542,46.33104],[9.723413,46.329015],[9.718577,46.326565],[9.717357,46.323516],[9.718092,46.321592],[9.723497,46.320931],[9.725906,46.319677],[9.726219,46.318756],[9.725513,46.317352],[9.726003,46.313508],[9.724423,46.309863],[9.722001,46.309175],[9.71975,46.306842],[9.718154,46.306277],[9.715271,46.299458],[9.714881,46.296353],[9.715602,46.295557],[9.714508,46.292923],[9.712829,46.292995],[9.709753,46.291909],[9.706127,46.292],[9.702019,46.290826],[9.693533,46.2938],[9.689854,46.293376],[9.687386,46.293926],[9.684504,46.296087],[9.681586,46.297026],[9.681241,46.299827],[9.679144,46.301501],[9.677464,46.301833],[9.67697,46.303125],[9.674736,46.302683],[9.670501,46.29993],[9.670513,46.299105],[9.66923,46.297767],[9.66984,46.296822],[9.668944,46.296028],[9.667641,46.2959],[9.664402,46.297009],[9.662123,46.296654],[9.661689,46.296019],[9.659228,46.295709],[9.65522,46.293045],[9.652999,46.293191],[9.65031,46.292073],[9.649823,46.289709],[9.647864,46.289532],[9.64698,46.288773],[9.645326,46.288873],[9.642301,46.286902],[9.638899,46.286085],[9.638437,46.286495],[9.634983,46.286119],[9.625284,46.288108],[9.618687,46.287364],[9.617791,46.288819],[9.611986,46.292324],[9.610363,46.294579],[9.6066,46.294208],[9.599134,46.29578],[9.592652,46.293556],[9.589892,46.295079],[9.587889,46.294764],[9.586323,46.295308],[9.583466,46.294348],[9.581838,46.295439],[9.580164,46.295038],[9.578178,46.295445],[9.573134,46.299201],[9.57083,46.298969],[9.568053,46.300258],[9.56703,46.301399],[9.562361,46.302571],[9.560925,46.303486],[9.560992,46.304812],[9.560158,46.306164],[9.555206,46.306243],[9.552401,46.303541],[9.549575,46.302338],[9.542608,46.30598],[9.537396,46.309398],[9.536039,46.311237],[9.533219,46.312689],[9.525887,46.319554],[9.52402,46.322411],[9.51849,46.327097],[9.518146,46.330301],[9.516721,46.332602],[9.514232,46.332342],[9.513538,46.33313],[9.513781,46.335531],[9.511486,46.336602],[9.51181,46.33738],[9.51085,46.33941],[9.511384,46.340075],[9.508903,46.345014],[9.509504,46.345911],[9.508217,46.347993],[9.508572,46.351398],[9.505022,46.352491],[9.503086,46.354572],[9.50047,46.356068],[9.499508,46.357764],[9.49978,46.359933],[9.496415,46.364323],[9.492405,46.365673],[9.487314,46.366163],[9.487754,46.366918],[9.48298,46.367184],[9.481623,46.368001],[9.479443,46.371131],[9.475868,46.370611],[9.4727,46.372283],[9.471023,46.372026],[9.468368,46.373315],[9.464635,46.373781],[9.461087,46.375989],[9.463195,46.380204],[9.461282,46.382384],[9.461183,46.383418],[9.46499,46.383737],[9.466047,46.384919],[9.465827,46.386409],[9.469006,46.388632],[9.466477,46.391843],[9.466787,46.398353],[9.465628,46.399287],[9.464851,46.403186],[9.463725,46.404121],[9.464181,46.405327],[9.461253,46.409687],[9.46172,46.41179],[9.460125,46.413848],[9.455867,46.41627],[9.454598,46.418937],[9.454435,46.42078],[9.455309,46.422697],[9.456239,46.429394],[9.458018,46.433719],[9.457082,46.436518],[9.458126,46.438672],[9.459485,46.439787],[9.459268,46.441009],[9.460702,46.442266],[9.459474,46.446377],[9.46034,46.451264],[9.459147,46.453778],[9.458637,46.457212],[9.459897,46.461519],[9.459177,46.463087],[9.460131,46.46453],[9.461981,46.46476],[9.463577,46.466367],[9.464727,46.466638],[9.464377,46.467507],[9.465589,46.4695],[9.464245,46.472012],[9.463599,46.475363],[9.463946,46.478554],[9.462873,46.480496],[9.449702,46.47998],[9.449096,46.484377],[9.461036,46.484844],[9.460954,46.486893],[9.46209,46.490117],[9.461762,46.4938],[9.462714,46.498031],[9.461065,46.505487],[9.464331,46.507784],[9.463559,46.508872],[9.458546,46.508351],[9.456632,46.507453],[9.455014,46.506036],[9.455071,46.505321],[9.434191,46.497908],[9.433986,46.496745],[9.431825,46.495523],[9.429945,46.492678],[9.427515,46.49157],[9.424691,46.488746],[9.424595,46.487494],[9.426281,46.485733],[9.424107,46.482081],[9.42456,46.4806],[9.424115,46.476127],[9.418083,46.472533],[9.414094,46.468015],[9.413325,46.467851],[9.413423,46.467162],[9.411659,46.466925],[9.409084,46.466869],[9.400372,46.469764],[9.397673,46.469705],[9.394024,46.47257],[9.389783,46.473088],[9.390265,46.474511],[9.387957,46.476613],[9.388108,46.47898],[9.385364,46.480441],[9.385838,46.480755],[9.38523,46.482385],[9.382132,46.482603],[9.381755,46.483492],[9.380151,46.484321],[9.377708,46.483836],[9.376364,46.484661],[9.374215,46.488785],[9.371097,46.489518],[9.368488,46.494094],[9.369697,46.49768],[9.371156,46.498903],[9.373245,46.499366],[9.373358,46.503943],[9.36832,46.505137],[9.363695,46.509309],[9.36238,46.509505],[9.358397,46.507408],[9.357868,46.505742],[9.355029,46.504267],[9.350517,46.505463],[9.33908,46.503804],[9.33887,46.505363],[9.337073,46.506],[9.311119,46.504129],[9.305066,46.500963],[9.30133,46.500718],[9.297644,46.499123],[9.292386,46.498316],[9.290553,46.497225],[9.286878,46.497445],[9.282247,46.496468],[9.281451,46.494326],[9.278859,46.491598],[9.279487,46.489712],[9.278006,46.48831],[9.278736,46.487503],[9.274214,46.483691],[9.275294,46.480687],[9.277396,46.479203],[9.276005,46.475034],[9.276603,46.473744],[9.276289,46.472277],[9.273838,46.469779],[9.274033,46.46726],[9.273442,46.466011],[9.274192,46.465363],[9.274618,46.46303],[9.278185,46.4617],[9.275006,46.459472],[9.275061,46.458405],[9.272162,46.455065],[9.270761,46.454938],[9.270103,46.453444],[9.266276,46.451376],[9.262254,46.449987],[9.252292,46.449379],[9.250689,46.448833],[9.249758,46.447223],[9.247002,46.446794],[9.248855,46.438297],[9.247975,46.436061],[9.248187,46.433232],[9.249494,46.431267],[9.25244,46.429824],[9.252681,46.429011],[9.257005,46.427215],[9.258542,46.425645],[9.261649,46.424298],[9.263631,46.420501],[9.267675,46.41983],[9.268783,46.418995],[9.27293,46.420105],[9.275368,46.419518],[9.27552,46.418574],[9.276299,46.418203],[9.277009,46.415001],[9.280253,46.414162],[9.28005,46.412956],[9.281238,46.411942],[9.280442,46.411092],[9.281677,46.410409],[9.281405,46.407785],[9.282536,46.404958],[9.278882,46.40339],[9.282027,46.401577],[9.280252,46.398554],[9.275835,46.394893],[9.277633,46.392195],[9.278391,46.389535],[9.280843,46.387403],[9.284315,46.386245],[9.284372,46.385085],[9.283975,46.383994],[9.280903,46.381506],[9.280418,46.379711],[9.278167,46.379203],[9.27855,46.377005],[9.27772,46.374967],[9.275126,46.373737],[9.277125,46.371809],[9.277075,46.36867],[9.276072,46.367768],[9.278755,46.366572],[9.281372,46.359611],[9.282584,46.358045],[9.289009,46.35647],[9.290692,46.356684],[9.292457,46.355877],[9.296293,46.355584],[9.29776,46.351868],[9.296088,46.349106],[9.297516,46.348336],[9.298651,46.346412],[9.298278,46.345612],[9.299867,46.343602],[9.298726,46.341753],[9.292773,46.337981],[9.292116,46.336199],[9.293942,46.33106],[9.296629,46.328402],[9.29936,46.32754],[9.297914,46.324967],[9.295311,46.323253],[9.296055,46.322372],[9.295192,46.321471],[9.29509,46.317753],[9.292795,46.316129],[9.285059,46.314431],[9.284045,46.311717],[9.28157,46.309356],[9.283597,46.305848],[9.283838,46.30255],[9.284922,46.300282],[9.284883,46.297047],[9.280119,46.295059],[9.271826,46.289269],[9.272128,46.288449],[9.270025,46.285949],[9.268309,46.282172],[9.258824,46.278484],[9.259568,46.275924],[9.25889,46.274435],[9.259281,46.272954],[9.256983,46.269373],[9.253931,46.268674],[9.251609,46.266328],[9.250471,46.26651],[9.251881,46.265881],[9.253103,46.26198],[9.248999,46.255879],[9.251382,46.251013],[9.25037,46.249113],[9.2482,46.247333],[9.24971,46.244557],[9.248963,46.24318],[9.249698,46.239396],[9.2483,46.236028],[9.248424,46.233768],[9.245837,46.232169],[9.242327,46.232745],[9.239693,46.232287],[9.237341,46.233393],[9.23479,46.233331],[9.233329,46.232524],[9.231597,46.232712],[9.230438,46.231703],[9.224873,46.229602],[9.220965,46.229104],[9.220978,46.226631],[9.22293,46.22396],[9.21998,46.220868],[9.21824,46.216651],[9.218897,46.214431],[9.217549,46.213903],[9.214289,46.210781],[9.208871,46.210056],[9.206841,46.210416],[9.202201,46.208409],[9.199775,46.201602],[9.197653,46.199261],[9.197919,46.19823],[9.197252,46.197547],[9.197729,46.19615],[9.19619,46.194035],[9.194837,46.193623],[9.195474,46.189136],[9.197987,46.186983],[9.194774,46.183955],[9.195393,46.182338],[9.194647,46.1792],[9.187517,46.174949],[9.183412,46.170195],[9.180843,46.169149],[9.17702,46.170887],[9.172694,46.170975],[9.169951,46.171854],[9.167348,46.171076],[9.161221,46.170723],[9.159377,46.169601],[9.158635,46.164927],[9.156495,46.162117],[9.149532,46.16051],[9.144517,46.158402],[9.140775,46.154953],[9.134485,46.15331],[9.132396,46.149434],[9.129023,46.147396],[9.126887,46.144828],[9.127048,46.143304],[9.122792,46.138743],[9.122905,46.137423],[9.121498,46.134806],[9.117066,46.135406],[9.112209,46.134705],[9.109159,46.132785],[9.104709,46.131965],[9.100563,46.128744],[9.099589,46.127381],[9.099777,46.126709],[9.097403,46.127155],[9.095001,46.12607],[9.089977,46.125577],[9.086434,46.124174],[9.085258,46.122828],[9.078689,46.121241],[9.076831,46.12012],[9.076049,46.120335],[9.072505,46.118102],[9.073873,46.114131],[9.0779,46.110232],[9.081275,46.102163],[9.089146,46.090069],[9.089615,46.087016],[9.089432,46.085693],[9.084072,46.079533],[9.084195,46.078741],[9.079072,46.075916],[9.077997,46.070937],[9.07869,46.067203],[9.078302,46.065317],[9.073962,46.062545],[9.065193,46.06194],[9.060415,46.060659],[9.056378,46.061162],[9.055415,46.062135],[9.05023,46.062364],[9.047969,46.061563],[9.044769,46.058972],[9.039369,46.058943],[9.037976,46.057581],[9.028763,46.053018],[9.025645,46.052451],[9.022671,46.052694],[9.022475,46.052043],[9.020355,46.051735],[9.017205,46.049735],[9.015952,46.046745],[9.017514,46.044782],[9.016888,46.043098],[9.009525,46.037288],[9.008812,46.031571],[9.007594,46.029799],[9.009653,46.027374],[9.00907,46.026841],[9.014101,46.024126],[9.015264,46.02213],[9.018365,46.020594],[9.022543,46.016856],[9.02451,46.000763],[9.028461,45.993626],[9.022892,45.992756],[9.022504,45.989543],[9.01808,45.987653],[9.013223,45.988758],[9.011359,45.987905],[9.011577,45.986696],[9.010839,45.985305],[9.011153,45.983175],[9.008759,45.982057],[9.008334,45.980758],[9.007348,45.9803],[9.002297,45.979493],[9.001094,45.980364],[8.995292,45.980489],[8.99602,45.978754],[8.99506,45.976876],[8.996065,45.975917],[8.995823,45.972835],[8.994652,45.971639],[8.992345,45.972557],[8.990496,45.971229],[8.988474,45.972834],[8.988992,45.970343],[8.994025,45.966551],[9.013964,45.960548],[9.015324,45.950809],[9.017125,45.949009],[9.013711,45.944522],[9.012199,45.943784],[9.013568,45.941511],[9.014561,45.941558],[9.015213,45.940488],[9.017086,45.940596],[9.019769,45.939704],[9.020247,45.938392],[9.022036,45.938087],[9.022467,45.937146],[9.020604,45.933536],[9.019357,45.928368],[9.022943,45.929012],[9.02652,45.928699],[9.029842,45.926504],[9.036786,45.926339],[9.042714,45.927502],[9.044835,45.925969],[9.045654,45.924446],[9.049427,45.922079],[9.049081,45.92042],[9.053858,45.920666],[9.055326,45.92015],[9.0599,45.920939],[9.059062,45.916484],[9.068193,45.91291],[9.067808,45.910634],[9.069532,45.910462],[9.069552,45.91173],[9.07264,45.912837],[9.076576,45.911417],[9.077342,45.909183],[9.075472,45.906085],[9.076931,45.899299],[9.086842,45.902205],[9.089,45.900654],[9.087446,45.899311],[9.088803,45.896897],[9.085151,45.895964],[9.085086,45.89466],[9.083979,45.89339],[9.081887,45.892553],[9.081643,45.891796],[9.077954,45.892028],[9.077244,45.890494],[9.078404,45.890231],[9.07946,45.888657],[9.077524,45.886538],[9.077335,45.885389],[9.077841,45.885067],[9.075536,45.883373],[9.071429,45.881741],[9.070867,45.880175],[9.066386,45.87539],[9.065637,45.876058],[9.060224,45.87489],[9.057709,45.875219],[9.054787,45.873552],[9.055523,45.871581],[9.053035,45.869511],[9.053697,45.867992],[9.05151,45.867229],[9.051746,45.866506],[9.049159,45.862611],[9.049383,45.85846],[9.050611,45.857255],[9.051826,45.854433],[9.048236,45.853183],[9.050774,45.852212],[9.048276,45.851641],[9.0454,45.849595],[9.043811,45.846592],[9.040629,45.846493],[9.038553,45.843898],[9.038651,45.84203],[9.035708,45.841018],[9.035313,45.839078],[9.037859,45.835467],[9.035673,45.832757],[9.034446,45.832288],[9.034011,45.830699],[9.034734,45.829956],[9.032666,45.827579],[9.032428,45.825145],[9.030932,45.82469],[9.034462,45.823017],[9.031398,45.820842],[9.028589,45.82066],[9.026019,45.821852],[9.022117,45.821866],[9.021332,45.820693],[9.018382,45.819361],[9.017975,45.818083],[9.017332,45.817958],[9.009769,45.819743],[9.004245,45.820242],[8.998435,45.822916],[8.993749,45.822024],[8.992913,45.823143],[8.994628,45.824879],[8.994037,45.825219],[8.994139,45.826265],[8.995156,45.827645],[8.995068,45.828878],[8.996416,45.831865],[8.997757,45.832368],[8.996837,45.833566],[8.997488,45.834945],[8.99417,45.8343],[8.989889,45.835323],[8.991004,45.83597],[8.98959,45.836474],[8.988367,45.838096],[8.986669,45.83852],[8.98166,45.835739],[8.979403,45.836032],[8.979096,45.836648],[8.976172,45.836634],[8.974994,45.835724],[8.976037,45.834562],[8.974207,45.83304],[8.973352,45.832451],[8.972414,45.833105],[8.969984,45.832354],[8.968498,45.832825],[8.968914,45.833176],[8.966875,45.834752],[8.966246,45.834374],[8.96524,45.835421],[8.963972,45.83492],[8.96146,45.836372],[8.962267,45.838034],[8.962017,45.83903],[8.956179,45.841596],[8.955774,45.842909],[8.956242,45.843384],[8.953792,45.843118],[8.953155,45.842319],[8.948806,45.843435],[8.93909,45.841273],[8.936256,45.839534],[8.932975,45.839012],[8.933123,45.838172],[8.931968,45.837899],[8.932469,45.837309],[8.931992,45.836379],[8.928924,45.835099],[8.929034,45.833376],[8.920476,45.834197],[8.912147,45.830445],[8.912727,45.837997],[8.914226,45.842229],[8.932537,45.860962],[8.934875,45.862683],[8.940382,45.864081],[8.945302,45.866979],[8.94206,45.870343],[8.937027,45.867306],[8.935141,45.869765],[8.933775,45.870333],[8.934631,45.871889],[8.933166,45.874833],[8.933529,45.878696],[8.931553,45.885814],[8.927319,45.891709],[8.924144,45.892224],[8.922937,45.895487],[8.921917,45.895202],[8.921535,45.89577],[8.924936,45.900855],[8.924126,45.905638],[8.92025,45.908962],[8.914287,45.917801],[8.907446,45.917791],[8.904017,45.922045],[8.896817,45.926446],[8.893315,45.931182],[8.892724,45.934272],[8.893497,45.937388],[8.897966,45.943702],[8.898596,45.94626],[8.89807,45.949357],[8.896717,45.951336],[8.896647,45.954753],[8.893658,45.958981],[8.887088,45.957579],[8.878213,45.956642],[8.874497,45.959143],[8.868299,45.960619],[8.864733,45.965458],[8.860693,45.966111],[8.852365,45.971728],[8.849633,45.972872],[8.847166,45.975811],[8.843428,45.977608],[8.842698,45.981471],[8.840102,45.981659],[8.839233,45.984221],[8.834125,45.985216],[8.831323,45.988016],[8.827622,45.987268],[8.824241,45.987878],[8.820141,45.987412],[8.815848,45.989222],[8.813831,45.990973],[8.810219,45.989817],[8.807901,45.990632],[8.795773,45.992068],[8.792425,45.991891],[8.792397,45.989627],[8.790828,45.988587],[8.785883,45.989077],[8.787201,45.99134],[8.793089,46.008102],[8.804428,46.019136],[8.805914,46.021929],[8.819677,46.025488],[8.827149,46.032273],[8.830031,46.041605],[8.832713,46.04056],[8.835466,46.043792],[8.831909,46.045674],[8.828487,46.046533],[8.832796,46.049203],[8.834533,46.051365],[8.844184,46.048505],[8.854589,46.061585],[8.854133,46.068573],[8.85211,46.075636],[8.847516,46.07575],[8.842431,46.079924],[8.833768,46.082851],[8.826356,46.089464],[8.824467,46.088911],[8.822572,46.090467],[8.822441,46.09127],[8.82142,46.091245],[8.821153,46.093266],[8.817647,46.094295],[8.815843,46.095809],[8.815292,46.097315],[8.806039,46.101276],[8.799781,46.094699],[8.783034,46.094172],[8.775691,46.096926],[8.768245,46.100748],[8.76595,46.100505],[8.760018,46.101569],[8.757051,46.103307],[8.742343,46.122311],[8.736279,46.118788],[8.724266,46.110208],[8.717739,46.101318],[8.713992,46.097232],[8.696572,46.102014],[8.693717,46.101198],[8.693023,46.101998],[8.69161,46.102243],[8.688459,46.10155],[8.685749,46.102037],[8.683173,46.105165],[8.68129,46.105738],[8.681131,46.107752],[8.679728,46.108382],[8.680772,46.109589],[8.679403,46.110388],[8.676975,46.10997],[8.67523,46.110516],[8.670273,46.108833],[8.667727,46.10958],[8.667522,46.110347],[8.665576,46.110328],[8.664649,46.111047],[8.657707,46.11269],[8.656354,46.115938],[8.65475,46.116639],[8.653244,46.118935],[8.647994,46.122507],[8.647578,46.123489],[8.630854,46.122215],[8.627296,46.122788],[8.619755,46.121416],[8.611836,46.121659],[8.612086,46.123465],[8.609652,46.127101],[8.610566,46.12845],[8.610436,46.131695],[8.609705,46.132879],[8.604709,46.135236],[8.603215,46.136566],[8.60257,46.13827],[8.598368,46.140293],[8.595828,46.142568],[8.592726,46.142861],[8.593346,46.144291],[8.593058,46.145985],[8.594464,46.147397],[8.595965,46.147691],[8.596631,46.148704],[8.599983,46.149601],[8.600171,46.153297],[8.603734,46.153601],[8.603004,46.154252],[8.603176,46.155332],[8.594508,46.155693],[8.589541,46.15694],[8.588114,46.156569],[8.589153,46.158973],[8.587767,46.15949],[8.587417,46.160134],[8.588055,46.161019],[8.587115,46.161648],[8.584307,46.16287],[8.578219,46.161661],[8.576525,46.162667],[8.576355,46.163438],[8.573643,46.16431],[8.57212,46.166919],[8.56985,46.1769],[8.564098,46.182559],[8.563697,46.183945],[8.554042,46.186144],[8.554976,46.187225],[8.553592,46.192034],[8.545524,46.196287],[8.540475,46.197813],[8.538197,46.202419],[8.536403,46.204266],[8.536323,46.206145],[8.534707,46.208829],[8.532673,46.215568],[8.532443,46.218282],[8.528738,46.220049],[8.523654,46.220853],[8.521686,46.22185],[8.519442,46.221444],[8.519576,46.220968],[8.517577,46.22023],[8.515136,46.220158],[8.510913,46.221157],[8.501924,46.226068],[8.492382,46.229102],[8.486861,46.230274],[8.477527,46.230372],[8.47024,46.232323],[8.468684,46.232895],[8.466556,46.235457],[8.465823,46.242011],[8.464106,46.244551],[8.46077,46.244779],[8.459006,46.246029],[8.453751,46.247513],[8.450179,46.248159],[8.447274,46.247899],[8.444527,46.248877],[8.443173,46.250625],[8.443292,46.251917],[8.442277,46.252988],[8.442277,46.254152],[8.443509,46.254448],[8.445773,46.25751],[8.447891,46.25802],[8.448592,46.259196],[8.447976,46.260662],[8.448491,46.261395],[8.449499,46.260895],[8.45588,46.263755],[8.449771,46.274324],[8.436305,46.285666],[8.43585,46.286892],[8.434012,46.288483],[8.433995,46.291818],[8.427739,46.298301],[8.429001,46.300143],[8.43302,46.302209],[8.440533,46.304119],[8.439121,46.305463],[8.43912,46.30805],[8.441792,46.310137],[8.442392,46.313533],[8.441412,46.315633],[8.443722,46.319494],[8.453846,46.321262],[8.453734,46.323326],[8.455494,46.324419],[8.455656,46.327251],[8.460416,46.328409],[8.463388,46.332702],[8.465357,46.333762],[8.465261,46.334699],[8.463289,46.336813],[8.464053,46.338543],[8.463632,46.341679],[8.464538,46.347233],[8.463211,46.348203],[8.462938,46.3506],[8.461562,46.353256],[8.463013,46.355525],[8.464521,46.356239],[8.464672,46.358332],[8.46938,46.360896],[8.470235,46.362552],[8.468459,46.364217],[8.46811,46.367059],[8.466813,46.368317],[8.467574,46.369902],[8.467112,46.370175],[8.467146,46.374162],[8.466135,46.376814],[8.466647,46.377377],[8.466513,46.380056],[8.463986,46.383833],[8.460837,46.386676],[8.462278,46.388926],[8.465958,46.391364],[8.467054,46.393244],[8.471172,46.395923],[8.470103,46.397453],[8.463664,46.402598],[8.463053,46.404868],[8.463481,46.406077],[8.467031,46.408986],[8.468316,46.411744],[8.466254,46.413979],[8.465594,46.415615],[8.463851,46.416574],[8.463027,46.417917],[8.458828,46.419482],[8.45687,46.423179],[8.457372,46.42549],[8.45863,46.425898],[8.458785,46.426715],[8.46076,46.428399],[8.459191,46.430051],[8.460022,46.431229],[8.458939,46.431905],[8.457533,46.434761],[8.45928,46.437037],[8.46398,46.439201],[8.464747,46.441565],[8.466241,46.442679],[8.465484,46.44367],[8.465945,46.444366],[8.462393,46.445138],[8.462641,46.44554],[8.46151,46.446503],[8.46257,46.448373],[8.461753,46.449794],[8.46199,46.450707],[8.456251,46.452967],[8.452797,46.455351],[8.452268,46.456599],[8.453151,46.458166],[8.450012,46.461844],[8.446099,46.46366],[8.439329,46.462612],[8.438413,46.46279],[8.438929,46.463709],[8.438529,46.464295],[8.433864,46.463777],[8.427357,46.461638],[8.421142,46.460925],[8.417099,46.458763],[8.41504,46.458604],[8.413029,46.459316],[8.408417,46.458737],[8.404584,46.457207],[8.402231,46.454742],[8.399538,46.45515],[8.395954,46.45456],[8.392958,46.451576],[8.389232,46.452773],[8.386314,46.451766],[8.384717,46.452159],[8.382243,46.450915],[8.379003,46.450803],[8.377831,46.450935],[8.377054,46.452057],[8.376244,46.451873],[8.375295,46.453126],[8.366935,46.451922],[8.355762,46.446963],[8.354187,46.445515],[8.352464,46.441643],[8.3508,46.441474],[8.345222,46.437458],[8.342898,46.436703],[8.340599,46.434958],[8.339527,46.433295],[8.336775,46.431689],[8.331515,46.429686],[8.329627,46.428137],[8.328031,46.428261],[8.328284,46.427824],[8.325441,46.425714],[8.314963,46.423632],[8.30965,46.424281],[8.307492,46.425851],[8.306655,46.424414],[8.303768,46.423341],[8.302924,46.420811],[8.298897,46.417438],[8.299589,46.41663],[8.298614,46.416003],[8.298948,46.414246],[8.295077,46.411433],[8.292436,46.410467],[8.291332,46.409001],[8.288934,46.40811],[8.289684,46.407239],[8.293,46.406533],[8.294413,46.405055],[8.299087,46.404878],[8.303547,46.40245],[8.306604,46.402026],[8.309672,46.404025],[8.311358,46.40133],[8.315732,46.398966],[8.317292,46.394],[8.314719,46.392194],[8.314157,46.389825],[8.314773,46.388599],[8.318408,46.386973],[8.318741,46.386126],[8.316774,46.384457],[8.314946,46.383949],[8.313903,46.381812],[8.31482,46.380587],[8.312697,46.378167],[8.3129,46.377066],[8.300013,46.374075],[8.295546,46.371492],[8.295145,46.370471],[8.289794,46.369138],[8.289309,46.368114],[8.285409,46.365953],[8.284282,46.363631],[8.27532,46.365376],[8.274694,46.366395],[8.273075,46.366862],[8.263772,46.364023],[8.260743,46.360475],[8.262809,46.358519],[8.264164,46.358345],[8.265034,46.357109],[8.264352,46.355967],[8.264794,46.353614],[8.265879,46.351844],[8.26284,46.350955],[8.259928,46.348662],[8.262402,46.347806],[8.26321,46.346422],[8.262883,46.345966],[8.259919,46.345232],[8.259048,46.346352],[8.252944,46.346441],[8.251139,46.344898],[8.250042,46.340758],[8.241415,46.339593],[8.237436,46.34063],[8.235424,46.340364],[8.228018,46.335715],[8.223995,46.334448],[8.224017,46.333382],[8.225024,46.33286],[8.224008,46.331337],[8.221613,46.330246],[8.223522,46.329005],[8.223017,46.326675],[8.22507,46.326411],[8.221724,46.323024],[8.214654,46.319662],[8.214927,46.316228],[8.21164,46.313614],[8.211241,46.312589],[8.212012,46.309277],[8.19875,46.302251],[8.196174,46.302298],[8.194438,46.303444],[8.185924,46.300907],[8.178897,46.29739],[8.174952,46.297767],[8.175046,46.29702],[8.165288,46.296948],[8.161421,46.295884],[8.156047,46.297118],[8.152487,46.299475],[8.149945,46.299795],[8.149631,46.300624],[8.147002,46.301537],[8.141014,46.302122],[8.137563,46.301767],[8.130892,46.297314],[8.128856,46.294754],[8.125161,46.29452],[8.120857,46.291874],[8.121015,46.29115],[8.118794,46.289117],[8.118313,46.286013],[8.116597,46.285141],[8.113563,46.281143],[8.111516,46.280229],[8.105455,46.279647],[8.103688,46.276545],[8.101963,46.275635],[8.100497,46.273701],[8.098172,46.273037],[8.096658,46.271236],[8.093908,46.270309],[8.092884,46.2691],[8.085928,46.266618],[8.086873,46.265615],[8.086171,46.264607],[8.086058,46.262114],[8.084319,46.260952],[8.080412,46.260629],[8.082614,46.256538],[8.086067,46.255561],[8.086245,46.254283],[8.08774,46.253763],[8.097,46.252526],[8.098529,46.253229],[8.10135,46.252413],[8.102062,46.250742],[8.101618,46.249468],[8.105416,46.250074],[8.110155,46.249505],[8.111974,46.245319],[8.111518,46.241143],[8.112553,46.240372],[8.113034,46.238738],[8.114854,46.23777],[8.115328,46.236003],[8.117642,46.236601],[8.120479,46.236032],[8.12419,46.231383],[8.124274,46.229622],[8.126256,46.229278],[8.127317,46.228277],[8.130281,46.228031],[8.133606,46.226464],[8.138878,46.226148],[8.143525,46.211595],[8.151392,46.202821],[8.151541,46.198868],[8.152235,46.197494],[8.151343,46.196125],[8.152281,46.195751],[8.153295,46.191103],[8.15724,46.189528],[8.16551,46.182227],[8.166004,46.180457],[8.165149,46.178419],[8.165284,46.176915],[8.162185,46.176135],[8.158581,46.174064],[8.155699,46.167989],[8.151088,46.165258],[8.149879,46.162503],[8.149741,46.156938],[8.153116,46.153962],[8.153584,46.151581],[8.153198,46.148479],[8.155345,46.147631],[8.153979,46.147023],[8.153939,46.146045],[8.151357,46.143358],[8.150002,46.140681],[8.144389,46.136823],[8.142227,46.136049],[8.138394,46.13584],[8.135649,46.137012],[8.125187,46.135272],[8.124472,46.134631],[8.123392,46.134849],[8.121766,46.132695],[8.115416,46.130346],[8.114573,46.129547],[8.115258,46.129285],[8.115952,46.127074],[8.114244,46.124138],[8.115304,46.122221],[8.113717,46.119748],[8.113807,46.117439],[8.112855,46.116196],[8.109828,46.115002],[8.109858,46.113171],[8.108233,46.111629],[8.106144,46.111691],[8.101971,46.110434],[8.099867,46.11099],[8.097144,46.108408],[8.086559,46.10685],[8.081798,46.10545],[8.077328,46.106269],[8.069219,46.105996],[8.064003,46.104871],[8.057805,46.102065],[8.054309,46.101296],[8.049126,46.102276],[8.047473,46.10118],[8.043059,46.099925],[8.040971,46.100687],[8.038828,46.100013],[8.034763,46.100836],[8.03349,46.098641],[8.033901,46.095251],[8.030704,46.091836],[8.030693,46.090646],[8.029584,46.089601],[8.030366,46.087501],[8.030295,46.085359],[8.029099,46.080922],[8.026541,46.07946],[8.023435,46.075961],[8.023528,46.075179],[8.022531,46.074709],[8.023033,46.071925],[8.021662,46.069366],[8.021818,46.068707],[8.024564,46.067545],[8.02466,46.065362],[8.023874,46.062984],[8.025188,46.062131],[8.026124,46.058698],[8.030475,46.052901],[8.030541,46.050649],[8.032144,46.047788],[8.035415,46.044045],[8.032143,46.041985],[8.022053,46.038965],[8.016006,46.033478],[8.011892,46.03121],[8.014215,46.030093],[8.017501,46.024704],[8.012693,46.021535],[8.010758,46.018854],[8.012289,46.018037],[8.013248,46.015864],[8.012413,46.01197],[8.006422,46.011369],[8.001084,46.012211],[7.999913,46.010132],[7.999823,46.008454],[7.997367,46.006113],[7.996215,46.003721],[7.994009,46.002237],[7.993937,45.999874],[7.989088,45.995932],[7.985923,45.996348],[7.982405,45.998029],[7.980498,45.998285],[7.979599,45.999153],[7.977114,45.999454],[7.965436,45.997009],[7.962745,45.997151],[7.957335,45.996073],[7.954538,45.997127],[7.949491,45.997606],[7.941519,45.997417],[7.932633,45.995979],[7.927578,45.997162],[7.923405,45.997067],[7.918983,45.995895],[7.908679,45.996937],[7.906171,45.993872],[7.905875,45.991978],[7.903975,45.989081],[7.900822,45.987785],[7.90054,45.987303],[7.901503,45.986459],[7.901092,45.98571],[7.896282,45.98343],[7.894105,45.980299],[7.893849,45.978635],[7.892278,45.977503],[7.887136,45.976652],[7.883947,45.974964],[7.882769,45.975266],[7.879232,45.973683],[7.877425,45.97386],[7.87757,45.971289],[7.879848,45.969864],[7.880157,45.968833],[7.881512,45.967798],[7.881541,45.966966],[7.88076,45.966816],[7.880486,45.965895],[7.881811,45.964008],[7.877574,45.961405],[7.877837,45.95913],[7.874946,45.958069],[7.875837,45.956451],[7.878895,45.95428],[7.87728,45.952769],[7.877133,45.949048],[7.870374,45.947363],[7.870104,45.942605],[7.868589,45.937593],[7.869036,45.936878],[7.868408,45.936713],[7.870951,45.934866],[7.871437,45.93213],[7.874037,45.931166],[7.874106,45.93022],[7.877052,45.927195],[7.873717,45.922346],[7.873073,45.920465],[7.872132,45.919781],[7.866338,45.919572],[7.864076,45.91675],[7.860949,45.917869],[7.859671,45.92033],[7.8585,45.920869],[7.850729,45.920591],[7.842923,45.921962],[7.83672,45.921724],[7.831446,45.924963],[7.82039,45.926959],[7.814191,45.923553],[7.809901,45.923046],[7.805389,45.919167],[7.799517,45.917126],[7.793983,45.92],[7.790813,45.924948],[7.786197,45.927581],[7.77656,45.931066],[7.775227,45.932776],[7.773633,45.932878],[7.77177,45.933954],[7.769267,45.937117],[7.760647,45.938669],[7.757082,45.938713],[7.753366,45.940046],[7.750059,45.940054],[7.747751,45.941008],[7.747229,45.937388],[7.745828,45.934877],[7.743551,45.932625],[7.736871,45.928298],[7.734726,45.92478],[7.735093,45.923972],[7.721234,45.923631],[7.718374,45.924562],[7.716333,45.927734],[7.712673,45.928227],[7.712773,45.929788],[7.711273,45.932908],[7.709291,45.933867],[7.708353,45.933475],[7.707321,45.934894],[7.709151,45.94164],[7.708564,45.944405],[7.709577,45.945802],[7.709879,45.948095],[7.70839,45.949299],[7.705708,45.949611],[7.70062,45.952475],[7.698821,45.954498],[7.696053,45.954946],[7.690337,45.9545],[7.681015,45.956999],[7.678321,45.958836],[7.677053,45.965078],[7.674283,45.96621],[7.672665,45.969328],[7.670558,45.969889],[7.668269,45.973817],[7.665723,45.974182],[7.664274,45.975658],[7.656997,45.976563],[7.655036,45.975844],[7.653705,45.97428],[7.649544,45.974034],[7.644861,45.971674],[7.639538,45.970112],[7.626675,45.970935],[7.619582,45.972377],[7.617076,45.971278],[7.614929,45.971385],[7.610348,45.969345],[7.604001,45.970406],[7.600367,45.970008],[7.594941,45.970741],[7.588631,45.970504],[7.583519,45.972324],[7.581702,45.974376],[7.581239,45.975556],[7.582276,45.977878],[7.578607,45.986012],[7.574703,45.987573],[7.57122,45.987234],[7.568474,45.987711],[7.561996,45.985687],[7.550134,45.986556],[7.545698,45.983766],[7.545779,45.981695],[7.545043,45.980263],[7.542386,45.977981],[7.541478,45.976166],[7.542769,45.973135],[7.543317,45.969715],[7.544634,45.968585],[7.545485,45.963633],[7.546581,45.963035],[7.545275,45.959696],[7.542717,45.956963],[7.538434,45.954945],[7.535464,45.956861],[7.527978,45.956493],[7.519539,45.960311],[7.518078,45.961744],[7.518061,45.96269],[7.514832,45.961973],[7.512094,45.960474],[7.511862,45.959342],[7.507531,45.957967],[7.499186,45.962418],[7.495968,45.96003],[7.495762,45.957324],[7.493439,45.955688],[7.491773,45.955257],[7.487445,45.95581],[7.48436,45.954101],[7.477667,45.952271],[7.474505,45.949084],[7.47138,45.947194],[7.472503,45.943461],[7.474272,45.940581],[7.474727,45.935835],[7.471454,45.933992],[7.469557,45.933793],[7.464354,45.935355],[7.458969,45.935556],[7.457557,45.934838],[7.456408,45.932416],[7.45404,45.932832],[7.446876,45.931259],[7.444372,45.931601],[7.443632,45.930359],[7.441849,45.929451],[7.441504,45.927139],[7.436622,45.923844],[7.434304,45.920867],[7.434439,45.920263],[7.427138,45.915452],[7.423295,45.914405],[7.422293,45.914687],[7.420936,45.912169],[7.415958,45.911422],[7.410834,45.908639],[7.405514,45.909088],[7.401752,45.911513],[7.397824,45.908447],[7.397758,45.905589],[7.397096,45.904762],[7.39095,45.899328],[7.386333,45.897146],[7.382387,45.896452],[7.375722,45.900757],[7.374685,45.900867],[7.374048,45.900254],[7.371556,45.901946],[7.366067,45.904138],[7.363799,45.90331],[7.361212,45.903305],[7.36002,45.904053],[7.359389,45.905641],[7.356455,45.907201],[7.356462,45.910642],[7.355196,45.911258],[7.353188,45.910913],[7.350535,45.911589],[7.344303,45.91524],[7.330723,45.910516],[7.323903,45.91021],[7.321843,45.911185],[7.318088,45.911644],[7.3163,45.916522],[7.31245,45.916311],[7.306723,45.917575],[7.301819,45.917152],[7.296923,45.921068],[7.294435,45.92182],[7.291172,45.920676],[7.290291,45.920051],[7.289457,45.917565],[7.285276,45.915673],[7.284703,45.912845],[7.280318,45.907796],[7.276889,45.900735],[7.271475,45.899968],[7.270029,45.898144],[7.266614,45.896543],[7.266676,45.895325],[7.264786,45.893655],[7.263242,45.893437],[7.260352,45.891297],[7.258961,45.889173],[7.256833,45.888156],[7.254555,45.887937],[7.253095,45.888505],[7.251714,45.891745],[7.249486,45.893133],[7.2474,45.892993],[7.245047,45.891219],[7.239836,45.889956],[7.235737,45.890128],[7.231376,45.891705],[7.228309,45.891998],[7.225816,45.889751],[7.223038,45.890313],[7.216381,45.888801],[7.2157,45.883872],[7.211053,45.882092],[7.209871,45.880566],[7.206063,45.880163],[7.203508,45.876366],[7.200118,45.875513],[7.199632,45.873421],[7.197642,45.870322],[7.198514,45.868528],[7.198437,45.865929],[7.20081,45.863081],[7.196489,45.86026],[7.190602,45.858679],[7.188313,45.859047],[7.18643,45.860168],[7.184427,45.860039],[7.178976,45.863666],[7.175322,45.862904],[7.161591,45.871629],[7.161344,45.87233],[7.16421,45.873625],[7.164592,45.875743],[7.164146,45.87681],[7.162902,45.876886],[7.160273,45.878662],[7.153542,45.879253],[7.152389,45.878207],[7.148675,45.87744],[7.146946,45.876148],[7.140798,45.875336],[7.139649,45.873882],[7.135197,45.872673],[7.133467,45.871026],[7.133883,45.869261],[7.132281,45.867441],[7.129726,45.866426],[7.126571,45.863955],[7.124765,45.864065],[7.123011,45.863296],[7.118454,45.859442],[7.112765,45.859585],[7.108806,45.858185],[7.103868,45.859431],[7.10114,45.859279],[7.099926,45.861021],[7.098828,45.861171],[7.097425,45.862466],[7.098008,45.863811],[7.096399,45.866792],[7.096375,45.868177],[7.093781,45.87135],[7.092082,45.872065],[7.093529,45.874463],[7.095432,45.875863],[7.089118,45.880661],[7.087316,45.881175],[7.0854,45.883037],[7.081813,45.883997],[7.080089,45.885138],[7.078815,45.888086],[7.076425,45.890297],[7.076605,45.895182],[7.074201,45.894978],[7.071532,45.895979],[7.069657,45.897383],[7.0698,45.898023],[7.064204,45.900078],[7.063737,45.905961],[7.064481,45.909277],[7.060568,45.91339],[7.056101,45.914204],[7.053092,45.915604],[7.047549,45.920147],[7.047231,45.921218],[7.043735,45.92316],[7.043463,45.926538],[7.042454,45.928318],[7.042655,45.92968],[7.041098,45.931916],[7.040171,45.931958],[7.038433,45.933415],[7.038271,45.934785],[7.035731,45.938305],[7.037053,45.940938],[7.037278,45.942608],[7.036689,45.943498],[7.038563,45.945517],[7.038543,45.947633],[7.037553,45.948441],[7.037734,45.950766],[7.036702,45.952706],[7.037439,45.954874],[7.034908,45.956141],[7.024608,45.958237],[7.023014,45.957976],[7.020515,45.95929],[7.019945,45.960429],[7.017428,45.960424],[7.017444,45.961394],[7.015378,45.962494],[7.012227,45.965491],[7.010505,45.968439],[7.00849,45.96903],[7.010148,45.97323],[7.015259,45.975165],[7.021476,45.976374],[7.023623,45.979052],[7.019764,45.982304],[7.0199,45.983908],[7.018305,45.984318],[7.015725,45.986759],[7.01221,45.98726],[7.011635,45.989883],[7.012518,45.992081],[7.010303,45.994409],[7.011151,45.995302],[7.010542,45.997358],[7.006795,45.99956],[7.005375,46.001251],[7.00058,45.998929],[6.995394,46.000082],[6.992771,46.002083],[6.984983,46.004605],[6.984123,46.006076],[6.985118,46.007556],[6.983319,46.009927],[6.983551,46.012738],[6.9808,46.01762],[6.98132,46.019571],[6.971019,46.025529],[6.966528,46.03115],[6.962889,46.030432],[6.954524,46.041675],[6.951424,46.049905],[6.95014,46.051593],[6.943929,46.050611],[6.939316,46.052863],[6.937339,46.055304],[6.936338,46.054937],[6.935049,46.055965],[6.935057,46.058605],[6.936191,46.058927],[6.936756,46.059899],[6.936847,46.061674],[6.93625,46.062533],[6.938101,46.063087],[6.937321,46.064282],[6.933992,46.065992],[6.931974,46.06593],[6.931687,46.06537],[6.928622,46.064662],[6.924588,46.065244],[6.919564,46.061174],[6.91879,46.059278],[6.915861,46.058165],[6.914478,46.056775],[6.914215,46.055566],[6.910834,46.053804],[6.911147,46.05206],[6.909637,46.050754],[6.903473,46.049044],[6.894799,46.0481],[6.891765,46.045728],[6.891272,46.042694],[6.888187,46.04267],[6.886748,46.044184],[6.883377,46.044409],[6.878429,46.046112],[6.877573,46.047022],[6.875748,46.04753],[6.875909,46.049065],[6.875391,46.049729],[6.871727,46.05115],[6.872752,46.051931],[6.872914,46.054857],[6.875096,46.058144],[6.876408,46.062877],[6.879009,46.065261],[6.880286,46.069281],[6.884631,46.070946],[6.887736,46.073249],[6.8918,46.07374],[6.888142,46.079098],[6.888277,46.079832],[6.890364,46.080614],[6.89189,46.085126],[6.888777,46.086935],[6.888331,46.089066],[6.88711,46.089673],[6.885707,46.091981],[6.882219,46.095162],[6.885434,46.096757],[6.887678,46.100611],[6.89125,46.10292],[6.89299,46.104764],[6.893206,46.106447],[6.895142,46.108149],[6.895484,46.108706],[6.893582,46.109771],[6.893129,46.113614],[6.89607,46.117309],[6.897754,46.121805],[6.899934,46.123879],[6.897568,46.124635],[6.895119,46.123834],[6.890712,46.125564],[6.88243,46.12288],[6.878944,46.123626],[6.877362,46.125227],[6.873642,46.125954],[6.86951,46.125139],[6.85474,46.126781],[6.851271,46.126657],[6.844359,46.128353],[6.842379,46.129466],[6.842377,46.130324],[6.841444,46.130897],[6.842018,46.131979],[6.83819,46.132949],[6.834885,46.132093],[6.831019,46.132606],[6.823831,46.131289],[6.818667,46.131099],[6.817214,46.129758],[6.815114,46.129266],[6.813703,46.130538],[6.813895,46.131482],[6.811515,46.132268],[6.810653,46.133099],[6.810796,46.133723],[6.807229,46.13652],[6.80143,46.135315],[6.797988,46.13636],[6.796538,46.13868],[6.796293,46.142191],[6.794926,46.144097],[6.794606,46.147586],[6.790267,46.154012],[6.79038,46.155437],[6.791375,46.156509],[6.791157,46.157352],[6.792025,46.158027],[6.791634,46.158569],[6.792646,46.159727],[6.791718,46.162933],[6.794183,46.164689],[6.794564,46.165819],[6.796463,46.166517],[6.797827,46.168049],[6.799782,46.168386],[6.803091,46.171826],[6.805522,46.172745],[6.806005,46.175359],[6.807035,46.176784],[6.806958,46.178521],[6.812595,46.181545],[6.809462,46.189144],[6.808683,46.192525],[6.803298,46.203284],[6.803547,46.204609],[6.807258,46.207913],[6.808001,46.210802],[6.810024,46.212036],[6.809878,46.213836],[6.813482,46.215352],[6.815632,46.218909],[6.816471,46.219208],[6.81654,46.220141],[6.820186,46.221552],[6.821589,46.223119],[6.821897,46.227763],[6.820586,46.23041],[6.821206,46.232315],[6.825646,46.233891],[6.829072,46.233811],[6.830652,46.234392],[6.834404,46.237795],[6.835077,46.239447],[6.837151,46.240799],[6.837839,46.24489],[6.839796,46.248221],[6.842935,46.248602],[6.851981,46.252143],[6.855414,46.255206],[6.854451,46.259297],[6.857268,46.261962],[6.860186,46.266231],[6.858902,46.273879],[6.864936,46.280196],[6.864367,46.2831],[6.8619,46.285905],[6.86064,46.286349],[6.859127,46.288494],[6.859217,46.290306],[6.857784,46.291298],[6.854352,46.292523],[6.852112,46.292215],[6.850899,46.290276],[6.847368,46.289876],[6.845348,46.291151],[6.843914,46.294295],[6.839642,46.295094],[6.836363,46.297273],[6.834776,46.299799],[6.829959,46.300178],[6.828103,46.302505],[6.830277,46.306129],[6.829061,46.306565],[6.82626,46.309921],[6.825348,46.311962],[6.821522,46.312956],[6.81981,46.315568],[6.815701,46.315869],[6.812984,46.318124],[6.807037,46.320749],[6.801558,46.319576],[6.800372,46.320043],[6.798833,46.322339],[6.797419,46.326668],[6.798994,46.329077],[6.796574,46.331024],[6.796393,46.333002],[6.786452,46.332084],[6.784314,46.332803],[6.784831,46.334704],[6.784518,46.336833],[6.782726,46.338037],[6.780341,46.341284],[6.779083,46.344625],[6.776755,46.34657],[6.774528,46.347266],[6.772087,46.350269],[6.771018,46.353769],[6.770579,46.355442],[6.771441,46.361101],[6.775162,46.363288],[6.775536,46.364369],[6.778689,46.365042],[6.780895,46.366621],[6.78439,46.366918],[6.786556,46.366429],[6.79254,46.367504],[6.797169,46.371458],[6.798829,46.374251],[6.80372,46.376477],[6.805537,46.378517],[6.806254,46.380132],[6.805783,46.381748],[6.806506,46.38296],[6.803909,46.383743],[6.801862,46.385832],[6.801925,46.388892],[6.803306,46.391161],[6.803091,46.392393],[6.805301,46.39413],[6.82107,46.427157],[6.681871,46.454333],[6.519118,46.456368],[6.425632,46.415807],[6.335202,46.403716],[6.25297,46.360421],[6.219551,46.311884],[6.243176,46.303384],[6.244701,46.304041],[6.245288,46.303026],[6.249024,46.301897],[6.246973,46.300015],[6.247896,46.300031],[6.249309,46.2989],[6.247988,46.298008],[6.248965,46.297451],[6.248059,46.297023],[6.248264,46.296516],[6.250158,46.296425],[6.249773,46.295196],[6.248533,46.294918],[6.248578,46.294254],[6.249378,46.293404],[6.251249,46.29323],[6.250371,46.291916],[6.252277,46.291807],[6.252969,46.290426],[6.251894,46.289719],[6.251468,46.288067],[6.248696,46.287492],[6.248888,46.286467],[6.247061,46.286171],[6.246242,46.285259],[6.241764,46.285035],[6.241936,46.28396],[6.239804,46.282704],[6.239895,46.282077],[6.238002,46.282126],[6.238076,46.280768],[6.238566,46.280833],[6.239026,46.279467],[6.237583,46.277554],[6.23909,46.274931],[6.242871,46.272853],[6.24985,46.262197],[6.261671,46.254561],[6.260152,46.251679],[6.263014,46.250905],[6.2658,46.249066],[6.266786,46.247693],[6.275013,46.250588],[6.278704,46.251264],[6.279192,46.251452],[6.278514,46.25246],[6.285251,46.25489],[6.283458,46.255971],[6.286579,46.257353],[6.2898,46.259961],[6.292275,46.26353],[6.294861,46.264592],[6.296325,46.264229],[6.296596,46.263279],[6.295288,46.260148],[6.293925,46.259528],[6.295016,46.25606],[6.30207,46.254724],[6.306472,46.256477],[6.309755,46.256225],[6.30862,46.255511],[6.307727,46.253464],[6.305696,46.251368],[6.309422,46.250077],[6.30869,46.247487],[6.310282,46.243975],[6.29468,46.225154],[6.289278,46.222966],[6.276973,46.215522],[6.268671,46.213515],[6.266296,46.213575],[6.254102,46.209241],[6.249189,46.205848],[6.249551,46.20499],[6.247362,46.205342],[6.244766,46.206912],[6.245151,46.204966],[6.243028,46.204504],[6.23899,46.20514],[6.236669,46.206433],[6.234014,46.206423],[6.230911,46.204369],[6.230143,46.204462],[6.229914,46.203394],[6.227783,46.203343],[6.228149,46.202449],[6.225842,46.202267],[6.221938,46.200666],[6.221573,46.200014],[6.222238,46.198966],[6.21831,46.198687],[6.216433,46.196608],[6.216012,46.195046],[6.214444,46.194585],[6.214024,46.193859],[6.212728,46.194298],[6.211528,46.193077],[6.21227,46.192787],[6.208898,46.192779],[6.20519,46.191763],[6.205219,46.190864],[6.204559,46.190712],[6.204882,46.189791],[6.202722,46.189089],[6.201624,46.186732],[6.198737,46.185255],[6.199044,46.184784],[6.197851,46.183401],[6.194981,46.184206],[6.194953,46.183411],[6.19187,46.182167],[6.19118,46.181314],[6.189615,46.181056],[6.188474,46.18161],[6.188977,46.18066],[6.187058,46.180364],[6.187364,46.178579],[6.186181,46.178319],[6.186702,46.177671],[6.186072,46.177386],[6.186239,46.17539],[6.188776,46.166388],[6.185614,46.164146],[6.174222,46.157806],[6.168566,46.157163],[6.157346,46.152659],[6.153888,46.152214],[6.148642,46.150089],[6.146303,46.147167],[6.147258,46.146676],[6.144882,46.14495],[6.142689,46.145859],[6.141894,46.147226],[6.141497,46.145492],[6.136877,46.142969],[6.13644,46.141589],[6.132863,46.14085],[6.13209,46.141496],[6.130542,46.140406],[6.128148,46.140318],[6.12016,46.142757],[6.110325,46.142787],[6.109424,46.143509],[6.107732,46.142914],[6.106331,46.144039],[6.103047,46.144318],[6.098494,46.14382],[6.095791,46.148269],[6.091812,46.151946],[6.074915,46.148842],[6.072339,46.149944],[6.060668,46.151179],[6.052263,46.151343],[6.048522,46.147117],[6.047039,46.142572],[6.047614,46.142201],[6.045078,46.139967],[6.042478,46.141411],[6.041041,46.139979],[6.039297,46.139639],[6.036459,46.13723],[6.035394,46.134333],[6.034284,46.136045],[6.034593,46.136752],[6.033432,46.136618],[6.033675,46.137928],[6.032477,46.137917],[6.033009,46.138708],[6.031451,46.137984],[6.031655,46.139396],[6.029037,46.139377],[6.028226,46.139735],[6.028452,46.140437],[6.023902,46.140382],[6.022526,46.141657],[6.021227,46.14111],[6.020153,46.142062],[6.015013,46.143076],[6.013081,46.1421],[6.009603,46.142092],[6.008548,46.142819],[6.003229,46.141777],[5.999871,46.143145],[5.997144,46.142847],[5.996403,46.143778],[5.994621,46.143641],[5.994101,46.144569],[5.99035,46.143303],[5.988864,46.143825],[5.98699,46.142568],[5.985481,46.14341],[5.983503,46.142989],[5.982446,46.142291],[5.982337,46.141545],[5.982927,46.141318],[5.981929,46.137408],[5.976712,46.133155],[5.972966,46.131623],[5.969476,46.132038],[5.9652,46.129685],[5.961105,46.130803],[5.957382,46.12855],[5.956846,46.128757],[5.955902,46.132356],[5.958382,46.134008],[5.964924,46.136439],[5.966256,46.137888],[5.966325,46.139082],[5.964314,46.14215],[5.964295,46.144767],[5.968905,46.151909],[5.973161,46.15618],[5.976483,46.162075],[5.980099,46.166279],[5.980913,46.171106],[5.981934,46.173216],[5.984225,46.173625],[5.985817,46.172529],[5.986655,46.170765],[5.988037,46.170774],[5.990088,46.175649],[5.991733,46.176842],[5.99041,46.177598],[5.994912,46.181839],[5.994952,46.183012],[5.993382,46.184043],[5.992223,46.186547],[5.990298,46.187804],[5.983813,46.188871],[5.98196,46.190024],[5.982817,46.190771],[5.963728,46.197006],[5.965635,46.199532],[5.968212,46.200018],[5.969246,46.201219],[5.97343,46.202575],[5.972809,46.203617],[5.970655,46.204461],[5.969254,46.206627],[5.973358,46.213716],[5.974675,46.215026],[5.979172,46.217252],[5.987398,46.216742],[5.992775,46.215221],[5.993551,46.217898],[5.990187,46.221719],[5.992945,46.222961],[5.998018,46.222138],[5.999148,46.221593],[6.000036,46.220031],[6.001539,46.2205],[6.003515,46.222775],[6.007189,46.223881],[6.006571,46.226541],[6.008061,46.226402],[6.009747,46.22727],[6.010267,46.227937],[6.009561,46.228995],[6.012279,46.228481],[6.013341,46.229053],[6.012552,46.230301],[6.012956,46.231049],[6.015261,46.230443],[6.016434,46.231984],[6.018484,46.231572],[6.025496,46.233225],[6.025875,46.234085],[6.028689,46.235235],[6.033653,46.238551],[6.046111,46.231394],[6.047452,46.233404],[6.04803,46.23316],[6.049506,46.234289],[6.05209,46.238232],[6.055888,46.241658],[6.060107,46.244841],[6.063346,46.245801],[6.067286,46.241782],[6.068197,46.241974],[6.069552,46.241167],[6.070218,46.241688],[6.0709,46.24131],[6.07181,46.242192],[6.073025,46.241349],[6.073763,46.242286],[6.072817,46.243113],[6.073536,46.243712],[6.075555,46.24359],[6.077155,46.244671],[6.077829,46.244229],[6.079525,46.245404],[6.081959,46.245799],[6.082517,46.245393],[6.084392,46.247022],[6.08554,46.245964],[6.088056,46.247126],[6.088512,46.245881],[6.090686,46.245125],[6.10145,46.237647],[6.106853,46.241171],[6.108827,46.23987],[6.120786,46.248015],[6.120294,46.248503],[6.124468,46.251254],[6.123843,46.251837],[6.124457,46.252593],[6.121753,46.253597],[6.120829,46.254556],[6.122753,46.256404],[6.121514,46.257702],[6.122535,46.258178],[6.119307,46.261259],[6.120057,46.261657],[6.118083,46.263448],[6.120079,46.264647],[6.116211,46.266285],[6.115426,46.265942],[6.109899,46.270575],[6.113514,46.272552],[6.108534,46.274742],[6.107154,46.276538],[6.105672,46.276875],[6.104813,46.278234],[6.103265,46.278666],[6.104427,46.280324],[6.105084,46.282961],[6.104426,46.284205],[6.10239,46.28494],[6.10454,46.286976],[6.111618,46.291499],[6.114075,46.294716],[6.116318,46.294013],[6.118044,46.294591],[6.119637,46.294317],[6.11975,46.294885],[6.118561,46.295909],[6.12087,46.297008],[6.120007,46.298133],[6.121792,46.299113],[6.121295,46.300833],[6.119972,46.300979],[6.11877,46.302804],[6.12002,46.303686],[6.11956,46.304189],[6.120258,46.305155],[6.119444,46.305584],[6.120576,46.30606],[6.120766,46.306814],[6.119191,46.307846],[6.120222,46.309661],[6.119546,46.31042],[6.12033,46.312044],[6.119793,46.312487],[6.124111,46.315526],[6.124229,46.31723],[6.126124,46.31775],[6.125257,46.319307],[6.12693,46.321233],[6.131514,46.324053],[6.133893,46.328054],[6.136097,46.328465],[6.135128,46.328778],[6.137167,46.330831],[6.136393,46.331176],[6.136243,46.332099],[6.13774,46.333263],[6.139233,46.333401],[6.139248,46.334782],[6.137218,46.335663],[6.138353,46.336408],[6.137719,46.337439],[6.139441,46.33774],[6.138044,46.338044],[6.137921,46.33873],[6.138844,46.338736],[6.13896,46.339699],[6.139944,46.339168],[6.1408,46.34042],[6.144084,46.341349],[6.145534,46.340595],[6.14589,46.34167],[6.149408,46.342707],[6.14959,46.343678],[6.151135,46.344412],[6.151074,46.345281],[6.151942,46.345955],[6.151493,46.347383],[6.153535,46.347163],[6.157698,46.349908],[6.158492,46.351394],[6.157513,46.352764],[6.158955,46.355439],[6.15845,46.355908],[6.159095,46.356098],[6.159275,46.357302],[6.161469,46.359916],[6.169927,46.366083],[6.169741,46.367825],[6.165894,46.371931],[6.161131,46.374894],[6.161149,46.376482],[6.160236,46.377524],[6.160497,46.3787],[6.159328,46.379668],[6.158427,46.379742],[6.157034,46.377727],[6.154774,46.378624],[6.153378,46.377422],[6.149672,46.377524],[6.134697,46.388704],[6.112981,46.399941],[6.113105,46.398652],[6.114773,46.397235],[6.113819,46.396826],[6.108834,46.39955],[6.105682,46.399418],[6.100085,46.40474],[6.099075,46.406329],[6.099305,46.407534],[6.097886,46.407919],[6.09763,46.409037],[6.067593,46.414902],[6.063857,46.41639],[6.070584,46.42552],[6.073892,46.428362],[6.074569,46.432174]],[[8.958544,45.964816],[8.968247,45.963039],[8.968936,45.962749],[8.968503,45.961917],[8.971059,45.961628],[8.974174,45.962001],[8.975632,45.961632],[8.976935,45.963749],[8.977366,45.968126],[8.978242,45.968424],[8.979361,45.971038],[8.97717,45.97195],[8.977413,45.972206],[8.976329,45.97586],[8.976438,45.979625],[8.977322,45.981629],[8.97742,45.982877],[8.967078,45.984149],[8.964882,45.979821],[8.964146,45.976155],[8.961477,45.972364],[8.960963,45.970183],[8.959567,45.967906],[8.958544,45.964816]],[[8.717871,47.69069],[8.716967,47.692473],[8.717604,47.692797],[8.717627,47.694932],[8.711396,47.696329],[8.711947,47.701129],[8.711558,47.701636],[8.711812,47.70174],[8.708926,47.704144],[8.706999,47.709601],[8.706194,47.709649],[8.706005,47.710064],[8.706601,47.710226],[8.706432,47.711075],[8.705557,47.711825],[8.704645,47.713427],[8.702988,47.714624],[8.701286,47.71519],[8.698559,47.71501],[8.69743,47.713753],[8.68968,47.711714],[8.689866,47.710777],[8.690338,47.710307],[8.690324,47.70945],[8.686333,47.70857],[8.68384,47.708728],[8.679933,47.710557],[8.680285,47.711489],[8.681401,47.711779],[8.681337,47.712415],[8.67781,47.712928],[8.677841,47.71317],[8.674222,47.712689],[8.671379,47.711003],[8.669126,47.711522],[8.664664,47.713362],[8.666023,47.70786],[8.673576,47.704886],[8.676406,47.698088],[8.676315,47.697554],[8.67411,47.697865],[8.673948,47.695623],[8.673552,47.695067],[8.672839,47.694738],[8.672431,47.694958],[8.669682,47.69362],[8.668054,47.693205],[8.668386,47.692089],[8.658608,47.691339],[8.658614,47.690593],[8.659962,47.690559],[8.659689,47.689484],[8.662497,47.688256],[8.664052,47.688148],[8.664066,47.686953],[8.663412,47.685784],[8.669639,47.684844],[8.671702,47.68511],[8.678441,47.687491],[8.681134,47.689371],[8.685109,47.691533],[8.688289,47.694754],[8.690073,47.695373],[8.69189,47.695239],[8.699719,47.692914],[8.704645,47.690415],[8.707385,47.689611],[8.714596,47.689609],[8.717871,47.69069]]]}}]}