Istanbul|41.0064|28.9759|15701602
Londra|51.5074|-0.1278|8908083
Smirne|38.4193|27.1285|4493242
Berlino|52.5174|13.3951|3769962
Madrid|40.4168|-3.7035|3477497
Algeri|36.7729|3.0588|3415811
Bursa|40.1826|29.0675|3238618
Atene|37.9756|23.7348|3090508
Parigi|48.8535|2.3484|2133111
Kocaeli|40.7654|29.9407|2079072
Vienna|48.2084|16.3725|2042036
Minsk|53.9025|27.5618|1995471
Bucarest|44.4361|26.1027|1883425
Varsavia|52.232|21.0067|1863845
Amburgo|53.5502|10.0013|1862565
Barcellona|41.3826|2.1771|1713247
Budapest|47.4979|19.0402|1686222
Rabat|34.0218|-6.8409|1650000
Monaco di Baviera|48.1371|11.5754|1484226
Magnesia|38.6126|27.4334|1475353
Sofia|42.6977|23.3217|1286383
Balıkesir|39.6474|27.888|1284517
Praga|50.0875|14.4213|1275406
Belgrado|44.8178|20.4569|1197714
Fes|34.0347|-5.0162|1167842
Aydın|37.8484|27.8436|1119084
Colonia|50.9384|6.96|1069200
Denizli|37.7828|29.0966|1051056
Birmingham|52.4797|-1.9027|1036878
Salé|34.0449|-6.814|1000000
Sfax|34.7394|10.7604|955421
Tangeri|35.7696|-5.8034|947952
Breslavia|51.109|17.0327|893506
Amsterdam|52.3731|4.8925|881933
Marsiglia|43.2964|5.3778|873076
Orano|35.7044|-0.6503|852576
Cracovia|50.0619|19.9369|800653
Valencia|39.4697|-0.3763|799829
Salonicco|40.6403|22.9353|790824
Leeds|53.7974|-1.5438|766399
Chișinău|47.0245|28.8323|756900
Tunisi|36.8002|10.1858|728453
Leopoli|49.842|24.0316|724822
Francoforte sul Meno|50.1106|8.6821|701350
Bouira|36.3739|3.9007|695585
Siviglia|37.3886|-5.9953|687965
Łódź|51.7687|19.457|670642
Saragozza|41.6521|-0.8809|666453
Zagabria|45.8131|15.9773|663592
Düsseldorf|51.2254|6.7763|653253
Lipsia|51.3406|12.3747|628718
Stoccarda|48.7784|9.18|613392
Copenaghen|55.6867|12.5701|613288
Glasgow|55.8612|-4.2502|606340
Dortmund|51.5142|7.4653|600933
Vilnius|54.687|25.2829|581475
Kütahya|39.4199|29.9858|573642
Rotterdam|51.9244|4.4778|572392
Dresda|51.0493|13.7381|572240
Essen|51.4582|7.0158|569884
Tirana|41.3281|19.8184|557422
Hannover|52.3745|9.7386|555372
Dublino|53.3494|-6.2606|554554
Lisbona|38.7078|-9.1366|552700
Malaga|36.7213|-4.4216|551480
Brema|53.0758|8.8072|551415
Sheffield|53.3807|-1.4702|547000
Poznań|52.4083|16.9335|546859
Norimberga|49.4539|11.0773|526091
L'Aia|52.08|4.3113|525745
Lione|45.7578|4.832|522250
Kénitra|34.2646|-6.5702|507736
Anversa|51.2211|4.3997|506922
Tolosa|43.6045|1.4442|504078
Manchester|53.4795|-2.2451|503100
Oujda|34.6779|-1.9293|494252
Kaliningrad|54.7101|20.5106|489584
Edimburgo|55.9533|-3.1884|488050
Danzica|54.3483|18.654|487834
Duisburg|51.435|6.7596|486855
Murcia|37.9924|-1.1305|479405
Bristol|51.4538|-2.5973|463400
Costantina|36.3642|6.6084|448374
Zurigo|47.3744|8.541|443037
Liverpool|53.4072|-2.9917|434900
Bratislava|48.1435|17.1083|432801
Skopje|41.9962|21.4319|422540
Stettino|53.4302|14.551|387700
Brno|49.1922|16.6113|379466
Uşak|38.674|29.4058|374405
Vinnycja|49.232|28.468|373302
Bochum|51.4818|7.2197|371075
Wuppertal|51.264|7.178|361077
Hrodna|53.6835|23.8343|358717
Alicante|38.3436|-0.4882|351893
Bilbao|43.263|-2.935|350975
Nizza|43.7009|7.2684|348085
Varna|43.2074|27.9167|348058
Cardiff|51.4817|-3.1792|346100
Brėst|52.0938|23.6852|340521
Coventry|52.4082|-1.5105|337428
Bonn|50.7353|7.1025|335913
Lublino|51.2506|22.5701|334681
Plovdiv|42.1419|24.7499|333994
Belfast|54.5964|-5.9302|333000
Blida|36.4706|2.8275|331779
Graz|47.0709|15.4383|331359
Bydgoszcz|53.122|18.0003|330038
Palma di Maiorca|39.5696|2.6501|329532
Bielefeld|52.0191|8.531|328864
Nante|47.2186|-1.5541|327734
Cluj-Napoca|46.7694|23.59|324576
Wakefield|53.683|-1.4967|322300
Newcastle upon Tyne|54.9738|-1.6132|320605
Tétouan|35.5698|-5.3747|320539
Timișoara|45.7538|21.2257|319279
Malmö|55.6053|13.0002|316588
Kaunas|54.8982|23.9045|315993
Münster|51.9625|7.6252|314332
Mannheim|49.4893|8.4673|310000
Leicester|52.6362|-1.1332|305700
Nottingham|52.9534|-1.1496|305700
Montpellier|43.6112|3.8767|302454
Augusta|48.369|10.898|301033
Patrasso|38.2462|21.7351|300000
Wiesbaden|50.082|8.2417|299946
Valladolid|41.6522|-4.7286|296712
Utrecht|52.0907|5.1216|295591
Białystok|53.1324|23.1592|294242
Bradford|53.7944|-1.7519|293717
l'Hospitalet de Llobregat|41.3595|2.0996|292161
Strasburgo|48.5846|7.7507|291313
Iași|47.1616|27.5838|290422
Cordova|37.8846|-4.776|290079
Djelfa|34.6714|3.254|289226
Lubiana|46.05|14.5069|285604
Karlsruhe|49.0069|8.4034|283959
Costanza|44.1767|28.6508|283872
Ostrava|49.8354|18.293|279791
Kırklareli|41.737|27.2236|277984
Katowice|50.2599|19.0216|277415
Sunderland|54.9059|-1.3829|275300
Gand|51.0538|3.725|272657
Saraievo|43.8571|18.4126|271194
Craiova|44.319|23.7966|269506
Chmel'nyc'kyj|49.4196|26.9794|269308
Žytomyr|50.2601|28.6696|267610
Černivci|48.2865|25.9377|266650
Plymouth|50.3714|-4.1424|264695
Bordeaux|44.8412|-0.58|261804
Hull|53.7436|-0.3395|260700
Novi Sad|45.2551|19.8452|260438
Gelsenkirchen|51.511|7.096|260368
Salford|53.4877|-2.2892|258834
Brighton|50.8215|-0.1401|256000
Gijón / Xixón|43.5449|-5.6627|255940
Mönchengladbach|51.1947|6.4354|255430
Vitoria-Gasteiz|42.8465|-2.6724|254777
Southampton|50.9025|-1.4042|253651
Brașov|45.6525|25.6106|253200
Braunschweig|52.2647|10.5236|252962
Wolverhampton|52.5848|-2.1276|251462
Galați|45.4338|28.0549|249432
Stoke-on-Trent|53.0162|-2.1813|249000
Kiel|54.3227|10.1356|246306
Rivne|50.6196|26.2513|245323
Gdynia|54.5165|18.5403|245222
Magdeburgo|52.1315|11.6401|244329
Chemnitz|50.8324|12.9189|243089
Aquisgrana|50.7764|6.0839|241683
Yalova|40.6583|29.27|241665
Swansea|51.6196|-3.9459|239000
Košice|48.7172|21.2497|238593
Porto|41.1502|-8.6103|237591
Lilla|50.6366|3.0635|236710
Eindhoven|51.4393|5.4786|235923
Derby|52.9233|-1.4765|233700
Halle|51.4824|11.9713|231565
Ivano-Frankivs'k|48.9225|24.7103|230929
Granada|37.1735|-3.5995|230254
Milton Keynes|52.0407|-0.7594|229941
Badalona|41.4494|2.2483|228905
Magonza|49.9995|8.2736|227277
Terrassa|41.563|2.01|226031
Rennes|48.1113|-1.68|225081
Ploiești|44.9417|26.0237|224406
Cork|51.8985|-8.4726|222526
Krefeld|51.3331|6.5623|222058
Susa|35.8288|10.6405|221530
Friburgo in Brisgovia|47.9961|7.8494|220286
Cartagena|37.6155|-0.9875|218244
Babrujsk|53.145|29.2281|217546
Luc'k|50.7451|25.3201|217502
Ternopil'|49.5558|25.5924|217326
Tekirdağ|40.9781|27.5108|215558
A Coruña|43.371|-8.3959|214816
Erfurt|50.9778|11.0287|213332
Lubecca|53.8664|10.6847|212958
Sidi Bel Abbès|35.1907|-0.6341|212935
City of Westminster|51.4973|-0.1371|211365
Pamplona / Iruña|42.8182|-1.644|209676
Oberhausen|51.4696|6.8514|209292
Almere|52.3705|5.2186|207904
Rostock|54.0887|12.14|207830
Linz|48.3059|14.2862|207812
Częstochowa|50.812|19.1132|204730
Kassel|51.3158|9.4978|204021
Charleroi|50.4116|4.4445|202730
Sabadell|41.5461|2.1083|202717
Alcalá de Henares|40.482|-3.364|202346
Debrecen|47.5314|21.626|201704
Radom|51.4023|21.1542|201601
Vigo|42.2377|-8.7247|201482
Tiaret|35.3661|1.3195|201263
Groninga|53.2191|6.568|201242
Móstoles|40.3239|-3.8649|201069
Tilburg|51.5562|5.0886|199128
Elx / Elche|38.2653|-0.6988|198295
Toruń|53.0103|18.6048|198273
Portsmouth|50.8|-1.0906|197700
Liegi|50.6451|5.5736|197013
Oradea|47.0549|21.9285|196367
Rzeszów|50.0375|22.0047|195871
Norwich|52.6286|1.2924|195000
Bruxelles - Brussel|50.8467|4.3525|194291
Sosnowiec|50.2781|19.1343|193660
Jerez de la Frontera|36.6817|-6.1377|193323
Ginevra|46.2018|6.1466|191557
Oviedo / Uviéu|43.3619|-5.8484|189547
Skikda|36.8801|6.9077|188467
Vila Nova de Gaia|41.1292|-8.6057|186502
Hagen|51.3583|7.4733|186000
Plzeň|49.7477|13.3775|185599
Donostia / San Sebastián|43.3224|-1.9839|184973
Peterborough|52.5726|-0.2427|183600
Southend-on-Sea|51.5388|0.7128|183125
Leganés|40.3282|-3.7653|181484
Kielce|50.872|20.631|180537
Tolone|43.1257|5.9305|180452
Brăila|45.2716|27.9743|180302
Edirne|41.6759|26.5587|180002
Reims|49.2578|4.0319|179380
Baranavičy|53.1323|26.0184|179166
Niš|43.3211|21.8959|178976
Chlef|36.1649|1.3316|178616
Odense|55.3997|10.3852|178210
Potsdam|52.4009|13.0591|178089
Bejaia|36.7512|5.0644|177988
Saarbrücken|49.2344|6.9964|177201
Nimega|51.8475|5.8638|176731
Chelmsford|51.7345|0.4731|176194
Hamm|51.6813|7.8191|176048
Basilea|47.5581|7.5878|174491
Colchester|51.8897|0.8995|173074
Saint-Étienne|45.4401|4.3873|172718
Alcorcón|40.3493|-3.8284|172540
Burgos|42.3439|-3.697|172377
Amadora|38.759|-9.2365|171454
Almería|36.8414|-2.4628|171396
Olsztyn|53.7767|20.4765|170225
Bielsko-Biała|49.8221|19.0449|169089
Bordj Bou Arreridj|36.0741|4.7613|168346
Osnabrück|52.272|8.0476|167730
Albacete|38.9951|-1.8559|167350
Mülheim an der Ruhr|51.4273|6.8829|167108
Gliwice|50.2941|18.6657|166942
Le Havre|49.4939|0.108|166058
Doncaster|53.5228|-1.1335|165468
Oxford|51.752|-1.2578|165000
Getafe|40.3071|-3.7332|164800
Solingen|51.1722|7.0846|164205
Oldenburg|53.139|8.2146|163830
Pireo|37.9432|23.6471|163688
Ludwigshafen am Rhein|49.4704|8.4382|163340
Klaipėda|55.7128|21.135|162360
Fuenlabrada|40.2825|-3.7923|162341
Pristina|42.6639|21.1641|161751
Nador|35.174|-2.9281|161726
Leverkusen|51.0325|6.9881|160819
Taza|34.2302|-4.0101|160000
Darmstadt|49.8728|8.6512|159631
Digione|47.3216|5.0415|159346
Neuss|51.1982|6.6916|159122
Arad|46.1754|21.3196|159074
Haarlem|52.3885|4.6388|158593
Seghedino|46.2546|20.1486|157930
Grenoble|45.1876|5.7358|157477
Angers|47.474|-0.5516|157175
Villeurbanne|45.7661|4.8796|156928
M'Sila|35.7087|4.5371|156647
Herne|51.538|7.22|156449
Arnhem|51.9843|5.9109|155694
Saint-Denis|-20.88|55.4481|154765
Castelló de la Plana|39.986|-0.0377|154568
Heidelberg|49.4094|8.6947|152113
Salisburgo|47.7981|13.0465|152083
Paderborn|51.7177|8.7527|151633
Enschede|52.221|6.8941|151041
Podgorizza|42.4415|19.2621|150799
Zabrze|50.3086|18.7864|150780
Breda|51.5888|4.776|150008
Spalato|43.5116|16.44|149830
Logroño|42.4661|-2.4397|149336
Nîmes|43.8374|4.3601|148104
Aix-en-Provence|43.5298|5.4475|147478
Clermont-Ferrand|45.7775|3.0819|147327
Sibiu|45.7974|24.1519|147245
Cambridge|52.2055|0.1187|145818
Amersfoort|52.1562|5.3897|145699
Mostaganem|35.9288|0.09|145696
Salamanca|40.9652|-5.664|145583
Le Mans|48.0074|0.1968|145004
Ratisbona|49.0195|12.0975|145000
Bălți|47.7624|27.9286|144800
Larissa|39.6383|22.4161|144651
Bytom|50.347|18.9232|144598
Bacău|46.556|26.9154|144307
Çanakkale|40.1463|26.4029|143675
Miskolc|48.1031|20.79|143502
Huelva|37.2576|-6.9485|143409
Torrejón de Ardoz|40.4588|-3.4793|142851
Pitești|44.8573|24.8721|141275
Apeldoorn|52.2156|5.9639|141107
Lleida|41.6148|0.6268|140750
Candia|35.3391|25.1333|140730
Barysaŭ|54.2241|28.5118|140700
Cinquechiese|46.0765|18.228|140330
Tlemcen|34.8818|-1.3167|140158
Zielona Góra|51.9384|15.505|140002
Brest|48.3912|-4.4851|139619
Al-Qayrawan|35.671|10.1006|139070
Banja Luka|44.7721|17.1918|138963
Médéa|36.2653|2.767|138355
Parla|40.2374|-3.7719|137991
Tours|47.39|0.6889|137658
York|53.9591|-1.0815|137000
Biserta|37.2721|9.8709|136917
Braga|41.5511|-8.428|136885
Offenbach am Main|50.1055|8.7611|136824
Gottinga|51.5328|9.9352|135887
Tizi Ouzou|36.7138|4.0494|135088
Fürth|49.4772|10.9894|135082
Jijel|36.8167|5.7715|134839
Târgu Mureș|46.5446|24.5612|134290
Rybnik|50.0956|18.542|133772
Amiens|49.8942|2.2957|133625
Losanna|46.5218|6.6327|133521
Annecy|45.8992|6.1289|131715
Heilbronn|49.1423|9.2187|131653
Mataró|41.54|2.4449|131370
Newport|51.5882|-2.9975|130882
Valona|40.4708|19.4913|130827
Exeter|50.7256|-3.5269|130800
Innsbruck|47.2654|11.3928|130585
Durazzo|41.3133|19.4462|130566
Győr|47.6835|17.6343|130191
Relizane|35.7381|0.5548|130094
Limoges|45.8354|1.2645|129760
Tiraspol|46.8371|29.611|128979
Berna|46.9485|7.4522|128848
Saïda|34.8302|0.1503|128413
Ingolstadt|48.763|11.425|127886
Ruda Śląska|50.2858|18.8748|127601
Santander|43.4619|-3.81|127392
Opole|50.6668|17.9236|127387
Pinsk|52.1114|26.1025|125900
Bou Saada|35.2133|4.181|125573
Algeciras|36.1312|-5.4474|125262
Zoetermeer|52.0623|4.4901|124780
Würzburg|49.7934|9.931|124700
Zwolle|52.509|6.0944|124505
Badajoz|38.8782|-6.9701|124459
Leida|52.1595|4.4909|123753
Baia Mare|47.6566|23.572|123738
Ede|52.0458|5.6702|123550
Al Hoceïma|35.2451|-3.9302|123436
Santa Coloma de Gramenet|41.4519|2.2081|123250
Alcobendas|40.54|-3.6358|123108
Winterthur|47.4992|8.7291|122937
Sidi Bouzid|35.0382|9.4865|122676
Wolfsburg|52.4206|10.7862|122457
Lussemburgo|49.6113|6.1298|122273
Dordrecht|51.8144|4.6692|122070
Gloucester|51.8654|-2.2458|121700
Ulmo|48.3985|9.9912|121648
Metz|49.1197|6.1764|120874
Maastricht|50.8512|5.691|120105
Tychy|50.1144|18.9966|120081
Erlangen|49.5977|11.0037|120028
Boulogne-Billancourt|48.8357|2.2402|119808
Perpignano|42.6985|2.8953|119656
Besanzone|47.238|6.0244|119198
Chester|53.1909|-2.8909|119000
Pforzheim|48.8909|8.7026|117754
Bruges|51.2086|3.2268|117639
León|42.599|-5.5682|117498
Bremerhaven|53.5505|8.5852|117281
Dąbrowa Górnicza|50.3309|19.2079|116930
Remscheid|51.1799|7.1944|116827
Orléans|47.9027|1.9086|116617
Bottrop|51.5216|6.9292|116055
's-Hertogenbosch|51.6889|5.3031|115903
Buzău|45.149|26.8307|115494
Nyíregyháza|47.9558|21.7168|115359
Recklinghausen|51.6144|7.1979|115320
Elbląg|54.1559|19.4045|115220
Užhorod|48.6224|22.3023|114867
Płock|52.5465|19.7009|114594
Gorzów Wielkopolski|52.731|15.24|114567
Ariana|36.8587|10.1882|114486
Preston|53.7593|-2.6993|114300
Rouen|49.4405|1.094|114083
Saint-Denis|48.9358|2.358|113942
Namur|50.4665|4.8662|113174
Reutlingen|48.492|9.2114|112099
Montreuil|48.8623|2.4412|111455
Jena|50.9282|11.5879|111343
Coblenza|50.3533|7.5944|110643
Cádiz|36.5297|-6.2929|110123
Kecskemét|46.9075|19.6922|109450
Bergisch Gladbach|50.9929|7.1277|109425
Šiauliai|55.9341|23.3158|109328
Berkane|34.9267|-2.3294|109237
Mascara|35.3941|0.138|108587
Caen|49.1813|-0.3636|108200
Fiume|45.3268|14.4422|107964
Ksar el-Kebir|34.9992|-5.8987|107380
Larache|35.1952|-6.1529|107371
Treviri|49.7596|6.6442|107233
Argenteuil|48.9479|2.2482|107221
Jaén|37.7729|-3.7883|107161
Reus|41.1556|1.1076|107129
Botoșani|47.7451|26.66|106847
Salihorsk|52.7841|27.542|106627
Mulhouse|47.7467|7.339|106341
Tarnów|50.0124|20.9881|106259
Coimbra|40.2112|-8.4291|105842
Saint-Paul|-21.0006|55.2772|105240
Koszalin|54.1909|16.1771|105143
Moers|51.4513|6.6284|105102
Włocławek|52.6604|19.0719|104705
Monastir|35.7708|10.8281|104535
Wałbrzych|50.7659|16.2825|104401
Mazyr|52.0495|29.2676|104302
Nancy|48.6937|6.1834|104260
Girona|41.9793|2.8199|104192
Salzgitter|52.1504|10.3593|103694
Gütersloh|51.9064|8.3782|103603
Liberec|50.7703|15.0584|102951
Satu Mare|47.7892|22.8726|102411
Lovanio|50.8792|4.7012|102275
Lida|53.8916|25.3023|101616
Delft|52.0114|4.3584|101386
Hanau|50.1329|8.917|101364
Aïn Oussara|35.4487|2.9073|101239
"Kam""janec'-Podil's'kyj"|48.6781|26.5854|101235
Dos Hermanas|37.2837|-5.9227|100725
Klagenfurt|46.6239|14.3076|100316
Panevėžys|55.7345|24.3578|99690
Olomouc|49.5941|17.2511|99496
Siegen|50.8751|8.0256|99403
Flensburgo|54.7833|9.4333|99307
Tourcoing|50.7235|3.1606|99011
Ourense|42.3436|-7.8674|98897
Roubaix|50.6916|3.1742|98892
Râmnicu Vâlcea|45.1032|24.3647|98776
Cottbus - Chóśebuz|51.7567|14.3357|98693
Schwerin|53.6288|11.4148|98596
Hildesheim|52.1527|9.9518|98510
Chorzów|50.2979|18.9544|98418
Lincoln|53.2294|-0.5405|97541
Nanterre|48.8924|2.2071|97351
Focșani|45.6973|27.1857|97186
Kaiserslautern|49.4432|7.769|97162
Tighina|46.8218|29.4819|97027
Alkmaar|52.6313|4.7504|96460
Vitry-sur-Seine|48.7876|2.3916|96205
Székesfehérvár|47.191|18.4108|96024
Maribor|46.5576|15.6456|96000
Scutari|42.0681|19.5121|96000
Purmerend|52.5025|4.9615|95912
Cáceres|39.4745|-6.3717|95441
Maladzečna|54.3073|26.8389|95011
Legnica|51.2082|16.1603|94878
Kalisz|51.7625|18.0895|94489
Worcester|52.1912|-2.2207|94000
San Fernando|36.4647|-6.1983|93476
České Budějovice|48.9747|14.4743|93426
Hilversum|52.2241|5.1719|93345
Créteil|48.7771|2.4531|92989
Mons|50.455|3.952|92721
Drobeta-Turnu Severin|44.6258|22.6532|92617
Lugo|43.0118|-7.5566|92362
Suceava|47.647|26.2523|92121
Bab Ezzouar|36.722|3.1856|92000
Leeuwarden|53.2006|5.7919|91992
Prešov|49.0|21.2392|91498
Numea|-22.2745|166.4424|91386
Grudziądz|53.4876|18.7558|90890
Helmond|51.4791|5.6558|90609
Hradec Kralovė|50.2092|15.8328|90596
Ústí nad Labem|50.6603|14.0381|90378
Avignone|43.9492|4.8059|90330
Guadalajara|40.6327|-3.1646|90312
Poitiers|46.5803|0.3402|90240
Aubervilliers|48.9146|2.3822|90071
Asnières-sur-Seine|48.9106|2.289|89662
Dobrič|43.5688|27.8297|89627
Giannina|39.664|20.8523|89061
Jaworzno|50.2034|19.2722|88998
Colombes|48.9227|2.2544|88870
Bath|51.3814|-2.3597|88859
Setúbal|38.5242|-8.8932|88646
Pardubice|50.0386|15.7791|88520
Ben Arous|36.7517|10.2245|88322
San Sebastián de los Reyes|40.5474|-3.6261|88057
Melilla|35.2919|-2.9407|87067
Dunkerque|51.0348|2.3773|86788
Lucerna|47.0521|8.3058|86234
Aulnay-sous-Bois|48.9342|2.4998|86135
Galway|53.2744|-9.0491|85910
Valdemoro|40.1887|-3.6706|85904
Sant Boi de Llobregat|41.3459|2.0414|85317
Derry|54.9979|-7.3213|85279
Słupsk|54.4649|17.0281|85135
Deventer|52.2532|6.1585|85120
Prizren|42.213|20.7363|85119
Jastrzębie-Zdrój|49.9519|18.6024|85050
Fuengirola|36.5388|-4.6234|84857
Nitra|48.313|18.0895|84444
Santiago di Compostela|42.8804|-8.5459|84276
Saint-Pierre|-21.3413|55.4776|84077
Versailles|48.8035|2.1267|83587
Lund|55.7029|13.1929|82800
Muğla|37.2152|28.3637|82717
Târgu Jiu|45.0423|23.2728|82504
Le Tampon|-21.2774|55.5164|81943
Courbevoie|48.8953|2.2562|81516
Žilina|49.2235|18.7393|81494
Nowy Sącz|49.6249|20.6913|81281
Banská Bystrica|48.7354|19.1457|80466
Coslada|40.4238|-3.5553|80365
Béziers|43.3427|3.2131|80341
Roman|46.9253|26.9284|80328
Coriza|40.6159|20.7772|80000
Agualva-Cacém|38.7703|-9.3007|79805
Piatra-Neamț|46.932|26.3695|79679
Târgoviște|44.9268|25.4628|79610
Mahdia|35.5036|11.0682|79545
Talavera de la Reina|39.9604|-4.8312|79246
Elbasan|41.1127|20.0821|78703
Hunedoara|45.7575|22.9074|78675
Cornellà de Llobregat|41.3557|2.0706|78614
La Rochelle|46.1597|-1.1516|78535
Marbella|36.509|-4.8856|78373
San Gallo|47.4256|9.3762|78213
Manresa|41.7289|1.8287|78191
Rueil-Malmaison|48.8778|2.1803|78186
Cherbourg-en-Cotentin|49.6425|-1.625|77808
Szombathely|47.2291|16.6188|77757
Champigny-sur-Marne|48.8138|2.5106|77724
Bârlad|46.2275|27.669|77518
Daugavpils|55.8712|26.5159|77486
Jelenia Góra|50.9031|15.7344|77305
Courtrai|50.8276|3.266|77109
Pau|43.2958|-0.3686|77066
Lelystad|52.5151|5.4769|76969
Siedlce|52.1664|22.2765|76357
Mérignac|44.8422|-0.6469|75729
Ain Temouchent|35.3048|-1.1458|75558
Essechio|45.5549|18.6954|75535
Saint-Maur-des-Fossés|48.8033|2.4853|75441
Palencia|42.0109|-4.5329|75215
Tissemsilt|35.6048|1.8105|75197
Queluz|38.7566|-9.2545|75169
Antibes|43.5814|7.1237|75130
Bistrița|47.1327|24.4964|75076
Saint-Nazaire|47.2734|-2.2139|74568
Tuzla|44.5393|18.6749|74457
Ciudad Real|38.9854|-3.9285|73930
Rubí|41.4936|2.0319|73892
Aiaccio|41.9264|8.7376|73822
Tulcea|45.1775|28.8016|73707
Reșița|45.289|21.8879|73282
Cannes|43.5515|7.0134|73255
Nabeul|36.4513|10.7356|73128
Zlín|49.2268|17.6667|72973
Sidi Aïssa|35.8838|3.7804|72062
Carlisle|54.8948|-2.9362|72000
Ostenda|51.2259|2.9195|71647
Mamoudzou|-12.7804|45.228|71437
Lisburn|54.5113|-6.0467|71403
Esbjerg|55.4665|8.4521|71371
Drancy|48.923|2.4455|71363
Avilés|43.5555|-5.9222|71039
Zenica|44.1998|17.9093|70533
Assen|52.9952|6.5605|70392
Noisy-le-Grand|48.8492|2.5525|70374
Slatina|44.43|24.3632|70293
Mysłowice|50.2415|19.1415|70160
Konin|52.2302|18.2521|69858
Tarragona|41.1172|1.2546|69387
Suwałki|54.0991|22.9279|69229
Tournai|50.6056|3.3878|69066
Piotrków Trybunalski|51.4083|19.6962|68978
Ceuta|35.8884|-5.3041|68758
Issy-les-Moulineaux|48.8251|2.2735|68580
Cergy|49.0528|2.0389|68348
Trnava|48.3768|17.5858|68038
Levallois-Perret|48.893|2.2882|68009
Heerlen|50.8877|5.9773|67943
Ksar El Boukhari|35.8863|2.7502|67813
Colmar|48.0778|7.358|67730
Calais|50.9525|1.8538|67380
Zara|44.1169|15.2353|67309
Zrenjanin|45.3803|20.3908|67129
Lugano|46.0038|8.9512|67000
Évry-Courcouronnes|48.63|2.4382|66851
Pessac|44.8056|-0.6308|66760
Szolnok|47.1754|20.1946|66426
Vénissieux|45.6977|4.8856|66363
Évry|48.6242|2.429|66177
Caienna|4.9372|-52.3259|65956
Ain Defla|36.2657|1.9701|65453
Călăraşi|44.1962|27.3313|65181
Sant Cugat del Vallès|41.4708|2.0849|65030
Berat|40.7019|19.9581|65000
Clichy|48.9026|2.3055|64849
Rio Tinto|41.1807|-8.5576|64815
Tatabánya|47.5838|18.398|64785
Valence|44.9332|4.8921|64483
Venlo|51.3702|6.1689|64339
Ivry-sur-Seine|48.8122|2.3873|64001
Pontevedra|42.4319|-8.6432|63996
Bourges|47.0812|2.3991|63702
Quimper|47.996|-4.1025|63642
Alba Iulia|46.0683|23.5665|63536
Ouled Djellal;|34.4254|5.0644|63237
Antony|48.7536|2.2958|63232
Troyes|48.2972|4.0746|62782
La Seyne-sur-Mer|43.1008|5.8789|62763
Siemianowice Śląskie|50.3052|19.0276|62311
Vejle|55.7079|9.5329|62153
Villeneuve-d'Ascq|50.6193|3.1314|62067
Montauban|44.0176|1.355|61919
Żory|50.0455|18.6943|61823
Leszno|51.8436|16.5744|61791
Wrexham|53.0465|-2.9938|61603
Giurgiu|43.8961|25.9656|61353
Villaco|46.6167|13.85|61221
Deva|45.8817|22.9009|61123
Vraca|43.2028|23.548|60877
Łomża|53.1751|22.0728|60848
Pantin|48.8965|2.402|60800
Kolding|55.4895|9.4791|60508
Toledo|39.8559|-4.0243|60505
Mostar|43.3436|17.8077|60195
Berrouaghia|36.1353|2.9173|60152
Zamość|50.7171|23.2526|60148
Waterford|52.261|-7.1119|60079
Aveiro|40.6405|-8.6538|60058
Lushnja|40.9422|19.706|60000
Chambéry|45.5663|5.9204|59856
Wels|48.1565|14.0244|59853
St. Pölten|48.2044|15.6229|59767
Gabrovas|42.871|25.3158|59611
Chełm|51.1339|23.4712|59546
Viseu|40.6575|-7.9139|59469
Zamora|41.5056|-5.7448|59394
Niort|46.3239|-0.4646|59309
Neuilly-sur-Seine|48.8847|2.2696|59267
Hereford|52.0554|-2.7152|58896
Mérida|38.9175|-6.3444|58862
Kaposvár|46.3565|17.7887|58830
Ávila|40.6565|-4.7002|58722
Ouezzane|34.7968|-5.5785|58684
Horsens|55.8612|9.8445|58646
Sarcelles|48.9961|2.3796|58424
Przemyśl|49.7823|22.775|58408
Bangor|54.6626|-5.6679|58368
Limerick|52.6613|-8.6301|58319
Le Blanc-Mesnil|48.9385|2.4631|58257
Maisons-Alfort|48.8012|2.431|58068
Lorient|47.7477|-3.3661|57846
St Albans|51.7531|-0.338|57795
Villejuif|48.7921|2.3633|57753
Calamata|37.0373|22.1107|57620
Onești|46.252|26.7702|57333
Saint-André|-20.9606|55.6493|57150
Fréjus|43.433|6.736|57082
Nikšić|42.7739|18.9488|56970
Odivelas|38.7904|-9.1793|56847
Trenčín|48.8923|18.0387|56759
Beauvais|49.4301|2.0823|56677
Narbonne|43.1838|3.0042|56395
Biel/Bienne|47.1402|7.2439|56378
Zalău|47.1819|23.0562|56202
Emmen|52.7889|6.8939|56113
Veszprém|47.0934|17.908|56029
Sfântu Gheorghe|45.866|25.7865|56006
Fier|40.7251|19.5582|55845
Meaux|48.9583|2.8774|55616
Biała Podlaska|52.0338|23.1194|55429
Vaslui|46.6394|27.731|55407
Zalaegerszeg|46.8416|16.8456|55152
Hyères|43.1203|6.1302|55103
Leiria|39.7438|-8.8071|55074
Bobigny|48.9064|2.4452|55056
La Roche-sur-Yon|46.6706|-1.427|54952
Clamart|48.8004|2.263|54491
Békéscsaba|46.6798|21.0985|54460
Vannes|47.6587|-2.7599|54420
Koléa|36.6374|2.7691|54401
Chelles|48.8784|2.5905|54309
Gjilan|42.4635|21.4694|54239
Huesca|42.1383|-0.4081|54203
Cholet|47.0617|-0.8801|53936
Saint-Louis|-21.284|55.4136|53935
Chania|35.5121|24.0192|53910
Mediaș|46.1625|24.3474|53564
Épinay-sur-Seine|48.9525|2.3145|53489
Saint-Ouen-sur-Seine|48.9117|2.3343|53207
Piekary Śląskie|50.384|18.9456|53017
Alessandropoli|40.8457|25.8779|53000
Saint-Quentin|49.8465|3.2877|52958
Bondy|48.9031|2.4829|52905
Baiona|43.4945|-1.4737|52749
Corbeil-Essonnes|48.6138|2.4818|52683
Cuenca|40.0661|-2.1314|52664
Cagno|43.6612|7.1514|52580
Pola|44.8702|13.8455|52220
Vaulx-en-Velin|45.7784|4.9206|52139
Les Abymes|16.2706|-61.5058|52118
Lamia|38.8994|22.4336|52006
Xanthi|41.138|24.8864|52000
Sevran|48.9376|2.5298|51845
Fontenay-sous-Bois|48.8491|2.4749|51812
Petroșani|45.4141|23.374|51476
Bilecik|40.1435|29.9753|51260
Dornbirn|47.4136|9.7424|51222
Sartrouville|48.9409|2.1585|51220
Vidin|43.9857|22.8772|50977
Saint-Herblain|47.2233|-1.6347|50973
Massy|48.7302|2.2767|50962
Roskilde|55.6433|12.0819|50781
Arles|43.6776|4.631|50415
Jihlava|49.3961|15.5903|50108
Rîbnița|47.7661|29.0073|50086
Fort-de-France|14.6028|-61.0677|50000
Hasselt|50.9304|5.3378|50000
Barakaldo|43.2949|-2.9887|50000
Sidi Kacem|34.2264|-5.7114|50000
Aalst|50.9383|4.0392|50000
Sidi Slimane|34.2599|-5.9273|50000
Malines|51.0281|4.4803|50000
Taourirt|34.4134|-2.8938|50000
Kamëz|41.3835|19.7604|50000
Sidi Abdellah|36.6891|2.8541|50000
Lugoj|45.6863|21.9063|49742
Albi|43.9278|2.1479|49714
Lavalle|48.0707|-0.7734|49657
Segovia|40.9481|-4.1172|49579
Eger|47.899|20.3744|49499
Matosinhos|41.1807|-8.6822|49486
Gennevilliers|48.9254|2.294|49410
Karlovy Vary|50.2306|12.8701|49353
Saint-Laurent-du-Maroni|5.4971|-54.0299|49173
Suresnes|48.8709|2.2256|49104
Pejë|42.6594|20.2886|48962
Saint-Priest|45.6965|4.9442|48822
Vincennes|48.8475|2.4397|48798
Bastia|42.6975|9.4498|48768
Martigues|43.4057|5.0548|48568
Les Sables-d'Olonne|46.4991|-1.7768|48402
Grasse|43.6589|6.9239|48323
Ostrołęka|53.0843|21.5669|48229
Turda|46.5685|23.7854|47744
Montrouge|48.8189|2.3194|47657
Guimarães|41.4418|-8.2956|47588
Aubagne|43.2924|5.5703|47342
Saint-Malo|48.6495|-2.026|47323
Évreux|49.0269|1.151|47289
La Courneuve|48.9267|2.3896|47160
Tecuci|45.8458|27.4291|46825
Blois|47.5877|1.3338|46813
Brive-la-Gaillarde|45.1585|1.5332|46599
Świętochłowice|50.2906|18.9195|46494
Skierniewice|51.9569|20.143|46437
Charleville-Mézières|49.7736|4.7207|46398
Meudon|48.8127|2.2385|46342
Carcassonne|43.213|2.3491|46218
Kosovska Mitrovica|42.879|20.8658|46132
Choisy-le-Roi|48.763|2.4094|46129
Noisy-le-Sec|48.8898|2.4516|46094
Livry-Gargan|48.9173|2.5299|46028
Lancaster|54.0488|-2.8013|46000
Slobozia|44.5636|27.3618|45891
Rosny-sous-Bois|48.8717|2.4875|45655
Alexandria|43.9702|25.3288|45434
Rodi|36.4437|28.2274|45310
Talence|44.8088|-0.588|45225
Medgidia|44.2443|28.2696|45162
Belfort|47.638|6.8629|45155
Krosno|49.6938|21.7651|45057
Alfortville|48.8052|2.4197|45046
Chalon-sur-Saône|46.7831|4.8534|45031
Slavonski Brod|45.1584|18.0126|45005
Salisbury|51.0691|-1.7954|45000
Tarnobrzeg|50.5729|21.6792|44901
Salon-de-Provence|43.6405|5.098|44731
Sète|43.4014|3.696|44712
Istres|43.5139|4.9884|44577
Ourém|39.6568|-8.5796|44576
Mantes-la-Jolie|48.9892|1.7141|44539
Montana|43.4089|23.2203|44502
Saint-Germain-en-Laye|48.899|2.0943|44380
Saint-Brieuc|48.5141|-2.7603|44224
Tarbes|43.2329|0.0781|43955
Thun|46.7583|7.6281|43905
Alès|44.1254|4.0853|43892
Châlons-en-Champagne|48.9566|4.3629|43877
Bellinzona|46.1921|9.0206|43785
Bagneux|48.7951|2.3027|43699
Puteaux|48.8842|2.2369|43672
Caluire-et-Cuire|45.797|4.8423|43572
Rezé|47.1905|-1.5695|43556
Câmpulung|45.2698|25.0439|43552
Canterbury|51.28|1.0803|43400
Loures|38.8309|-9.1685|43127
Bron|45.7338|4.9092|43049
Valenciennes|50.3579|3.5235|42991
Châteauroux|46.8047|1.6957|42968
Garges-lès-Gonesse|48.9704|2.399|42841
Veria|40.5215|22.2037|42794
Castres|43.6054|2.2411|42672
Ferizaj|42.3682|21.1533|42628
Arras|50.291|2.7772|42600
Melun|48.5399|2.6608|42367
Bijeljina|44.7574|19.2175|42278
Thionville|49.3579|6.1676|42163
Durham|54.777|-1.5756|42100
Faro|37.0163|-7.9352|41904
Carlovizza|45.4893|15.5486|41869
Boumerdès|36.759|3.4731|41685
Le Cannet|43.5761|7.0192|41597
Câmpina|45.1257|25.7348|41554
Bourg-en-Bresse|46.2051|5.225|41525
Râmnicu Sărat|45.3854|27.0417|41405
Roermond|51.1934|5.9883|41225
Anglet|43.4814|-1.515|41153
Angoulême|45.6485|0.1562|41086
Boulogne-sur-Mer|50.726|1.6119|40910
Wattrelos|50.7016|3.2154|40836
Gjakova|42.3799|20.4316|40827
Soria|41.7634|-2.4642|40627
Gap|44.5612|6.0821|40500
Villenave-d'Ornon|44.7738|-0.5595|40500
Évora|38.5708|-7.9093|40455
Montélimar|44.5579|4.7503|40399
Compiègne|49.4179|2.8263|40394
Stains|48.9566|2.3825|40359
Middelburg|51.4997|3.6137|40345
Gagny|48.8854|2.5358|40189
Siscia|45.4892|16.3746|40185
Colomiers|43.6112|1.3367|40159
Maia|41.233|-8.6222|40134
Póvoa de Varzim|41.3794|-8.7599|40053
Poissy|48.9274|2.0426|40016
Sidi Ameur|35.3808|3.9081|40000
Brčko|44.8771|18.8095|39893
Köniz|46.9222|7.4131|39794
Draguignan|43.5375|6.4627|39745
Bihać|44.8147|15.869|39690
Duagio|50.3676|3.0805|39648
Cahul|45.9044|28.1947|39500
Corfù|39.6217|19.9181|39487
Bagnolet|48.8688|2.4174|39366
Marcq-en-Barœul|50.6767|3.1043|39356
La Chaux-de-Fonds|47.1031|6.8326|39027
Ocrida|41.117|20.8018|38940
Ermesinde|41.2171|-8.5516|38869
Saint-Joseph|-21.3789|55.6191|38807
Świnoujście|53.9097|14.2511|38728
Villepinte|48.9637|2.5348|38725
Wiener Neustadt|47.8132|16.2441|38481
Saint-Martin-d'Hères|45.1837|5.7545|38454
Ciartre|48.4439|1.4881|38447
Steyr|48.039|14.4191|38344
Pontault-Combault|48.8009|2.6068|38258
Joué-lès-Tours|47.3511|0.6622|38183
Reghin|46.7797|24.7|38055
Ungheni|47.206|27.7989|38000
Annemasse|46.1934|6.2341|37918
Celje|46.2294|15.2617|37872
Sighetu Marmației|47.9283|23.8916|37640
Roșiorii de Vede|44.1083|24.9952|37640
Neuilly-sur-Marne|48.8566|2.529|37531
Franconville-la-Garenne|48.986|2.2303|37520
Winchester|51.0613|-1.3132|37501
Friburgo|46.8056|7.1613|37485
Soroca|48.1571|28.2996|37400
Savigny-sur-Orge|48.6795|2.3458|37371
Tremblay-en-France|48.9802|2.559|37271
Barreiro|38.6642|-9.0765|37271
Coira|46.8547|9.5265|37082
Tonone|46.3731|6.4779|37027
Saint-Benoît|-21.0332|55.7132|37023
La Ciotat|43.1759|5.6062|36987
Turnu Măgurele|43.7518|24.8692|36966
Échirolles|45.1482|5.7187|36849
Craimburgo|46.2433|14.3549|36800
Châtillon|48.7998|2.2897|36777
Sremska Mitrovica|44.9686|19.6084|36764
Mangalia|43.8151|28.583|36364
Marigot|18.0669|-63.0849|36286
Athis-Mons|48.708|2.3888|36222
Six-Fours-les-Plages|43.0935|5.8394|36203
Varasdino|46.308|16.3378|36187
Mitilene|39.1037|26.5548|36163
Creil|49.2608|2.4734|36106
Saint-Raphaël|43.4255|6.7694|35950
Sciaffusa|47.696|8.6345|35927
Conflans-Sainte-Honorine|48.9939|2.095|35926
Villefranche-sur-Saône|45.9865|4.7266|35913
Pașcani|47.2481|26.7256|35897
Meyzieu|45.7765|5.0045|35882
Sainte-Geneviève-des-Bois|48.6408|2.3259|35846
Feldkirch|47.2376|9.5982|35793
Rethymno|35.3676|24.4736|35763
Haguenau|48.8172|7.7886|35715
Vitrolles|43.4594|5.2483|35532
Villeneuve-Saint-Georges|48.7305|2.4478|35492
Ténès|36.5081|1.3078|35459
Vila Nova de Famalicão|41.4065|-8.5188|35299
La Possession|-20.927|55.3363|35245
Curtea de Argeș|45.1469|24.678|35107
Saint-Chamond|45.4748|4.5098|35068
Châtenay-Malabry|48.767|2.2775|34898
Palaiseau|48.7145|2.2454|34893
Saint-Leu|-21.1678|55.2882|34893
Auxerre|47.7961|3.5706|34778
Roanne|46.0346|4.0729|34762
Caracal|44.1123|24.3463|34603
Sion|46.2312|7.3589|34599
Covilhã|40.2804|-7.5042|34481
Vernier|46.2132|6.0816|34477
Matoury|4.8497|-52.3269|34474
Mâcon|46.3037|4.8322|34448
Sainte-Marie|-20.8969|55.5517|34344
Castelo Branco|39.8266|-7.4919|34278
Le Perreux-sur-Marne|48.8406|2.5077|34213
Schiltigheim|48.6047|7.7484|34129
Les Mureaux|48.9932|1.9099|33977
Miercurea Ciuc|46.3614|25.8027|33946
Trappes|48.7761|1.9988|33717
Neuchâtel|46.9896|6.9293|33641
Orhei|47.3782|28.8247|33500
Dej|47.1427|23.876|33497
Nogent-sur-Marne|48.8388|2.4917|33472
Houilles|48.9229|2.1869|33449
Montluçon|46.34|2.6074|33342
Le Port|-20.9355|55.2917|33336
Romainville|48.8853|2.4358|33266
Uster|47.3512|8.7179|33097
Marignane|43.4162|5.2145|33003
Teruel|40.3437|-1.1082|32973
Sopot|54.4448|18.5685|32962
Romans-sur-Isère|45.0459|5.0529|32911
Lupeni|45.3552|23.2157|32853
Nevers|46.9877|3.1577|32830
Dorohoi|47.9538|26.397|32778
Huși|46.672|28.0621|32673
Lens|50.4292|2.832|32618
Gibilterra|36.1408|-5.3541|32577
Sighișoara|46.2202|24.7934|32570
Saint-Médard-en-Jalles|44.8959|-0.7171|32538
Agen|44.2016|0.6176|32485
Dübendorf|47.397|8.6186|32469
Épinal|48.1748|6.4504|32285
Koungou|-12.7358|45.2067|32156
Bezons|48.925|2.2105|32017
Aix-les-Bains|45.6886|5.9146|31874
Montigny-le-Bretonneux|48.7699|2.0381|31777
Herblay-sur-Seine|48.9899|2.1662|31605
Montijo|38.7061|-8.9746|31541
Cambrai|50.1758|3.2346|31425
Fălticeni|47.4609|26.3008|31419
Podujevë|42.9078|21.1925|31417
L'Haÿ-les-Roses|48.7791|2.3373|31392
Caransebeș|45.4106|22.2182|31389
Plaisir|48.8174|1.9476|31375
Odorheiu Secuiesc|46.3047|25.295|31335
Pontoise|49.0509|2.1008|31327
Châtellerault|46.818|0.5458|31284
Rillieux-la-Pape|45.8235|4.8994|31247
Assilah|35.4619|-6.0365|31147
Sebenico|43.7341|15.8945|31115
Thiais|48.7644|2.391|31097
Rădăuți|47.8461|25.9182|31074
Bouinan|36.5322|2.9918|31070
Le Chesnay-Rocquencourt|48.8298|2.1218|31057
Vienne|45.5252|4.8748|31051
Vigneux-sur-Seine|48.6999|2.4172|31050
Viry-Châtillon|48.6709|2.375|31045
San Lorenzo del Varo|43.669|7.1907|30941
Salgótarján|48.0961|19.8006|30910
Baie-Mahault|16.2679|-61.5871|30909
Dreux|48.7359|1.3684|30879
Tripoli|37.5103|22.3724|30866
Bègles|44.8075|-0.5489|30813
Carpentras|44.0554|5.0488|30769
Făgăraș|45.8449|24.9703|30714
Goussainville|49.0323|2.4734|30693
Mont-de-Marsan|43.8911|-0.501|30674
Villiers-sur-Marne|48.8262|2.5407|30669
Lichfield|52.6844|-1.8275|30600
Cachan|48.7945|2.3341|30592
Alverca do Ribatejo|38.8935|-9.0396|30586
Savigny-le-Temple|48.5959|2.5799|30510
Mentone|43.7753|7.5029|30412
Caldas da Rainha|39.4072|-9.1346|30343
Villemomble|48.8819|2.5076|30332
Malakoff|48.8212|2.302|30292
Săcele|45.6167|25.691|30226
Liévin|50.4245|2.7738|30149
Santarém|39.2364|-8.6867|30017
Figueira da Foz|40.1486|-8.8557|30012
Pogradec|40.8999|20.6574|30000
Newry|54.1775|-6.3375|29946
La Garenne-Colombes|48.9069|2.2466|29932
Ris-Orangis|48.6539|2.4151|29825
Corinto|37.9385|22.9274|29787
Bois-Colombes|48.9148|2.2675|29765
Clichy-sous-Bois|48.9109|2.5461|29735
Décines-Charpieu|45.7736|4.9633|29731
Saint-Cloud|48.8437|2.2193|29727
Emmen|47.0752|8.2839|29721
Szekszárd|46.3485|18.7017|29707
Chatou|48.8897|2.1574|29649
Bregenz|47.5026|9.7473|29620
Bourgoin-Jallieu|45.586|5.2772|29577
Olhão|37.027|-7.8411|29556
Prijedor|44.9801|16.7124|29555
Vandœuvre-lès-Nancy|48.66|6.1725|29537
Périgueux|45.184|0.716|29516
Charenton-le-Pont|48.8198|2.416|29445
Tournefeuille|43.5832|1.346|29439
Yverdon-les-Bains|46.7786|6.6409|29406
Guyancourt|48.7709|2.0706|29406
Póvoa de Santa Iria|38.8621|-9.071|29348
Vila do Conde|41.354|-8.7435|29328
Zugo|47.168|8.5174|29251
Le Plessis-Robinson|48.7811|2.262|29228
Draveil|48.6852|2.4084|29173
Agde|43.3125|3.4708|29103
Maubeuge|50.2786|3.9743|29066
Kočani|41.9211|22.4114|29000
Ermont|48.9918|2.2586|28987
Sotteville-lès-Rouen|49.4152|1.0897|28965
Orange|44.1371|4.8079|28949
Villiers-le-Bel|49.0075|2.3881|28836
Fresnes|48.7547|2.3228|28780
Soissons|49.3838|3.3276|28705
Yerres|48.7168|2.488|28699
Saint-Sébastien-sur-Loire|47.2035|-1.4992|28596
Orvault|47.2711|-1.6232|28534
Saint-Étienne-du-Rouvray|49.3831|1.0916|28508
Dieppa|49.9246|1.0791|28358
Santo Tirso|41.344|-8.4772|28333
Vinkovci|45.2884|18.8045|28111
Vallauris|43.5761|7.0586|28025
Vanves|48.8212|2.2893|28014
Limeil-Brévannes|48.749|2.4809|27999
Montfermeil|48.8993|2.566|27980
Douglas|54.1498|-4.4779|27938
Dietikon|47.4051|8.4031|27904
Senhora da Hora|41.1853|-8.6514|27747
Vila Real|41.2977|-7.7458|27735
Sucy-en-Brie|48.7711|2.5221|27622
Grigny|48.6559|2.386|27257
Le Gosier|16.2072|-61.4931|27184
Kilkenny|52.6506|-7.2514|27184
Lambersart|50.6478|3.0224|27121
Illkirch-Graffenstaden|48.5299|7.7113|27118
Brétigny-sur-Orge|48.61|2.3075|27106
Bulle|46.6191|7.0581|27101
Frauenfeld|47.5562|8.8963|27099
Gondomar|41.1398|-8.5326|27047
Sens|48.1979|3.2826|27034
Taverny|49.0266|2.2235|27025
Dubrovnik|42.6491|18.094|26922
Villeparisis|48.9393|2.6176|26822
Klosterneuburg|48.305|16.3238|26816
Rambuglietto|48.6453|1.8192|26816
Dumbéa|-22.1677|166.458|26779
Cenon|44.8553|-0.524|26778
Sannois|48.9717|2.2568|26768
Cormeilles-en-Parisis|48.976|2.1999|26741
Bussy-Saint-Georges|48.839|2.7171|26571
La Teste-de-Buch|44.6317|-1.1491|26556
Étampes|48.4345|2.1614|26529
Oullins|45.7153|4.8039|26512
Lomme|50.6457|2.9871|26500
Blagnac|43.6343|1.3986|26466
Wetzikon ZH|47.3227|8.7981|26462
Miramas|43.5827|5.0026|26405
Câmpia Turzii|46.5472|23.887|26377
Rapperswil|47.2267|8.8164|26354
Bergerac|44.8535|0.4875|26323
Vertou|47.1685|-1.4722|26227
Salmuro|47.2596|-0.0785|26215
Montreux|46.4311|6.913|26208
Lunel|43.6745|4.1348|26185
Târnăveni|46.3295|24.2804|26120
Élancourt|48.7681|1.9494|26082
Hénin-Beaumont|50.4192|2.9469|26035
Guarda|40.5378|-7.2663|25993
Le Grand-Quevilly|49.4069|1.0508|25975
Gonesse|48.9864|2.4501|25963
Kriens|47.0341|8.2808|25932
Cavaillon|43.8357|5.0384|25923
La Garde|43.1249|6.0129|25912
Carei|47.6829|22.4695|25911
Valongo|41.191|-8.4981|25882
Gradignan|44.774|-0.6139|25835
Aurillac|44.9285|2.4433|25815
Saint-Macaire-en-Mauges|47.124|-0.9947|25806
Velenje|46.3593|15.115|25800
Remire-Montjoly|4.9051|-52.2772|25793
Vichy|46.124|3.4204|25789
Biarritz|43.4833|-1.5593|25764
Champs-sur-Marne|48.8527|2.6027|25695
Mont-Dore|-22.2265|166.5255|25683
El Tarf|36.7667|8.3169|25594
Armentières|50.6867|2.8822|25581
Montbéliard|47.5102|6.7978|25573
Alanzone|48.4312|0.0911|25555
Saintes|45.7461|-0.6301|25518
Krems an der Donau|48.4108|15.6004|25500
Brunoy|48.6979|2.5045|25423
Eaubonne|48.9911|2.2792|25373
Villeneuve-la-Garenne|48.935|2.3325|25371
Koné|-21.0608|164.8619|25371
Vierzon|47.2217|2.0691|25348
Gherla|47.0288|23.9077|25284
Les Ulis|48.6817|2.1702|25253
Tipaza|36.5918|2.4483|25225
Doboj|44.7325|18.085|25132
Muret|43.4606|1.3258|25060
Wolfsberg|46.8391|14.8452|25045
Saint-Ouen-l'Aumône|49.0448|2.106|25023
Baden|48.0077|16.2344|25000
Béthune|50.5309|2.6389|24992
Wil SG|47.4653|9.0415|24980
Capodistria|45.548|13.7305|24900
Castelnau-le-Lez|43.6393|3.9133|24888
Oltenița|44.0905|26.6407|24822
Sacavém|38.7949|-9.1047|24822
Kourou|5.158|-52.6424|24805
Fontenay-aux-Roses|48.7911|2.287|24772
Lustenau|47.4277|9.6599|24688
Leoben|47.3805|15.0948|24645
Aiud|46.3109|23.7187|24619
Libourne|44.9134|-0.2427|24557
Codlea|45.6924|25.449|24547
Vernone|49.0932|1.4857|24543
Orly|48.7432|2.4024|24482
Moinești|46.4745|26.4903|24466
Leonding|48.2793|14.2487|24416
Bellovar|45.8987|16.8422|24392
Le Kremlin-Bicêtre|48.8126|2.357|24380
Eysines|44.8855|-0.6487|24374
Wädenswil|47.2279|8.6701|24341
Le Bouscat|44.8662|-0.5992|24339
Sainte-Suzanne|-20.9043|55.6062|24293
Sainte-Anne|16.2257|-61.3859|24281
Petit-Bourg|16.1914|-61.5903|24272
Rodez|44.3511|2.5728|24207
Orăștie|45.8368|23.1958|24174
Les Pavillons-sous-Bois|48.9083|2.5035|24165
Couëron|47.2115|-1.7271|24103
Laon|49.5647|3.6207|24021
La Valette-du-Var|43.1378|5.9835|23955
Baden|47.4737|8.3087|23853
Frontignan|43.4489|3.7531|23808
Montgeron|48.7039|2.4605|23800
Dole|47.0921|5.4925|23775
Trebigne|42.7115|18.3447|23770
Chichester|50.8365|-0.7792|23700
Beaupréau|47.2011|-0.9921|23639
Baar|47.1952|8.5254|23557
Kreuzlingen|47.6464|9.1726|23550
Roissy-en-Brie|48.7904|2.6545|23521
Les Lilas|48.8796|2.4158|23469
Lormont|44.8792|-0.5217|23291
Sebeș|45.9575|23.5692|23227
Novo mesto|45.804|15.1697|23200
Bragança|41.8071|-6.759|23186
São Mamede de Infesta|41.1912|-8.6106|23122
Rochefort|45.9367|-0.9616|23092
Maisons-Laffitte|48.9461|2.1451|23080
Saint-Dizier|48.6371|4.9474|23068
Auch|43.6464|0.5851|23041
Megara|37.9966|23.3445|23032
Lanester|47.764|-3.3444|23026
Loos|50.6092|3.0163|23013
Kapfenberg|47.4405|15.2902|23004
Manosque|43.8338|5.7827|22926
Fontaine|45.195|5.687|22891
Moreni|44.9831|25.6454|22886
Olivet|47.8651|1.9016|22855
Dammarie-les-Lys|48.5151|2.6347|22845
Vélizy-Villacoublay|48.7809|2.19|22713
Ceadîr-Lunga|46.0572|28.825|22700
Saint-Louis|47.586|7.5616|22698
Portimão|37.1376|-8.5368|22692
Tassin-la-Demi-Lune|45.7598|4.7658|22676
Le Moule|16.3314|-61.344|22645
Sèvres|48.8247|2.2127|22618
Montigny-lès-Cormeilles|48.9959|2.1989|22603
Abbeville|50.1061|1.8337|22595
Horgen|47.2607|8.5977|22514
Deuil-la-Barre|48.9756|2.3275|22510
Challans|46.8478|-1.8774|22494
La Madeleine|50.6544|3.0733|22488
Motru|44.8011|22.9679|22472
Torcy|48.8515|2.6526|22444
Gujan-Mestras|44.6361|-1.0714|22399
Chaves|41.7399|-7.4715|22363
Beja|38.0154|-7.865|22362
Gif-sur-Yvette|48.7019|2.1345|22352
Oyonnax|46.2575|5.6556|22277
Montereau-Fault-Yonne|48.385|2.9557|22259
Combs-la-Ville|48.6647|2.5649|22240
Hérouville-Saint-Clair|49.2031|-0.3354|22227
Argo|37.635|22.7285|22209
Les Pennes-Mirabeau|43.4099|5.309|22161
Câmpulung Moldovenesc|47.5298|25.5597|22143
Épernay|49.0426|3.9529|22001
Montmorency|48.9892|2.3197|21870
Meyrin|46.2283|6.0712|21866
Sainte-Foy-lès-Lyon|45.7362|4.7935|21858
Wettingen|47.4658|8.3266|21856
Montigny-lès-Metz|49.1|6.153|21854
Svetlyj|54.6734|20.1312|21849
Bruay-la-Buissière|50.4822|2.5462|21827
Le Petit-Quevilly|49.4238|1.0621|21782
Martigny|46.1031|7.0727|21759
São João da Madeira|40.9021|-8.4896|21713
Millau|44.1007|3.0778|21712
Saint-Jean-de-Braye|47.92|1.9737|21700
Chaumont|48.1111|5.1396|21699
Băilești|44.0231|23.345|21696
Villeneuve-sur-Lot|44.4057|0.7046|21629
Mandelieu-la-Napoule|43.5439|6.9359|21561
Arcueil|48.8065|2.3367|21557
Hazebrouck|50.7226|2.536|21498
Allauch|43.3359|5.4822|21490
Mons-en-Barœul|50.6429|3.1094|21467
Fleury-les-Aubrais|47.9309|1.9209|21438
Saint-Michel-sur-Orge|48.6303|2.3027|21437
Neuilly-Plaisance|48.8609|2.506|21415
Renens VD|46.5349|6.5928|21408
Chemillé|47.2146|-0.7327|21386
Nogent-sur-Oise|49.2721|2.4696|21382
Mantes-la-Ville|48.9749|1.7109|21376
Achères|48.9606|2.0698|21368
Dax|43.7084|-1.0519|21347
Târgu Secuiesc|46.0007|26.1374|21304
Albufeira|37.0882|-8.2526|21302
Cartagine|36.8548|10.331|21276
Saint-Mandé|48.8432|2.416|21195
Aarau|47.3927|8.0444|21191
Lagny-sur-Marne|48.8773|2.7056|21191
Espinho|41.0084|-8.6394|21185
Gardanne|43.4556|5.4711|21174
Forbach|49.1863|6.8959|21130
Villeneuve-le-Roi|48.735|2.4077|21129
Strășeni|47.1474|28.615|21100
Reinach BL|47.4935|7.5911|21003
Saint-Cyr-l'École|48.7997|2.0672|20971
Riehen|47.5817|7.648|20970
Saint-Genis-Laval|45.695|4.7929|20929
Carquefou|47.2972|-1.4921|20921
Carouge|46.1847|6.1397|20910
Goražde|43.6684|18.9759|20897
Voiron|45.3631|5.5911|20891
Saint-Gratien|48.9704|2.2841|20866
Wasquehal|50.6692|3.1312|20836
Halluin|50.7827|3.1249|20829
Bourg-la-Reine|48.7795|2.3161|20810
Morsang-sur-Orge|48.6641|2.3528|20785
Croix|50.6802|3.1564|20778
Hallein|47.6822|13.0956|20768
Coudekerque-Branche|51.0209|2.3894|20765
Le Creusot|46.8054|4.4286|20731
Ozoir-la-Ferrière|48.7621|2.6719|20692
La Chapelle-sur-Erdre|47.2997|-1.5519|20690
Salonta|46.8025|21.6594|20660
Givors|45.5844|4.7697|20654
Fougères|48.3503|-1.1959|20653
Denain|50.3271|3.3944|20640
Mitry-Mory|48.984|2.6184|20627
Sarreguemines|49.1095|7.0709|20624
Longjumeau|48.6944|2.2953|20620
Mödling|48.0856|16.2834|20619
Concarneau|47.8757|-3.9224|20607
Montaigu|46.9762|-1.3122|20605
Barcelos|41.5314|-8.6192|20579
Bouguenais|47.1793|-1.6234|20530
Drăgășani|44.6592|24.2643|20497
Sceaux|48.7791|2.2887|20488
La Celle-Saint-Cloud|48.8479|2.1361|20476
Joinville-le-Pont|48.8184|2.4668|20413
Lannion|48.7322|-3.4588|20344
Cugnaux|43.5365|1.3454|20341
Truro|50.2633|-5.0518|20332
Grande-Synthe|51.0135|2.303|20331
Chevilly-Larue|48.7714|2.3469|20326
Lingolsheim|48.556|7.6818|20266
Allschwil|47.5511|7.5366|20249
Le Plessis-Trévise|48.8092|2.5733|20218
Bruges|44.8842|-0.6111|20215
Le Mée-sur-Seine|48.5382|2.6336|20207
Edineț|48.1684|27.2985|20200
Cournon-d'Auvergne|45.7392|3.1963|20193
Vevey|46.4603|6.8419|20142
Cahors|44.4495|1.4365|20141
Entroncamento|39.4652|-8.4682|20141
Comrat|46.3011|28.6559|20113
Mont-Saint-Aignan|49.4679|1.0813|20066
Beaune|47.0239|4.838|20032
Pertuis|43.6951|5.5033|20012
Chaville|48.8086|2.1883|19991
L'Isle-sur-la-Sorgue|43.9185|5.0515|19965
Plaisance-du-Touch|43.5651|1.2957|19944
Chilly-Mazarin|48.7026|2.3124|19938
Bressuire|46.8426|-0.4929|19906
Paredes|41.2079|-8.3332|19834
Albertville|45.6755|6.3925|19812
Lesovio|49.1461|0.2255|19807
Vulcan|45.3749|23.2941|19772
Nyon|46.3821|6.2403|19738
Mougins|43.6009|6.9964|19677
Bruz|48.0246|-1.7472|19651
Bourg-lès-Valence|44.9528|4.8954|19581
Ronchin|50.6057|3.0779|19437
Arta|39.1613|20.9863|19435
Coo|36.894|27.2867|19432
Venza|43.7224|7.1117|19415
Saint-Lô|49.1158|-1.0909|19373
Saint-Fons|45.7085|4.8533|19360
Lagos|37.1028|-8.6729|19347
Moulins|46.5661|3.3332|19343
Bülach|47.5172|8.5407|19342
Saint-Dié-des-Vosges|48.2872|6.9474|19319
Urziceni|44.717|26.6324|19303
Sélestat|48.2594|7.4542|19300
Kufstein|47.583|12.1692|19223
Brie-Comte-Robert|48.6905|2.6167|19213
La Crau|43.1497|6.0737|19179
Pljevlja|43.3562|19.3579|19136
Sorgues|44.0066|4.8725|19117
Macouria|5.013|-52.4745|19087
Villefontaine|45.614|5.1581|19083
Prevesa|38.9572|20.7516|19072
Gentilly|48.8154|2.3484|19048
Royan|45.6245|-1.0288|19029
Vitré|48.1245|-1.2143|18998
Bonneuil-sur-Marne|48.7743|2.4875|18750
Pornic|47.1153|-2.104|18745
Riom|45.893|3.1141|18736
Hem|50.6541|3.1839|18713
Le Puy-en-Velay|45.046|3.8856|18629
Maurepas|48.7619|1.9451|18611
Plœmeur|47.7355|-3.4271|18591
Meylan|45.2097|5.7784|18573
Lamentin|16.2703|-61.6303|18527
Calafat|43.9943|22.9337|18500
Hellemmes|50.6275|3.1092|18492
Opfikon|47.4323|8.578|18482
Éragny-sur-Oise|49.0192|2.0911|18468
Cognac|45.6932|-0.325|18448
Volketswil|47.3899|8.6905|18437
Juvisy-sur-Orge|48.6904|2.3738|18424
Schlieren|47.3965|8.4445|18414
Kloten|47.4525|8.5861|18412
Chennevières-sur-Marne|48.7965|2.5304|18367
Thio|-21.6116|166.2156|18367
Écully|45.7754|4.7786|18361
Louviers|49.2157|1.1646|18350
Ptuj|46.4198|15.8717|18339
La Pommeraye|47.3558|-0.8598|18331
Carrières-sous-Poissy|48.9438|2.0342|18316
Edessa|40.8009|22.0504|18253
Moissy-Cramayel|48.6272|2.5937|18248
Bagnols-sur-Cèze|44.1605|4.6236|18248
Tomar|39.6037|-8.415|18209
Santa Maria da Feira|40.9254|-8.5427|18194
Corquoy|46.8877|2.2949|18190
Monthey|46.2528|6.9478|18178
Païta|-22.1311|166.3679|18120
Romorantin-Lanthenay|47.3592|1.7435|18115
Faches-Thumesnil|50.6026|3.0698|18110
Fécamp|49.7572|0.3764|18016
Regensdorf|47.4318|8.468|18010
Soisy-sous-Montmorency|48.9875|2.3003|18008
Traiskirchen|48.0139|16.2952|18000
Bangor|53.2277|-4.1269|17988
Bischheim|48.6148|7.7524|17939
Châteauneuf-les-Martigues|43.3804|5.1646|17909
Garches|48.8437|2.1854|17898
Carvin|50.4934|2.9578|17852
Pontarlier|46.904|6.3546|17849
Torres Vedras|39.0931|-9.2607|17837
Dzaoudzi|-12.7822|45.2557|17831
Gossau SG|47.4156|9.2494|17827
Wohlen|47.3505|8.2787|17816
Jona|47.23|8.8377|17799
Hendaye|43.3642|-1.7616|17796
Effretikon|47.4283|8.687|17756
Illnau|47.4088|8.7255|17756
Lunéville|48.5916|6.492|17755
Floirac|44.8327|-0.5208|17749
Ansfelden|48.2091|14.2893|17748
Labattoir|-12.7884|45.2726|17739
Capesterre-Belle-Eau|16.0423|-61.5697|17731
Thalwil|47.2944|8.5636|17729
Antivari|42.098|19.0955|17727
Cesson-Sévigné|48.1198|-1.6039|17716
Segré-en-Anjou Bleu|47.6811|-0.8716|17699
Avion|50.4126|2.8344|17672
Brignoles|43.4064|6.0616|17664
Saint-Maximin-la-Sainte-Baume|43.4522|5.8623|17631
Sainte-Rose|16.3327|-61.6981|17630
Limay|48.9921|1.7354|17626
Pully|46.5098|6.6617|17624
Boissy-Saint-Léger|48.7479|2.5125|17570
Adjud|46.1009|27.1799|17554
Le Pontet|43.9622|4.8603|17551
Lattes|43.5654|3.9017|17544
Chamalières|45.776|3.0681|17454
Kilkis|40.9936|22.8741|17430
Yutz|49.3615|6.1919|17401
Bry-sur-Marne|48.8353|2.5193|17400
Trofa|41.3363|-8.5585|17389
Balma|43.6097|1.498|17385
Muttenz|47.5251|7.6477|17370
Saalfelden am Steinernen Meer|47.4266|12.8481|17299
Burgdorf|47.0571|7.6237|17292
Olten|47.3497|7.9038|17280
Osny|49.066|2.0615|17277
Sanary-sur-Mer|43.1177|5.8009|17268
Marmande|44.5008|0.1643|17239
Les Clayes-sous-Bois|48.8214|1.9872|17237
L'Isle-d'Abeau|45.623|5.2298|17206
Digne-les-Bains|44.0918|6.2346|17192
Jouy-le-Moutier|49.0116|2.0319|17175
Cluses|46.0603|6.5804|17164
Ovar|40.8595|-8.6252|17164
Marghita|47.3466|22.3415|17162
Vatra Dornei|47.3469|25.3558|17150
Firminy|45.387|4.2859|17137
Vire Normandie|48.8385|-0.8893|17135
Sallanches|45.9361|6.6303|17133
Kawéni|-12.7727|45.2248|17060
Lons-le-Saunier|46.6727|5.559|17043
Saint-Cyr-sur-Loire|47.4052|0.6658|17004
Saint-Égrève|45.2325|5.6818|16995
Viroflay|48.7996|2.1731|16960
La Baule-Escoublac|47.2844|-2.3952|16912
Annonay|45.24|4.6675|16873
Le Pré-Saint-Gervais|48.8831|2.404|16865
Stockerau|48.3846|16.2076|16858
Lamballe|48.4688|-2.5174|16845
Montceau-les-Mines|46.674|4.3632|16831
Guérande|47.3278|-2.4294|16804
Abrantes|39.463|-8.1975|16802
Ambarès-et-Lagrave|44.9259|-0.4882|16798
Cestas|44.7412|-0.6841|16789
Villanova Lobetto|43.658|7.1218|16779
Hohenems|47.364|9.6893|16720
Almada|38.6831|-9.1576|16718
Sierre|46.2923|7.5323|16711
Château-Gontier-sur-Mayenne|47.8263|-0.7067|16710
Champtoceaux|47.3371|-1.2652|16709
Thônex|46.1884|6.1984|16690
Verdun|49.1589|5.3867|16689
Saran|47.9515|1.875|16679
Châteaurenard|43.882|4.8557|16669
Sedan|49.7034|4.9433|16608
Soletta|47.2081|7.5384|16599
Mauguio|43.6155|4.0098|16596
Saint-Jean-de-la-Ruelle|47.9098|1.8717|16594
Marly-le-Roi|48.8682|2.0966|16531
Les Herbiers|46.8714|-1.0151|16453
Saint-Mathurin-sur-Loire|47.4099|-0.321|16416
Grenchen|47.1911|7.3967|16401
Sainte-Luce-sur-Loire|47.2494|-1.4865|16400
Pamiers|43.1148|1.6082|16394
Braunau am Inn|48.2534|13.0398|16380
Arbon|47.5149|9.4304|16354
Valserhône|46.1098|5.8213|16295
Sparta|37.0744|22.4302|16239
Landerneau|48.4515|-4.2558|16206
Ostermundigen|46.9583|7.4911|16185
Brad|46.1302|22.7922|16180
Quarteira|37.0713|-8.1023|16138
Port-de-Bouc|43.4031|4.9807|16136
Vila Franca de Xira|38.9543|-8.9897|16129
Felgueiras|41.3649|-8.1989|16094
Domont|49.0286|2.3278|16078
Montbrison|45.6073|4.0627|16064
Vauréal|49.0301|2.0206|16034
Orsay|48.6992|2.1875|16007
Blanquefort|44.9089|-0.63|16004
Locarno|46.1696|8.7955|16000
Ripon|54.1362|-1.5238|16000
Rumilly|45.8672|5.9426|15998
Saint-Amand-les-Eaux|50.4492|3.4281|15980
Saint-Leu-la-Forêt|49.0212|2.2481|15979
Hayange|49.3304|6.0637|15968
Elbeuf|49.2871|1.0109|15951
Fontainebleau|48.4049|2.7016|15945
Herisau|47.3856|9.2788|15943
Telfs|47.3047|11.0715|15920
Verneuil-sur-Seine|48.9792|1.9756|15914
Saint-Pierre-des-Corps|47.3898|0.719|15909
Morne-à-l'Eau|16.3311|-61.4579|15898
M'Tsapéré|-12.7892|45.2207|15880
Toul|48.6763|5.8942|15849
San Giuliano di Geneva|46.1445|6.0812|15840
Le Pecq|48.8973|2.1066|15832
Adliswil|47.3118|8.5249|15822
Steffisburg|46.7775|7.6354|15816
Gheorgheni|46.7213|25.5999|15762
Montrevault|47.2603|-1.0457|15755
Vendomo|47.7934|1.0662|15747
Hennebont|47.8058|-3.2751|15746
Blaj|46.1742|23.9225|15714
Mennecy|48.5667|2.4347|15711
Fafe|41.4514|-8.1709|15703
Koumac|-20.5614|164.2812|15690
Beaucaire|43.8085|4.6393|15680
Gaillac|43.9017|1.8968|15663
Le Vésinet|48.8943|2.1347|15646
Wallisellen|47.4166|8.592|15603
Sin-le-Noble|50.3644|3.1117|15603
Lucé|48.4365|1.4629|15602
Loulé|37.14|-8.0233|15574
Mendrisio|45.871|8.9875|15562
Spittal an der Drau|46.7982|13.4963|15549
Wattignies|50.5879|3.0512|15531
Trbovlje|46.1559|15.054|15500
Montivilliers|49.5458|0.1921|15478
Fos-sur-Mer|43.4381|4.9456|15469
Noisiel|48.8457|2.62|15461
Guipavas|48.4346|-4.401|15460
Bois-d'Arcy|48.7999|2.0236|15435
Tarascon|43.8054|4.6585|15423
Saint-Just-Saint-Rambert|45.4995|4.2424|15419
Trélazé|47.4461|-0.4652|15358
Pratteln|47.5192|7.6945|15323
Wittenheim|47.8081|7.3374|15262
Senlis|49.2065|2.5847|15255
Elvas|38.8806|-7.1637|15254
Coulommiers|48.8121|3.0844|15250
Bouc-Bel-Air|43.4512|5.4128|15248
Morges|46.5093|6.4983|15228
Rive-de-Gier|45.5288|4.6187|15214
Saint-Brice-sous-Forêt|48.9974|2.3569|15209
Francheville|45.7357|4.7647|15204
Château-Thierry|49.0457|3.4027|15204
Longwy|49.5146|5.7679|15191
Küsnacht ZH|47.3176|8.5831|15162
Vesoul|47.6197|6.1545|15130
Oftringen|47.3127|7.921|15120
Ely|52.399|0.262|15102
Oliveira de Azeméis|40.839|-8.4778|15071
Montargis|47.9979|2.731|15061
Saint-Avold|49.1043|6.7072|15045
Carrières-sur-Seine|48.9134|2.1779|15038
Bludenz|47.153|9.8219|15029
Issoire|45.5433|3.2502|15014
Saint-Avertin|47.3577|0.7399|15000
Amriswil|47.55|9.2981|14951
Ramonville-Saint-Agne|43.5461|1.4749|14949
Avrillé|47.5046|-0.5957|14938
La Flèche|47.6968|-0.0746|14937
Binningen|47.5366|7.5701|14905
Morlaix|48.5825|-3.8332|14903
Castanet-Tolosan|43.5172|1.4981|14903
Le Raincy|48.8987|2.5156|14877
Bailleul|50.7397|2.7349|14869
Ambérieu-en-Bugey|45.9584|5.3595|14854
Meilen|47.2704|8.6412|14848
Le Bourget|48.9351|2.4258|14832
Illzach|47.7816|7.3472|14829
Ternitz|47.7066|16.0195|14823
Fameck|49.3043|6.1041|14798
Montmagny|48.9729|2.3436|14775
Pontivy|48.0648|-2.9676|14774
Romilly-sur-Seine|48.5197|3.7264|14766
Villers-lès-Nancy|48.6731|6.1536|14761
Haubourdin|50.6094|2.9864|14757
Svitto|47.0212|8.6536|14750
Plérin|48.5349|-2.7696|14704
Peniche|39.3569|-9.3787|14700
Dinan|48.454|-2.0477|14675
Laxou|48.6849|6.1522|14671
Bar-le-Duc|48.7713|5.1624|14668
Saint-Omer|50.7516|2.2534|14661
Lognes|48.8384|2.6327|14650
Saint-Maurice|48.8176|2.4421|14603
Saint-Jean-de-Luz|43.3872|-1.6637|14601
Verrières-le-Buisson|48.7468|2.2654|14597
Armagh|54.3482|-6.654|14590
Arnouville|48.9892|2.4203|14585
Águeda|40.5785|-8.4438|14571
Saint-Genis-Pouilly|46.2432|6.0208|14558
Biscarrosse|44.3907|-1.1609|14551
Saint-Brevin-les-Pins|47.2473|-2.1677|14541
Saint-Fargeau-Ponthierry|48.5361|2.5273|14516
Montesson|48.9076|2.1491|14511
Pointe-à-Pitre|16.2409|-61.5334|14486
Paços de Ferreira|41.2761|-8.3769|14486
Valenton|48.7443|2.47|14482
Flers|48.7484|-0.5697|14482
Roquebrune-sur-Argens|43.4434|6.6364|14448
Chenôve|47.2932|5.0031|14445
Feldkirchen|46.7229|14.0965|14434
Sainte-Maxime|43.3087|6.6377|14433
Hall in Tirol|47.2817|11.5075|14418
Valbom|41.1362|-8.5613|14407
Alfena|41.2376|-8.5277|14397
Pont-à-Mousson|48.9026|6.0548|14338
Méru|49.2362|2.1355|14320
Saint-Paul-lès-Dax|43.7253|-1.0515|14317
Woippy|49.1516|6.1519|14302
Saint-Gilles|43.677|4.4318|14264
Bois-Guillaume|49.4705|1.1199|14262
Auray|47.6664|-2.9834|14222
Crépy-en-Valois|49.2359|2.8901|14217
Küssnacht am Rigi|47.0838|8.4386|14185
Hautmont|50.2514|3.9201|14182
Castelsarrasin|44.0395|1.1073|14178
Douarnenez|48.0944|-4.3311|14163
Portalegre|39.2911|-7.4334|14138
Bad Ischl|47.7115|13.6239|14088
Lyss|47.0721|7.3053|14080
Caudry|50.1244|3.4104|14070
Ollioules|43.1397|5.8484|14011
Langenthal|47.2116|7.7888|14000
Thouars|46.979|-0.2154|14000
Perchtoldsdorf|48.1191|16.2652|13998
Persan|49.1512|2.2766|13996
Tulle|45.2678|1.7707|13992
Bandraboua|-12.7045|45.1222|13989
Fleury-Mérogis|48.63|2.3609|13983
Canteleu|49.4508|1.0352|13966
Audincourt|47.482|6.8414|13944
Montévrain|48.8741|2.7483|13934
Tsingoni|-12.7897|45.1038|13934
Toplița|46.9239|25.3528|13929
Cettigne|42.3896|18.9246|13918
Lons|43.3154|-0.4098|13915
Berre-l'Étang|43.4757|5.1676|13912
Amstetten|48.1203|14.8752|13878
Billère|43.303|-0.3906|13866
Versoix|46.2773|6.169|13846
Tavira|37.1262|-7.6499|13843
L'Étang-Salé|-21.2658|55.3669|13836
Wörgl|47.4873|12.0638|13811
Lieusaint|48.6317|2.5515|13808
Liestal|47.484|7.7348|13807
Pierrelatte|44.3778|4.6977|13799
Rixheim|47.7442|7.3969|13795
Lys-lez-Lannoy|50.6713|3.2162|13793
Hard|47.4894|9.6917|13786
Roncq|50.7531|3.1209|13784
Saint-Orens-de-Gameville|43.552|1.534|13766
Moissac|44.1051|1.0847|13748
Saint-Martin-de-Crau|43.6385|4.8112|13729
Muri bei Bern|46.929|7.4871|13712
Torres Novas|39.4796|-8.5396|13712
Mions|45.6639|4.9571|13707
Montataire|49.2561|2.4343|13701
Kamnik|46.2257|14.6119|13700
Avon|48.4049|2.7207|13660
Saint-Jacques-de-la-Lande|48.0806|-1.7135|13656
Bollène|44.2804|4.7484|13605
Vaires-sur-Marne|48.8734|2.6397|13518
Lourdes|43.0941|-0.0465|13509
Nova Gorica|45.9582|13.6475|13500
Genas|45.7331|4.9966|13483
Plouzané|48.3817|-4.6212|13473
Fontenay-le-Comte|46.4661|-0.8064|13471
Fontenay-le-Fleury|48.8107|2.0462|13455
Plougastel-Daoulas|48.3742|-4.3697|13445
Tergnier|49.6558|3.2919|13431
Anzin|50.3704|3.5021|13422
Jesenice|46.4324|14.0624|13400
Gien|47.6919|2.6314|13387
Domžale|46.1394|14.5945|13372
Feldbach|46.9528|15.8886|13369
Ecublens VD|46.5258|6.5621|13364
Rheinfelden|47.5544|7.7923|13360
Bras-Panon|-20.9987|55.6848|13344
Budua|42.2886|18.842|13338
Ostwald|48.5425|7.7102|13310
Berck|50.4053|1.5712|13298
Argentan|48.7429|-0.0223|13291
Carros|43.7846|7.1879|13277
Outreau|50.7037|1.5846|13270
Amilly|47.9749|2.7673|13267
Andrésy|48.9821|2.0611|13230
Morangis|48.7023|2.3368|13211
Nemours|48.268|2.6953|13189
Kingersheim|47.7923|7.3387|13178
Mouvaux|50.7029|3.1369|13173
Graulhet|43.7624|1.9887|13166
Autun|46.951|4.2989|13145
Monteux|44.0349|4.9969|13129
Bijelo Polje|43.0342|19.7474|13117
Münsingen|46.874|7.5632|13113
Gmunden|47.9186|13.8003|13104
Gex|46.3338|6.0577|13078
Schwaz|47.345|11.7084|13058
Freyming-Merlebach|49.1469|6.8185|13027
Richterswil|47.2091|8.7017|13022
Saint-François|16.2532|-61.2751|13004
Noyon|49.5806|3.0|12987
Gafanha da Nazaré|40.6376|-8.7137|12985
Marchtrenk|48.1908|14.1118|12951
Saint-André-lez-Lille|50.6608|3.0447|12942
Ambosa|47.411|0.9837|12938
Tarnos|43.5406|-1.4612|12920
Cusset|46.1324|3.4603|12909
Châteaudun|48.0702|1.3285|12909
Mayenne|48.3044|-0.618|12900
Bonneville|46.0776|6.4086|12895
Saint-André-de-Cubzac|44.9954|-0.4441|12854
Guéret|46.169|1.8716|12840
Auriol|43.3688|5.6299|12839
Seclin|50.5452|3.0253|12834
Briga|46.3163|7.9879|12823
Pornichet|47.2613|-2.3364|12800
Juvignac|43.6141|3.8102|12783
Saint-André-les-Vergers|48.2787|4.0518|12775
Bayeux|49.2765|-0.7025|12775
Valbonne|43.6411|7.0086|12754
Zollikon|47.338|8.5756|12744
Chalette-sur-Loing|48.0145|2.732|12728
Les Ponts-de-Cé|47.4287|-0.5271|12725
Betton|48.1817|-1.6415|12695
Saint-Hilaire-de-Riez|46.7199|-1.9461|12682
Belsole|43.7438|7.4259|12674
Zvornik|44.3854|19.1028|12674
Comines|50.7653|3.0066|12671
Mèze|43.4246|3.5988|12664
Amarante|41.2699|-8.0805|12660
Horw|47.0185|8.3108|12648
Val-de-Reuil|49.2717|1.2129|12647
Einsiedeln|47.1286|8.75|12622
Villeneuve-lès-Avignon|43.9637|4.7969|12617
Petite-Île|-21.3539|55.5647|12617
Yzeure|46.5677|3.354|12598
Canet-en-Roussillon|42.7044|3.0105|12598
Granville|48.8376|-1.5959|12581
Moret-Loing-et-Orvanne|48.373|2.8159|12581
Knittelfeld|47.2147|14.8297|12574
Vidauban|43.4273|6.4314|12573
Saint-Jean-de-Védas|43.5752|3.8264|12570
Cuers|43.2372|6.0728|12550
Fonsorbes|43.5356|1.2312|12546
Creutzwald|49.2053|6.6963|12514
Villars-sur-Glâne|46.7913|7.1162|12507
Weinfelden|47.5669|9.1098|12504
Sines|37.9565|-8.869|12499
Hîncești|46.8282|28.5889|12491
Spreitenbach|47.4182|8.364|12482
Andernos-les-Bains|44.7477|-1.0925|12472
Pont-du-Château|45.7971|3.2493|12459
Vernouillet|48.7167|1.3651|12455
Castelnaudary|43.3192|1.9533|12448
Bischwiller|48.7682|7.8597|12435
Villetaneuse|48.9612|2.344|12432
Brignais|45.674|4.7541|12388
Triel-sur-Seine|48.9809|2.0031|12388
Roccabruna|43.7651|7.4599|12371
Oissel-sur-Seine|49.3424|1.0957|12367
Aubenas|44.6205|4.3902|12360
Sarrebourg|48.7342|7.0557|12359
L'Union|43.6577|1.4835|12358
Tulln an der Donau|48.3312|16.0518|12357
Harnes|50.4474|2.9068|12317
Aubergenville|48.9591|1.8554|12317
Mende|44.518|3.4991|12316
Quimperlé|47.8693|-3.5506|12313
La Chapelle-Saint-Luc|48.3123|4.0492|12299
La Motte-Servolex|45.5984|5.8768|12299
Pont-Sainte-Maxence|49.3012|2.6046|12291
Claye-Souilly|48.9461|2.6884|12282
Châteaubriant|47.7194|-1.3757|12260
Sankt Veit an der Glan|46.7673|14.3577|12255
Bully-les-Mines|50.4464|2.7199|12221
Obernai|48.4623|7.4817|12216
Buchs SG|47.1628|9.4764|12187
Rognac|43.4872|5.2343|12175
Riedisheim|47.7492|7.3683|12163
Barentin|49.546|0.9523|12154
Rankweil|47.2704|9.6427|12150
Saint-Cyr-sur-Mer|43.181|5.7115|12103
Škofja Loka|46.1653|14.3067|12100
Sablé-sur-Sarthe|47.8401|-0.3352|12096
Louvres|49.0449|2.5097|12083
La Queue-en-Brie|48.7903|2.5749|12081
Solliès-Pont|43.1906|6.042|12080
Lienz|46.8299|12.7681|12077
Le Chambon-Feugerolles|45.3966|4.3248|12066
Raismes|50.3916|3.4824|12055
Götzis|47.3351|9.644|12041
Pombal|39.9162|-8.6279|12035
Spiez|46.6919|7.6775|12027
Marly|50.3501|3.5436|12024
Ifs|49.1381|-0.3496|11981
Vöcklabruck|48.0079|13.646|11972
Provins|48.5603|3.2988|11958
Gland|46.4239|6.2655|11947
Guidel|47.7894|-3.4915|11947
Saint-Avé|47.6904|-2.7359|11927
Beiuș|46.6668|22.3527|11923
Gisors|49.279|1.7778|11919
Pacé|48.1466|-1.7729|11918
Le Grand-Saconnex|46.2363|6.1265|11911
Craponne|45.7435|4.7231|11903
Talant|47.336|5.0048|11894
Altstätten SG|47.3782|9.5414|11891
Onet-le-Château|44.3654|2.5924|11873
Épinay-sous-Sénart|48.6953|2.5159|11869
Florange|49.3278|6.1228|11869
L'Isle-Adam|49.1125|2.2186|11846
Neuhausen am Rheinfall|47.6812|8.6197|11834
Delémont|47.3616|7.3544|11809
Maizières-lès-Metz|49.2103|6.16|11792
Le Relecq-Kerhuon|48.4076|-4.3966|11791
Somain|50.3589|3.2811|11790
Vauvert|43.6924|4.2755|11774
Cogolin|43.25|6.5366|11762
Samora Correia|38.9349|-8.869|11761
Baugé|47.5423|-0.1041|11757
Seyssinet-Pariset|45.1791|5.69|11753
Cernay|47.8087|7.1788|11745
Septèmes-les-Vallons|43.399|5.3664|11734
Villefranche-de-Rouergue|44.3518|2.0375|11720
Seekirchen am Wallersee|47.8942|13.1261|11708
Murska Sobota|46.6625|16.1655|11700
Majicavo-Koropa|-12.7442|45.2191|11698
Münchenstein|47.5188|7.6175|11688
Saint-Pierre-du-Perray|48.6138|2.5054|11680
Sassenage|45.2067|5.663|11660
Villecresnes|48.7209|2.5327|11642
Bolbec|49.5739|0.4742|11635
Thiers|45.8555|3.5487|11633
Saint-Gaudens|43.1078|0.7247|11613
Prilly|46.5346|6.6056|11609
Mana|5.6687|-53.7786|11605
Ancenis-Saint-Géréon|47.3682|-1.1844|11600
Chambray-lès-Tours|47.3391|0.7144|11589
Mirandela|41.4896|-7.1775|11579
Le Haillan|44.8721|-0.6762|11572
Stäfa|47.2413|8.7349|11567
Bassersdorf|47.4436|8.6299|11561
Almeirim|39.2092|-8.6291|11552
Saint-Estève|42.71|2.8457|11550
Belp|46.8898|7.4984|11548
Zofingen|47.2885|7.9458|11543
Nœux-les-Mines|50.4809|2.6621|11520
Chauny|49.6149|3.219|11496
Romanshorn|47.5654|9.3776|11487
Pontchâteau|47.4373|-2.088|11474
Hœnheim|48.6213|7.7555|11469
Mios|44.6045|-0.9349|11469
Vedène|43.9787|4.9036|11457
Fourmies|50.0172|4.0458|11456
Vitry-le-François|48.7262|4.5852|11454
Wals-Siezenheim|47.7986|12.9807|11450
Worb|46.9309|7.5646|11449
Esmoriz|40.9603|-8.6228|11448
La Londe-les-Maures|43.1381|6.2355|11442
Pamandzi|-12.7983|45.2747|11442
Enghien-les-Bains|48.97|2.3068|11440
Les Avirons|-21.2424|55.3358|11434
Méricourt|50.4016|2.8664|11431
San Nicolò|35.1906|25.7175|11421
Aigle|46.3179|6.9689|11412
Ried im Innkreis|48.2086|13.4884|11404
Gänserndorf|48.3404|16.7187|11404
Saint-Cyprien|42.6176|3.0044|11398
Plan-de-Cuques|43.346|5.4618|11396
Saverne|48.742|7.3626|11390
Saint-Junien|45.8872|0.9011|11387
Yvetot|49.6179|0.7539|11385
Ploufragan|48.4893|-2.7933|11369
Affoltern am Albis|47.2782|8.4522|11363
Vila Real de Santo António|37.1946|-7.4156|11360
Kouaoua|-21.3962|165.8284|11345
Dugny|48.9538|2.4147|11328
Bellegarde-sur-Valserine|46.1076|5.8261|11326
Ebikon|47.0812|8.3385|11322
Bruay-sur-l'Escaut|50.3973|3.5379|11309
Saint-Germain-lès-Arpajon|48.5948|2.2557|11305
Isola|45.5399|13.6594|11300
Arpajon|48.5903|2.2477|11281
Dourdan|48.5288|2.0154|11279
Dammartin-en-Goële|49.0548|2.6836|11272
La Roche-sur-Foron|46.0672|6.3122|11263
Arcachon|44.6616|-1.17|11259
Saint-Jean|43.6648|1.5041|11243
Porto-Vecchio|41.5911|9.2794|11229
Doué-la-Fontaine|47.1938|-0.2762|11228
Gravelines|50.9871|2.1273|11223
Beaumont-Hague|49.6642|-1.837|11223
Marquette-lez-Lille|50.6761|3.0647|11213
Davos|46.7962|9.8237|11211
Guilherand-Granges|44.9328|4.8671|11203
Lamego|41.0985|-7.8106|11194
Tournon-sur-Rhône|45.0675|4.8329|11191
Bad Vöslau|47.9656|16.2148|11190
Vaux-le-Pénil|48.5256|2.6832|11174
Sada|-12.8518|45.0993|11156
Villepreux|48.8323|2.007|11150
Cesson|48.5624|2.6021|11140
Guebwiller|47.9095|7.2113|11137
Saint-Saulve|50.371|3.5547|11117
Oberwil BL|47.5137|7.5528|11105
Ancenis|47.3648|-1.1816|11099
Biganos|44.642|-0.9766|11095
Brugg|47.4825|8.2086|11092
Chassieu|45.7423|4.9682|11092
Gleisdorf|47.1054|15.7098|11072
Passy|45.9233|6.6845|11068
Ittigen|46.9791|7.4815|11067
Stiring-Wendel|49.2011|6.9277|11067
Panazol|45.837|1.3059|11064
Mainvilliers|48.4488|1.4583|11057
Le Luc-en-Provence|43.3946|6.3129|11053
Montlouis-sur-Loire|47.3881|0.8269|11048
Riorges|46.0438|4.0337|11045
Maromme|49.4767|1.0308|11024
Allonnes|47.9693|0.1579|11013
Möhlin|47.561|7.8431|11006
Thouaré-sur-Loire|47.2669|-1.4411|11004
Wells|51.2095|-2.6451|11000
Saint-Martin-Boulogne|50.7259|1.6339|10999
Issoudun|46.9478|1.9883|10992
La Tour-de-Peilz|46.4538|6.8569|10974
Lézignan-Corbières|43.2009|2.7575|10952
Houaïlou|-21.2787|165.627|10945
Chevigny-Saint-Sauveur|47.2977|5.1382|10944
Corbas|45.6663|4.9015|10932
Étaples|50.514|1.6386|10930
Ferney-Voltaire|46.2567|6.1096|10920
Zwettl|48.6053|15.1682|10908
Brissac-Quincé|47.3564|-0.4483|10895
Erstein|48.4227|7.6633|10887
Castelginest|43.6929|1.4282|10876
Bondoufle|48.6137|2.3805|10862
City of London|51.5156|-0.092|10847
Lavaur|43.6989|1.8152|10830
Amnéville|49.2604|6.1421|10828
Le Pont-de-Claix|45.1237|5.6978|10805
Rüti ZH|47.2579|8.8527|10804
Wambrechies|50.6862|3.0522|10798
Arth|47.0645|8.5239|10794
Argelès-sur-Mer|42.5477|3.0254|10792
Annœullin|50.5279|2.9265|10780
Pélissanne|43.6307|5.1497|10779
Valentigney|47.4623|6.8309|10765
Épinay-sur-Orge|48.6726|2.3244|10760
Déville-lès-Rouen|49.4695|1.0496|10745
Fondettes|47.4037|0.5961|10741
Chanteloup-les-Vignes|48.9784|2.0302|10735
Pia|42.7453|2.9192|10733
Le Pradet|43.1038|6.0224|10728
Le Taillan-Médoc|44.9044|-0.6693|10727
Voisins-le-Bretonneux|48.7587|2.051|10721
Léognan|44.7294|-0.5997|10708
Saint-Claude|16.0255|-61.6981|10700
Boulazac|45.1827|0.7633|10697
Ville-d'Avray|48.8279|2.1894|10694
Orthez|43.4875|-0.7738|10684
Cartaxo|39.1619|-8.7863|10680
Trets|43.4469|5.6851|10678
Plan-les-Ouates|46.1683|6.1179|10657
Chantilly|49.1932|2.4637|10652
Beaumont|45.7538|3.0871|10650
Mistelbach|48.5695|16.572|10643
Chêne-Bougeries|46.1964|6.1854|10642
Pernes-les-Fontaines|43.9985|5.0593|10636
Vizela|41.3767|-8.3084|10633
Traun|48.2214|14.2368|10627
Wald ZH|47.2741|8.9132|10620
Oloron-Sainte-Marie|43.1922|-0.6116|10616
Pfäffikon ZH|47.3656|8.782|10602
Treillières|47.3309|-1.6241|10600
Pont-Saint-Esprit|44.2539|4.6457|10600
Männedorf|47.2532|8.6918|10588
Gossau ZH|47.306|8.7602|10569
Longuenesse|50.738|2.2448|10568
Sankt Johann im Pongau|47.3478|13.2025|10566
Briançon|44.8984|6.6436|10561
Marinha Grande|39.7496|-8.9299|10560
Tinqueux|49.2479|3.9861|10552
Payerne|46.8208|6.9391|10545
Urrugne|43.3625|-1.7003|10543
Ormesson-sur-Marne|48.7856|2.5484|10540
Saint-Gély-du-Fesc|43.6914|3.804|10537
Apt|43.8758|5.3971|10536
Mouans-Sartoux|43.6204|6.9704|10531
Le Locle|47.0556|6.7455|10529
Châteaugiron|48.0487|-1.5028|10518
Sainte-Savine|48.294|4.0562|10515
Ílhavo|40.6001|-8.6667|10505
Imst|47.2382|10.7407|10504
Urdorf|47.3847|8.4259|10503
Pierre-Bénite|45.7028|4.8241|10493
Héricourt|47.5752|6.7625|10478
Clermont|49.3781|2.4142|10475
Poindimié|-20.9369|165.3343|10461
Altdorf UR|46.8821|8.6414|10459
Villers-Cotterêts|49.2549|3.0909|10454
Steinhausen|47.1975|8.486|10449
Vieux-Condé|50.4724|3.5676|10446
Freamunde|41.2886|-8.3402|10443
Lauterach|47.4747|9.7313|10433
Tarare|45.8943|4.4371|10428
Portes-lès-Valence|44.8753|4.8775|10422
Penafiel|41.2062|-8.2856|10420
Thorigny-sur-Marne|48.8842|2.7116|10405
Villeneuve-lès-Maguelone|43.5328|3.8627|10405
Croissy-sur-Seine|48.8794|2.146|10399
Rorschach|47.478|9.4914|10389
Notre-Dame-de-Gravenchon|49.4898|0.568|10387
Blain|47.4756|-1.7644|10376
Villeneuve-Tolosane|43.5236|1.341|10369
Hinwil|47.3015|8.8419|10364
Jeumont|50.2971|4.0997|10342
Canala|-21.5204|165.965|10341
Cabestany|42.68|2.9403|10338
Marco de Canaveses|41.1835|-8.1494|10336
Wittelsheim|47.8091|7.2402|10334
La Riche|47.3881|0.6573|10325
Villebon-sur-Yvette|48.7|2.2276|10322
Limoux|43.0538|2.2177|10302
Bandrélé|-12.9123|45.1939|10282
Charvieu|45.7434|5.1601|10280
Birsfelden|47.5542|7.6305|10277
Trinità Vittorio|43.7431|7.3134|10276
Gerzat|45.825|3.1435|10258
Fosses|49.0987|2.5162|10249
Avranches|48.6862|-1.3579|10240
Brumath|48.7309|7.7081|10238
Pfastatt|47.7697|7.3025|10237
Chantepie|48.0882|-1.6171|10232
Pierrelaye|49.0232|2.1557|10230
Miribel|45.8235|4.9529|10225
Carentan-les-Marais|49.3032|-1.2463|10220
Dinard|48.632|-2.058|10219
La Chapelle-Saint-Mesmin|47.887|1.8398|10218
Igny|48.7424|2.2258|10213
Aesch BL|47.4682|7.598|10211
Aubière|45.7513|3.1144|10211
Oignies|50.4643|2.9939|10210
Douchy-les-Mines|50.2989|3.3909|10207
Ouangani|-12.8498|45.1399|10203
Courrières|50.4558|2.9448|10199
Sarnen|46.8957|8.2461|10192
Andrézieux-Bouthéon|45.5251|4.2595|10187
Lenzburg|47.3873|8.1822|10179
Gaillard|46.1838|6.2112|10175
Neuville-en-Ferrain|50.7503|3.1526|10160
Aizenay|46.7392|-1.6084|10146
Wittenbach|47.4624|9.382|10142
Parempuyre|44.9485|-0.6053|10142
Divonne-les-Bains|46.357|6.143|10137
Caudebec-lès-Elbeuf|49.2814|1.0261|10135
Zell am See|47.324|12.7963|10131
Suhr|47.3732|8.0795|10130
Auterive|43.3524|1.4775|10126
Fuveau|43.4539|5.5608|10115
Buxerolles|46.5984|0.3527|10105
Fouesnant|47.8945|-4.0115|10098
Eybens|45.1524|5.7481|10095
Gignac-la-Nerthe|43.3888|5.2329|10083
Pouembout|-21.1217|164.8966|10078
Mondeville|49.1771|-0.3201|10075
Saint-Max|48.7006|6.2074|10073
Cabriès|43.4412|5.3799|10070
Villerupt|49.4685|5.9327|10069
Mazamet|43.4902|2.3764|10064
Auchel|50.5037|2.4682|10062
Parthenay|46.6481|-0.2473|10058
Méry-sur-Oise|49.0635|2.1836|10046
Zollikofen|46.9959|7.4576|10041
Vernouillet|48.9725|1.9831|10025
Lordelo|41.2346|-8.4147|10025
Saint-Laurent-de-la-Salanque|42.7732|2.9892|10010
Therwil|47.4993|7.5575|10007
Le Beausset|43.1988|5.8007|10007
Saint-Loubès|44.9165|-0.4269|10005
Aniche|50.3309|3.251|9997
Soyaux|45.6416|0.1926|9995
Lambesc|43.6542|5.2621|9991
Lillers|50.5606|2.476|9988
Chambly|49.1663|2.2445|9980
Neunkirchen|47.7221|16.0816|9974
Marly|49.06|6.1546|9971
Maxéville|48.7119|6.1641|9921
Epalinges|46.5473|6.6726|9919
Carmaux|44.0496|2.1583|9898
St. Johann in Tirol|47.5224|12.4287|9891
Biot|43.627|7.099|9880
Ploërmel|47.9324|-2.3981|9879
Vétraz-Monthoux|46.1741|6.2582|9874
Maur|47.3403|8.6692|9873
Saint-Pierre-du-Mont|43.8826|-0.5201|9871
Montigny-en-Gohelle|50.4269|2.9299|9870
Bernex|46.1747|6.0722|9866
Roche-la-Molière|45.4349|4.3213|9863
Grigny-sur-Rhône|45.61|4.7882|9851
Feyzin|45.6738|4.8583|9850
Pont-Audemer|49.3562|0.5153|9848
Esposende|41.5315|-8.7793|9844
Saint-Grégoire|48.1524|-1.6854|9837
Couzeix|45.8779|1.2381|9828
Portet-sur-Garonne|43.5222|1.4076|9805
Gustavia|17.8957|-62.8508|9793
Seysses|43.4983|1.3115|9789
Goldach|47.4774|9.4693|9783
Albert|50.0018|2.6509|9781
Basse-Terre|16.0001|-61.7333|9779
Chavannes-près-Renens|46.5285|6.5727|9774
Figeac|44.6092|2.0324|9770
Maripasoula|3.642|-54.0299|9768
Loudéac|48.1763|-2.7536|9762
Voreppe|45.2928|5.6362|9758
Ingré|47.9193|1.8225|9755
Bruck an der Mur|47.4122|15.2722|9748
Cavani|-12.7819|45.2215|9740
Darnétal|49.4449|1.1519|9738
Grand-Couronne|49.3535|1.0043|9726
La Ferté-sous-Jouarre|48.9502|3.1297|9714
Bondues|50.7035|3.0922|9713
Serris|48.8567|2.7856|9706
Rombas|49.2515|6.0938|9697
Saint-Lys|43.514|1.1775|9686
Purkersdorf|48.2077|16.1772|9684
Basse-Goulaine|47.2155|-1.4652|9679
Borgo|42.5542|9.4277|9678
Revel|43.4582|2.0056|9665
La Farlède|43.1597|6.0432|9658
Arques|50.7343|2.2963|9655
Merville|50.6437|2.6387|9652
Sallaumines|50.4205|2.8591|9650
Le Muy|43.4714|6.5661|9646
Saint-Doulchard|47.1|2.373|9645
Dombasle-sur-Meurthe|48.6231|6.3494|9633
Saint-Martin-en-Campagne|49.9568|1.2219|9625
Bernay|49.0902|0.5989|9622
Saint-Rémy-de-Provence|43.7886|4.8317|9619
Laakirchen|47.9826|13.8225|9600
Beaumont-sur-Oise|49.1419|2.2849|9590
Leers|50.6792|3.24|9588
Aire-sur-la-Lys|50.6384|2.3956|9585
Apatou|5.1554|-54.3425|9582
Aytré|46.1333|-1.1147|9578
Bourg-de-Péage|45.0354|5.052|9578
Saint-Sulpice-la-Pointe|43.7753|1.6836|9576
Ézanville|49.0317|2.3619|9573
Lutry|46.5033|6.6868|9571
Nort-sur-Erdre|47.4399|-1.499|9570
Pérols|43.5586|3.9502|9561
Murten|46.9289|7.1164|9552
Thorens-Glières|45.9965|6.2493|9547
Savenay|47.3592|-1.9421|9543
Lorgues|43.493|6.36|9542
Le Rheu|48.1007|-1.7938|9535
Crosne|48.7205|2.4646|9532
Peso da Régua|41.1637|-7.7876|9530
Lachen SZ|47.1924|8.8524|9529
Lescar|43.3334|-0.4357|9524
Judenburg|47.1694|14.6601|9514
Naters|46.3243|7.9884|9496
Vallet|47.161|-1.2657|9495
Sursee|47.1725|8.1068|9489
Langnau im Emmental|46.9392|7.7883|9488
Luçon|46.4556|-1.1646|9483
Quincy-sous-Sénart|48.6713|2.5405|9477
Léguevin|43.5998|1.2345|9474
Foix|42.9639|1.6054|9472
Saint-Barthélemy-d'Anjou|47.4683|-0.4933|9460
Saint-Amand-Montrond|46.7227|2.5047|9459
Frouzins|43.5152|1.3244|9457
Cosne-Cours-sur-Loire|47.4113|2.926|9437
Elne|42.6017|2.97|9428
Brunn am Gebirge|48.1071|16.2837|9422
Carqueiranne|43.091|6.0767|9417
Saint-Philbert-de-Grand-Lieu|47.0359|-1.6405|9400
Les Essarts|46.7744|-1.2269|9399
Condé-sur-l'Escaut|50.4483|3.5929|9396
Magny-les-Hameaux|48.7241|2.084|9385
Saint-Jean-le-Blanc|47.8835|1.9372|9379
Jarville-la-Malgrange|48.6735|6.2023|9374
Le Passage|44.2014|0.6034|9373
Audenge|44.6884|-1.0198|9371
Molsheim|48.5419|7.4925|9359
Aucamville|43.6681|1.4292|9349
Valréas|44.3851|4.9906|9346
Nogent-le-Rotrou|48.3218|0.8211|9341
Lançon-Provence|43.5913|5.1259|9340
Tonneins|44.3911|0.3077|9337
Ouistreham|49.2761|-0.2585|9331
L'Isle-Jourdain|43.6141|1.0822|9324
Hagondange|49.254|6.1678|9321
Flawil|47.4146|9.1861|9320
Redon|47.6511|-2.0842|9312
Saint-Jean-d'Illac|44.8102|-0.7815|9304
Livron-sur-Drôme|44.7727|4.8455|9298
Le Crès|43.6501|3.9369|9295
Les Sorinières|47.148|-1.5302|9275
Le Mont-sur-Lausanne|46.5531|6.6355|9272
Clermont-l'Hérault|43.6271|3.4303|9269
Launaguet|43.6742|1.4569|9260
Bures-sur-Yvette|48.6972|2.1633|9254
Escaudain|50.3333|3.3438|9253
Vendas Novas|38.6774|-8.4552|9246
Eisenstadt|47.8455|16.5249|9243
Willisau|47.1215|7.9966|9242
Lesquin|50.5888|3.11|9241
Paray-le-Monial|46.4506|4.1178|9239
Belley|45.7608|5.6861|9239
Widnau|47.4053|9.6356|9220
Joigny|47.9812|3.3996|9218
Évian-les-Bains|46.401|6.5898|9214
Mont-Saint-Martin|49.5446|5.7808|9202
Ebreichsdorf|47.9626|16.4024|9194
Landivisiau|48.5128|-4.0699|9192
Capbreton|43.6404|-1.4315|9185
Varennes-Vauzelles|47.0132|3.1457|9180
Ville-la-Grand|46.2025|6.2496|9169
Ussel|45.5457|2.3119|9159
Beauchamp|49.0116|2.1994|9158
Embrach|47.5056|8.5941|9143
Velden|46.6152|14.0451|9127
Arlesheim|47.4931|7.6202|9115
Beuvry|50.5337|2.6865|9111
Rebordosa|41.2203|-8.4113|9106
Postumia|45.7753|14.214|9100
Rivesaltes|42.7684|2.8709|9099
Pithiviers|48.1738|2.2545|9094
Niederhasli|47.4813|8.4858|9085
Gerasdorf bei Wien|48.2946|16.4679|9069
Magny-le-Hongre|48.8631|2.8135|9064
Scionzier|46.0573|6.5498|9059
Chaponost|45.7107|4.7469|9052
La Ravoire|45.5586|5.9643|9042
Meulan-en-Yvelines|49.005|1.9101|9041
Bougival|48.8643|2.1378|9031
Tomblaine|48.6864|6.2107|9019
Le Teich|44.6357|-1.0217|9004
Guichen|47.9659|-1.7971|8995
Lamorlaye|49.1598|2.4244|8993
Veauche|45.5623|4.2892|8992
Sarzeau|47.5275|-2.7685|8977
Grabels|43.6474|3.7965|8973
Obersiggenthal|47.4931|8.2974|8966
Gonfreville-l'Orcher|49.5039|0.2338|8961
Grenade|43.7723|1.2932|8961
Wohlen|46.9708|7.3559|8948
Cébazat|45.8306|3.1001|8946
Séné|47.62|-2.7373|8944
Monistrol-sur-Loire|45.2926|4.1728|8925
Gouvieux|49.1902|2.4152|8924
Rothrist|47.3029|7.8826|8922
Morières-lès-Avignon|43.9425|4.9048|8922
Les Angles|43.9525|4.765|8908
Le Teil|44.5494|4.683|8901
Nangis|48.5549|3.0137|8898
Le Portel|50.7075|1.5737|8897
Amora|38.6297|-9.116|8884
Fátima|39.6255|-8.6659|8880
Breuillet|48.5669|2.1729|8873
Bremgarten AG|47.3515|8.3424|8871
Quetigny|47.3126|5.1163|8869
La Fare-les-Oliviers|43.5512|5.1869|8867
Irigny|45.6733|4.8217|8867
Pouancé|47.7403|-1.173|8859
Grand-Santi|4.2771|-54.3797|8859
Le Thor|43.9288|4.9946|8858
Bellerive-sur-Allier|46.1156|3.4064|8855
Tondela|40.5164|-8.0805|8854
Golbey|48.1956|6.4365|8849
Fontaine-lès-Dijon|47.3417|5.0219|8847
Hünenberg|47.1752|8.426|8846
Attnang-Puchheim|48.0115|13.7211|8839
Wiener Neudorf|48.0834|16.3144|8838
Sierning|48.0447|14.3092|8833
Dardilly|45.8065|4.7538|8828
Vert-Saint-Denis|48.5671|2.6252|8822
Sarlat-la-Canéda|44.8879|1.2161|8812
Boucau|43.5236|-1.4858|8809
Chécy|47.9019|2.0213|8808
Kočevje|45.643|14.8553|8800
Longatico|45.9178|14.2234|8800
Weiz|47.2174|15.6222|8799
La Ferté-Bernard|48.1861|0.6555|8799
Rouvroy|50.3934|2.9037|8797
Entraigues-sur-la-Sorgue|44.0023|4.9273|8793
Quéven|47.7888|-3.4161|8790
Essey-lès-Nancy|48.7053|6.2221|8782
Poisy|45.922|6.0627|8773
Wolfurt|47.4668|9.7502|8765
Saint-Paul-Trois-Châteaux|44.3476|4.7707|8758
Crest|44.7283|5.0237|8756
Aulnoye-Aymeries|50.2003|3.8336|8756
Giubiasco|46.1739|9.0134|8751
Le Bény-Bocage|48.9368|-0.8395|8745
Zuchwil|47.2038|7.5594|8743
Wingles|50.4953|2.8581|8742
Périgny|46.1543|-1.0937|8741
Saint-Jean-de-Monts|46.7936|-2.0589|8741
Lillebonne|49.5188|0.5344|8729
Sankt Veit an der Triesting|47.9389|16.1558|8728
Saint-Claude|46.3875|5.8644|8727
Châteauneuf-sur-Sarthe|47.6808|-0.4878|8727
Onnaing|50.3871|3.6011|8719
La Chapelle-d'Armentières|50.6728|2.8966|8719
Margny-lès-Compiègne|49.4246|2.817|8716
Velaux|43.5218|5.2541|8713
Berndorf|47.9456|16.1094|8698
Landquart|46.9662|9.557|8692
Petit-Couronne|49.3818|1.0333|8688
Aigues-Mortes|43.5662|4.1915|8685
Neuenhof|47.4469|8.3226|8680
Pibrac|43.6185|1.285|8678
Longvic|47.2841|5.0575|8676
Roquevaire|43.3493|5.6046|8673
Leucade|38.8353|20.7097|8673
Montlhéry|48.6397|2.2711|8670
Coutras|45.0407|-0.129|8669
Domérat|46.36|2.5369|8667
L'Île-Saint-Denis|48.9356|2.3397|8664
Lempdes|45.769|3.1979|8663
Hirson|49.9203|4.0837|8662
Au SG|47.4332|9.6365|8655
Isbergues|50.6245|2.4517|8649
Saint-Chamas|43.5498|5.0342|8643
Chamonix-Mont-Blanc|45.9231|6.87|8642
Lourosa|40.9835|-8.5499|8636
Wé|-20.9163|167.2643|8627
Le Poiré-sur-Vie|46.7682|-1.5095|8626
Artigues-près-Bordeaux|44.8603|-0.4935|8623
Mauléon|46.9228|-0.7502|8597
Plabennec|48.502|-4.4268|8589
Roussillon|45.3736|4.8124|8589
Neusiedl am See|47.9492|16.8425|8585
Vif|45.0555|5.669|8584
Thorigné-Fouillard|48.1535|-1.58|8582
Kitzbühel|47.4464|12.3911|8574
La Grande-Motte|43.5603|4.086|8573
Janzé|47.9577|-1.4972|8570
Vaucresson|48.8393|2.1576|8566
Gretz-Armainvilliers|48.741|2.736|8556
Sautron|47.2633|-1.6684|8555
Ergué-Gabéric|47.9965|-4.0268|8553
Le Loroux-Bottereau|47.2385|-1.3473|8552
Privas|44.7353|4.5987|8541
Groß-Enzersdorf|48.2018|16.552|8532
La Salvetat-Saint-Gilles|43.5774|1.2726|8524
Pérenchies|50.6679|2.9745|8519
Rotkreuz|47.1408|8.4313|8518
Thaon-les-Vosges|48.2505|6.4193|8513
Évron|48.1561|-0.403|8508
Liffré|48.2146|-1.506|8507
Saint-Vallier|46.6414|4.3718|8503
Buchs AG|47.391|8.0692|8491
Perg|48.2501|14.6338|8479
Unieux|45.399|4.2621|8479
Marguerittes|43.8626|4.4532|8467
Les Rosiers-sur-Loire|47.3527|-0.2248|8464
Orchies|50.4745|3.2425|8455
Épagny Metz-Tessy|45.9381|6.0909|8454
Trégueux|48.4896|-2.7376|8450
Chantonnay|46.6868|-1.0506|8447
Port-Saint-Louis-du-Rhône|43.3881|4.8034|8446
Le Grau-du-Roi|43.536|4.1372|8438
Vila Nova de Santo André|38.062|-8.7855|8436
Marcoussis|48.6427|2.2308|8430
Passamainty|-12.8011|45.2092|8430
Saint-Aubin-lès-Elbeuf|49.3027|1.0197|8428
Venelles|43.6003|5.4805|8426
Guntramsdorf|48.0486|16.3132|8421
Soustons|43.7508|-1.3296|8421
Groslay|48.9867|2.3459|8416
Châteauneuf-sur-Loire|47.8641|2.2192|8416
Theix|47.6288|-2.6493|8403
Trignac|47.3177|-2.1895|8397
Pont-l'Abbé|47.8659|-4.2208|8395
Le Plessis-Bouchard|49.0017|2.2331|8393
Trofaiach|47.4251|15.0066|8385
Téteghem|51.0168|2.4413|8384
Vendin-le-Vieil|50.4756|2.8672|8381
Uzès|44.0121|4.4197|8379
Saint-Renan|48.4328|-4.623|8358
Montemor-o-Novo|38.6482|-8.2116|8356
Coutances|49.0478|-1.4455|8353
Rum|47.2868|11.4574|8352
Bouaye|47.1428|-1.6918|8343
Fällanden|47.3713|8.6389|8340
Tournan-en-Brie|48.7403|2.7646|8340
Feurs|45.7441|4.2215|8338
Larmor-Plage|47.7148|-3.3763|8318
Crolles|45.2846|5.8839|8317
Harfleur|49.5075|0.2001|8315
Bandol|43.1358|5.7524|8311
Höchst|47.4598|9.638|8310
Carbon-Blanc|44.8938|-0.505|8300
Chiconi|-12.8323|45.115|8295
Varces-Allières-et-Risset|45.0886|5.6825|8287
Saint-Pierre-lès-Elbeuf|49.2745|1.0476|8285
Wattwil|47.3004|9.0871|8265
Belleville-en-Beaujolais|46.109|4.7485|8262
Peymeinade|43.642|6.8757|8256
Chartres-de-Bretagne|48.0432|-1.7082|8237
Vern-sur-Seiche|48.0452|-1.6046|8233
Pignan|43.5824|3.7623|8221
Éguilles|43.5687|5.3544|8220
Albergaria-a-Velha|40.6907|-8.4792|8220
Donges|47.3185|-2.0746|8219
Ballan-Miré|47.3413|0.6131|8217
Courcelles-lès-Lens|50.4182|3.0184|8213
Stans|46.9571|8.3661|8207
Chiasso|45.8355|9.029|8202
Petit-Canal|16.3776|-61.4878|8201
Langenzersdorf|48.3096|16.3573|8200
Nauporto|45.9663|14.2981|8200
Bihorel|49.4543|1.116|8199
Puget-sur-Argens|43.4562|6.6844|8195
Tonnay-Charente|45.9445|-0.8923|8195
Lège-Cap-Ferret|44.7951|-1.1472|8193
Linselles|50.7378|3.0794|8192
Fully|46.139|7.1147|8181
Bormes-les-Mimosas|43.1507|6.3419|8173
Thuir|42.6299|2.7554|8173
Bessancourt|49.0373|2.2136|8172
Brunstatt|47.728|7.3255|8172
Reignier|46.1359|6.2691|8170
Guilers|48.4245|-4.5583|8170
Cornebarrieu|43.6494|1.3247|8164
Talmont|46.4667|-1.619|8161
Chêne-Bourg|46.1942|6.1935|8151
Libercourt|50.4802|3.0105|8138
La Tour-du-Pin|45.5666|5.4424|8138
Sirnach|47.4614|8.9934|8133
Bussigny|46.5513|6.5537|8132
Jarny|49.157|5.8822|8130
Biberist|47.1811|7.5626|8124
Sérignan|43.2831|3.2799|8123
Souffelweyersheim|48.6355|7.7416|8120
Billy-Montigny|50.4179|2.9116|8117
Meximieux|45.9036|5.1925|8085
La Colle-sur-Loup|43.6857|7.0976|8084
La Ville-du-Bois|48.6611|2.2688|8080
Kilchberg|47.3225|8.5459|8077
Mazingarbe|50.4693|2.7185|8068
Vineuil|47.5858|1.3893|8067
Oberentfelden|47.3568|8.0471|8066
Fundão|40.1408|-7.5018|8065
Chinon|47.1667|0.2402|8052
Languidic|47.834|-3.1584|8047
Enns|48.2141|14.4794|8046
La Ricamarie|45.4037|4.3661|8046
Pégomas|43.5928|6.9307|8045
Aarburg|47.3206|7.8994|8044
Sorbiers|45.4873|4.4507|8042
Malemort-sur-Corrèze|45.1745|1.5792|8027
Malesherbes|48.2954|2.4164|8005
Coulaines|48.0307|0.2069|8003
Questembert|47.6604|-2.4527|8001
Champagnole|46.7456|5.9084|8000
Seyssins|45.1593|5.6878|7997
Briey|49.2481|5.9371|7996
Saint-Affrique|43.958|2.8867|7992
Ebenthal|46.6064|14.3595|7991
Fiães|40.9946|-8.5247|7991
Wintzenheim|48.0725|7.2926|7989
Deutschlandsberg|46.8146|15.2138|7983
Aureilhan|43.2427|0.0965|7982
Le Mesnil-Esnard|49.412|1.1392|7980
Boussy-Saint-Antoine|48.6887|2.53|7980
Orbe|46.7241|6.5318|7978
Saint-Gilles-Croix-de-Vie|46.693|-1.9255|7974
Charnay-lès-Mâcon|46.3098|4.7845|7969
Saint-Vincent-de-Tyrosse|43.6605|-1.303|7956
Kottingbrunn|47.9514|16.2285|7947
Anse|45.9365|4.717|7947
Achicourt|50.2732|2.7577|7938
Talange|49.2369|6.1737|7938
Les Andelys|49.2469|1.4216|7937
Jouy-en-Josas|48.7646|2.1685|7928
Malzéville|48.7083|6.1832|7927
Rochefort-du-Gard|43.9738|4.6904|7921
Marly|46.7748|7.1602|7919
Lure|47.6863|6.4947|7918
Monts|47.275|0.6425|7914
Kirchberg SG|47.4117|9.0398|7904
Cappelle-la-Grande|50.9977|2.3678|7899
Houplines|50.6905|2.9104|7897
Salles|44.5509|-0.87|7887
Langueux|48.4991|-2.7096|7886
Saint-Julien-de-Concelles|47.252|-1.3862|7883
Romagnat|45.7281|3.0985|7869
Paray-Vieille-Poste|48.7126|2.3638|7868
Gargenville|48.9901|1.8105|7863
Claix|45.12|5.6729|7859
Isle|45.8056|1.2238|7853
Martignas-sur-Jalle|44.8405|-0.7761|7850
Le Soler|42.682|2.7989|7846
Montreuil-Juigné|47.5292|-0.6099|7842
Bassens|44.9015|-0.5163|7842
Gérardmer|48.0706|6.8777|7833
Deutsch-Wagram|48.296|16.5568|7830
L'Aigle|48.7652|0.6278|7824
Tignieu|45.735|5.1865|7815
Engerwitzdorf|48.3445|14.442|7804
Pézenas|43.4612|3.4228|7788
Villars|45.4685|4.3533|7783
Falaise|48.8965|-0.1999|7782
Saint-Étienne-de-Montluc|47.2739|-1.7811|7780
Saint-Sylvain-d'Anjou|47.5204|-0.4652|7775
Wavrin|50.5706|2.9325|7773
Thann|47.8101|7.1021|7766
Hettange-Grande|49.4073|6.1516|7765
Hochdorf|47.1665|8.29|7761
Guénange|49.2978|6.1961|7761
Ballancourt-sur-Essonne|48.5262|2.3858|7757
La Couronne|45.6087|0.1013|7753
Rümlang|47.4507|8.5299|7752
Saint-Rémy-lès-Chevreuse|48.7055|2.0711|7747
Domat/Ems|46.8351|9.4507|7745
Bellegarde|43.7578|4.5159|7740
Les Avenières|45.6346|5.563|7740
Baillargues|43.661|4.0133|7735
Vihiers|47.1452|-0.5352|7724
Neuville-sur-Saône|45.8766|4.8395|7721
Saint-Marcellin|45.154|5.3203|7708
Gränichen|47.3593|8.0971|7706
Tullins|45.2978|5.483|7706
M'Tsamboro|-12.6997|45.068|7705
Sisteron|44.1963|5.9444|7699
Langres|47.864|5.3339|7697
Machecoul|46.9923|-1.8175|7689
Jaunay-Marigny|46.6844|0.3716|7687
Rorschacherberg|47.4688|9.4946|7685
Cavalaire-sur-Mer|43.1723|6.5319|7678
Ebensee am Traunsee|47.8122|13.7742|7675
Mordelles|48.0733|-1.8485|7658
Beauzelle|43.6685|1.3795|7656
Saint-Denis-en-Val|47.8791|1.9632|7654
Corte|42.3053|9.1512|7654
Biguglia|42.627|9.4208|7654
Pluvigner|47.7771|-3.0096|7651
Céret|42.4857|2.7487|7648
Publier|46.387|6.5437|7646
Marseillan|43.3568|3.5281|7643
Goyave|16.134|-61.5743|7638
Windisch|47.4793|8.218|7636
Costa da Caparica|38.6445|-9.2336|7632
Noisy-le-Roi|48.844|2.0645|7631
Noyal-Châtillon-sur-Seiche|48.0426|-1.662|7631
Déols|46.8268|1.701|7625
Trois-Rivières|15.9767|-61.6442|7625
Bompas|42.73|2.9349|7619
Beynes|48.8559|1.8735|7617
Gleizé|45.9888|4.6971|7614
Remiremont|48.0159|6.5913|7611
Rosporden|47.9593|-3.8278|7609
Nieppe|50.7036|2.8403|7606
Dietlikon|47.4223|8.6156|7605
Geispolsheim|48.5147|7.6437|7603
Auxonne|47.1937|5.3883|7602
Émerainville|48.8116|2.6213|7601
Beaugency|47.7779|1.6312|7598
Saint-Pierre-en-Faucigny|46.059|6.3681|7591
Wangen bei Dübendorf|47.4108|8.6457|7589
Saint-Péray|44.9454|4.8431|7588
Saint-Aubin-de-Médoc|44.9134|-0.7247|7583
Faverges|45.7469|6.2934|7581
Les Arcs|43.4629|6.4786|7580
Hasparren|43.3839|-1.305|7577
Bain-de-Bretagne|47.8414|-1.6852|7570
Collonge-Bellerive|46.2537|6.2046|7566
Moirans|45.3263|5.5647|7565
Sausset-les-Pins|43.332|5.1094|7563
Louveciennes|48.8617|2.1131|7563
Moutier|47.2796|7.3704|7553
Conti|43.812|7.3146|7544
Sucé-sur-Erdre|47.3416|-1.5286|7539
San Giovanni di Moriana|45.2775|6.3452|7536
Bad Goisern am Hallstättersee|47.6409|13.6165|7528
Saint-Yrieix-sur-Charente|45.6753|0.1269|7525
Varades|47.3847|-1.0285|7517
Wissembourg|49.0366|7.9445|7516
Châteaubourg|48.1109|-1.3982|7512
Gourbeyre|15.995|-61.6919|7508
Düdingen|46.8497|7.1904|7504
Wattens|47.2936|11.5907|7503
Slovenj Gradec|46.5091|15.0791|7500
La Verpillière|45.6328|5.1473|7500
Digoin|46.481|3.9786|7498
Gaiserwald|47.4267|9.3341|7495
Estarreja|40.7523|-8.5703|7492
Saint-Apollinaire|47.3341|5.0822|7490
Fresnes-sur-Escaut|50.4321|3.5801|7486
Ingenbohl|47.0008|8.615|7482
Vaujours|48.9303|2.5692|7478
Ustaritz|43.3988|-1.4562|7476
Saint-Germain-lès-Corbeil|48.6261|2.4914|7472
Aussonne|43.6829|1.318|7465
Terville|49.3449|6.1345|7456
Egg|47.2991|8.6885|7455
Clisson|47.0877|-1.2817|7452
Ferlach|46.5265|14.3006|7450
Langnau|47.2877|8.5373|7449
Bidart|43.4392|-1.5899|7449
Freistadt|48.5113|14.5048|7445
Chaumes-en-Retz|47.119|-1.9272|7440
Herzogenbuchsee|47.1881|7.7057|7438
Ollon VD|46.2972|6.995|7426
Rethel|49.5091|4.3666|7425
Ensisheim|47.8665|7.3529|7418
Voh|-20.95|164.6872|7408
Saint-Prix|49.0146|2.2675|7404
Slovenska Bistrica|46.3919|15.5728|7400
Dürnten|47.2779|8.8422|7392
Lagord|46.1864|-1.1511|7387
Mably|46.086|4.0645|7382
Birmensdorf ZH|47.3538|8.4382|7380
Lesneven|48.5718|-4.3236|7377
Barlin|50.4568|2.6175|7366
Bex|46.2514|7.0124|7364
Saint-Nicolas-de-Port|48.631|6.3022|7364
Mimizan|44.202|-1.2309|7364
Pontcharra|45.4328|6.0204|7361
Ruelle-sur-Touvre|45.6765|0.2187|7356
Waziers|50.3852|3.1079|7354
Saint-Berthevin|48.0691|-0.8291|7353
Bourg-Saint-Andéol|44.3708|4.6458|7352
Saint-Jory|43.7416|1.3704|7346
Yssingeaux|45.1436|4.1244|7345
Langon|44.5531|-0.2449|7345
Huningue|47.5942|7.5795|7339
Landeck|47.1424|10.5705|7336
Toulouges|42.67|2.832|7334
Villard-Bonnot|45.2385|5.8882|7331
Moyeuvre-Grande|49.2514|6.0454|7330
Zeltweg|47.1912|14.7549|7327
Villemoisson-sur-Orge|48.6612|2.3322|7323
Soisy-sur-Seine|48.6503|2.4491|7322
Crozon|48.2464|-4.4894|7321
La Ferté-Saint-Aubin|47.7169|1.9442|7318
Crissier|46.5539|6.5773|7316
Pordic|48.5723|-2.814|7316
Saint-Benoît|46.5508|0.3404|7307
Verneuil d'Avre et d'Iton|48.7387|0.9295|7305
Aadorf|47.4916|8.903|7301
Villmergen|47.3472|8.2449|7295
Vizille|45.0758|5.7716|7293
Lisses|48.596|2.4238|7292
Péronne|49.9291|2.9324|7291
Lodève|43.7311|3.3189|7289
Saint-Pierre-sur-Dives|49.0192|-0.0333|7288
Montoir-de-Bretagne|47.3286|-2.1543|7282
Visp|46.2913|7.8812|7281
Ponte de Sor|39.2519|-8.009|7280
Roquefort-les-Pins|43.6661|7.0492|7276
Lanton|44.7039|-1.0388|7276
Lagnieu|45.9035|5.348|7268
Trélissac|45.1954|0.7808|7268
Saint-Didier-au-Mont-d'Or|45.8115|4.7979|7265
Melesse|48.2176|-1.6962|7260
Reinach|47.254|8.1828|7258
Mengeš|46.1638|14.5712|7257
Vorchdorf|48.0035|13.9228|7255
Saint-Maixent-l'École|46.4097|-0.2019|7254
Minusio|46.1755|8.8118|7251
Hombrechtikon|47.2523|8.768|7246
Coulounieix-Chamiers|45.1872|0.6922|7245
Salazie|-21.0244|55.5435|7243
Carhaix-Plouguer|48.2765|-3.5711|7240
Herbignac|47.4473|-2.3182|7224
Pfäffikon SZ|47.2003|8.7781|7222
Messac|47.825|-1.8055|7202
Seuzach|47.5346|8.7338|7201
Sainte-Pazanne|47.1032|-1.8112|7201
Eckbolsheim|48.5807|7.6883|7199
Fabrègues|43.5507|3.7776|7197
Parentis-en-Born|44.3509|-1.0691|7195
Paimpol|48.7795|-3.0484|7191
Auby|50.4136|3.0617|7188
Bourg-Saint-Maurice|45.6186|6.7695|7187
Arthon-en-Retz|47.1168|-1.942|7184
Saujon|45.6743|-0.9244|7183
Aulnoy-lez-Valenciennes|50.3308|3.5315|7183
Cranves-Sales|46.1877|6.292|7182
Audun-le-Tiche|49.4728|5.9572|7180
Unterägeri|47.1374|8.5845|7179
Leforest|50.4388|3.0588|7179
Mattersburg|47.7368|16.398|7177
Hafendorf|47.4557|15.319|7177
Untersiggenthal|47.4992|8.2575|7176
Perros-Guirec|48.8147|-3.4432|7175
Saint-Pée-sur-Nivelle|43.3558|-1.5505|7170
Bailly-Romainvilliers|48.8468|2.8213|7169
Gières|45.1798|5.7904|7161
Barr|48.4089|7.4493|7152
Chauray|46.3607|-0.3746|7151
Ugine|45.749|6.4205|7148
Écouen|49.0197|2.3799|7145
Bischofshofen|47.4168|13.2171|7134
La Gauda|43.7228|7.1503|7133
Kalsdorf|46.9644|15.4787|7128
Sainte-Adresse|49.5052|0.0806|7116
Saint-Christol-lez-Alès|44.0844|4.0743|7115
Manduel|43.8186|4.4732|7109
Le Pian-Médoc|44.9549|-0.6684|7105
Guingamp|48.5618|-3.1502|7105
Entre-Deux|-21.2487|55.4701|7105
Lésigny|48.7441|2.6147|7102
Chauvigny|46.5695|0.6439|7099
Krško|45.9576|15.4947|7097
Pont-Saint-Martin|47.1231|-1.584|7093
Bétheny|49.2845|4.0535|7086
Wollerau|47.1957|8.7195|7078
Égly|48.5777|2.2218|7078
Caudan|47.8108|-3.3404|7074
La Talaudière|45.4805|4.429|7073
Balaruc-les-Bains|43.4445|3.6795|7073
Nidau|47.125|7.2412|7072
Aubigny|46.5983|-1.4553|7069
Migennes|47.9647|3.5226|7068
Jurançon|43.2872|-0.3896|7064
Moura|38.141|-7.4501|7064
Grandchamp-des-Fontaines|47.3651|-1.6058|7062
La Chapelle-Basse-Mer|47.2721|-1.3382|7057
Trégunc|47.8545|-3.8514|7050
Saint-Ismier|45.2482|5.8262|7048
Fontaines-sur-Saône|45.8326|4.8488|7047
Vendargues|43.6568|3.9687|7044
Linas|48.6306|2.2702|7032
Schübelbach|47.1727|8.9287|7030
Houdain|50.4524|2.5379|7030
Bubikon|47.2683|8.8192|7027
Soultz-Haut-Rhin|47.887|7.2288|7027
Bourbourg|50.9467|2.1974|7023
Colombelles|49.2041|-0.2972|7022
Jenbach|47.3915|11.7717|7021
Vieux-Habitants|16.0593|-61.7637|7014
Saint-André-des-Eaux|47.3161|-2.3099|7013
Labenne|43.5977|-1.4281|7007
Grosuplje|45.9572|14.6555|7000
Ravne na Koroškem|46.5447|14.9623|7000
Bagnères-de-Bigorre|43.0658|0.1531|7000
Beaufort-en-Anjou|47.44|-0.2162|6994
Strasshof an der Nordbahn|48.3189|16.6429|6993
Wissous|48.7316|2.3269|6991
Escalquens|43.5183|1.562|6986
Liancourt|49.3312|2.4659|6983
Uckange|49.3008|6.1589|6976
Gandra|41.1963|-8.436|6974
Altach|47.3545|9.6519|6970
Kervignac|47.7636|-3.2389|6966
Notre-Dame-de-Bondeville|49.4884|1.0487|6957
Pleurtuit|48.5815|-2.0591|6953
Orgeval|48.9175|1.9698|6948
Trévoux|45.9412|4.7735|6947
Le Mesnil-Saint-Denis|48.7416|1.9597|6929
Le Cateau-Cambrésis|50.1058|3.5417|6929
Rosny-sur-Seine|49.0017|1.628|6929
Brech|47.7216|-2.9969|6924
Quesnoy-sur-Deûle|50.7122|3.0008|6920
Saint-Bonnet-de-Mure|45.6945|5.0225|6920
Saint-Rambert-d'Albon|45.292|4.8148|6913
Plédran|48.4434|-2.7422|6910
Rabat|36.0429|14.2398|6901
Les Trois Bassins|-21.1044|55.2981|6899
Loos-en-Gohelle|50.4576|2.7926|6896
Divion|50.4694|2.5072|6893
Le Coteau|46.0205|4.092|6889
Acigné|48.1334|-1.5341|6888
Eyguières|43.6951|5.0297|6887
Courtry|48.9157|2.6024|6885
Gournay-sur-Marne|48.8598|2.5769|6882
Étables-sur-Mer|48.6277|-2.8358|6881
Nérac|44.1354|0.3393|6881
Chessy|48.8799|2.7658|6875
Gstaad|46.4722|7.2887|6874
Chabeuil|44.9004|5.0187|6873
Saanen|46.4898|7.2616|6871
Morteau|47.0569|6.6047|6867
Étréchy|48.4931|2.1909|6866
Sathonay-Camp|45.8244|4.8748|6858
Villemandeur|47.9838|2.7082|6846
Mürzzuschlag|47.6054|15.6724|6842
Straßwalchen|47.9802|13.2555|6842
Sénas|43.7447|5.0786|6838
Montluel|45.8498|5.0568|6838
Gratkorn|47.1326|15.3391|6828
Surgères|46.1053|-0.7511|6825
Saint-Yrieix-la-Perche|45.5127|1.2033|6825
Jacou|43.6612|3.9108|6823
La Plaine des Palmistes|-21.1361|55.64|6821
Courdimanche|49.0355|1.9996|6816
Castelnau-d'Estrétefonds|43.7825|1.3591|6814
Buchs ZH|47.4581|8.4379|6808
Sieghartskirchen|48.256|16.0118|6808
Viriat|46.2533|5.2168|6808
Buchrain|47.0941|8.3473|6807
Caussade|44.1608|1.5365|6804
Liezen|47.5677|14.2421|6803
Gaillon|49.1606|1.3336|6801
Nanteuil-lès-Meaux|48.9306|2.8989|6800
Zirl|47.2734|11.2422|6796
Gémenos|43.2962|5.6295|6794
Valognes|49.5091|-1.4706|6791
Oberglatt|47.4768|8.5204|6789
Beuvrages|50.3856|3.5072|6784
Les Essarts-le-Roi|48.7176|1.8946|6775
Schwarzenburg|46.8179|7.3412|6773
Nyons|44.3612|5.1409|6771
Auvers-sur-Oise|49.0704|2.1718|6763
Honfleur|49.4197|0.2339|6761
Moëlan-sur-Mer|47.8134|-3.631|6756
Feignies|50.2954|3.9144|6752
Carnoux-en-Provence|43.2583|5.5655|6747
Saint-Julien-les-Villas|48.2735|4.0984|6745
Loudun|47.0102|0.0818|6743
Montfort-sur-Meu|48.1373|-1.9551|6742
Saint-Pol-de-Léon|48.685|-3.9869|6741
Othis|49.078|2.6706|6739
Douvaine|46.306|6.3025|6738
Bad Hofgastein|47.1703|13.1061|6726
Hainburg an der Donau|48.1466|16.9422|6725
Domène|45.2013|5.8389|6720
Cassis|43.214|5.5396|6720
Contres|47.418|1.4281|6719
St. Margrethen SG|47.451|9.641|6718
Völs|47.2523|11.3279|6713
Saint-Jean-d'Angély|45.9446|-0.5196|6705
Templeuve-en-Pévèle|50.5326|3.1741|6705
Grenay|50.4483|2.7397|6704
Frastanz|47.2154|9.6319|6699
Ploeren|47.6554|-2.8691|6699
Vigneux-de-Bretagne|47.3268|-1.7369|6692
Bouchemaine|47.4235|-0.6085|6690
Changé|47.9875|0.2839|6686
Montauroux|43.6179|6.7652|6685
Plouguerneau|48.6063|-4.5068|6682
Luisant|48.4231|1.4684|6682
Sury-le-Comtal|45.5382|4.183|6681
Hörbranz|47.5548|9.7514|6674
Mangualde|40.6035|-7.7656|6672
Longué-Jumelles|47.3763|-0.1105|6671
Cadaujac|44.7552|-0.5301|6671
Cambo-les-Bains|43.3609|-1.3995|6669
Combani|-12.7872|45.1326|6665
Uetikon am See|47.2694|8.6832|6663
Frutigen|46.5874|7.6444|6661
Brindas|45.7206|4.6941|6661
Luxeuil-les-Bains|47.8172|6.3809|6659
Noyelles-sous-Lens|50.4308|2.876|6659
Frohnleiten|47.2715|15.326|6655
Cournonterral|43.5579|3.7189|6654
Gignac|43.6523|3.5512|6650
Montech|43.9578|1.2306|6650
Saint-Victoret|43.4194|5.2369|6648
Oensingen|47.2875|7.711|6636
Puilboreau|46.1851|-1.1177|6635
Estremoz|38.8433|-7.5869|6635
Bouillante|16.132|-61.77|6634
Horn|48.6637|15.6563|6632
Saint-Pierre-d'Oléron|45.9438|-1.3061|6627
Rives|45.3501|5.5047|6622
La Bassée|50.5316|2.8047|6622
Loriol-sur-Drôme|44.7518|4.8223|6619
Neuves-Maisons|48.6156|6.1035|6619
Gueugnon|46.6005|4.0634|6616
Ambert|45.5504|3.7426|6616
Itteville|48.5145|2.3418|6603
Aidussina|45.8886|13.9049|6600
Brežice|45.9039|15.5931|6600
Saint-Juéry|43.9491|2.2097|6600
La Mulatière|45.7292|4.8096|6595
Champigneulles|48.7342|6.1651|6594
Eu|50.0492|1.4176|6591
Marsillargues|43.665|4.1792|6587
Heimberg|46.7871|7.6059|6585
Épône|48.9574|1.8127|6585
Héric|47.4144|-1.6523|6585
Bouffémont|49.0431|2.2991|6584
Saulx-les-Chartreux|48.692|2.2665|6583
Kerns|46.9008|8.2753|6581
Neufchâteau|48.3553|5.6947|6580
Les Abrets|45.539|5.5879|6576
Porrentruy|47.4171|7.0761|6574
Echallens|46.6381|6.6347|6572
Inzinzac-Lochrist|47.8435|-3.2663|6571
La Penne-sur-Huveaune|43.2811|5.5154|6569
Pressbaum|48.1792|16.0771|6568
Veigné|47.287|0.741|6568
Meung-sur-Loire|47.8269|1.6968|6567
Gigean|43.5008|3.7108|6565
Saint-Jean-Bonnefonds|45.4495|4.445|6563
Jœuf|49.2302|6.0092|6560
Saint-Mars-la-Jaille|47.5235|-1.1854|6559
Saint-Maurice-l'Exil|45.397|4.775|6555
Garsten|48.0222|14.4078|6552
Laneuveville-devant-Nancy|48.6563|6.2314|6551
Muri|47.2757|8.3378|6545
Absam|47.2965|11.5051|6543
Le Perray-en-Yvelines|48.6925|1.8539|6543
Saint-Rémy|46.7719|4.8282|6541
La Chevrolière|47.0937|-1.6118|6539
Schladming|47.394|13.6868|6538
Labruguière|43.5403|2.2634|6538
Fronton|43.8403|1.3903|6538
St. Martin|48.2387|14.2612|6536
Canohès|42.6534|2.8371|6534
Lochau|47.5294|9.7534|6530
Marange-Silvange|49.2161|6.1164|6527
Capriasca|46.0674|8.9715|6524
Castries|43.6779|3.9869|6523
Neuhofen an der Krems|48.138|14.2285|6521
Villers-Saint-Paul|49.2884|2.4919|6521
Cognin|45.5587|5.8934|6520
Chalonnes-sur-Loire|47.3516|-0.7631|6519
Brioude|45.2939|3.3854|6518
Frouard|48.7602|6.1294|6511
Laudun|44.1057|4.6572|6511
Eaunes|43.4247|1.3569|6510
Lentilly|45.8179|4.6634|6508
Le Péage-de-Roussillon|45.3733|4.7962|6508
Saint-Laurent-Blangy|50.2994|2.8016|6507
La Montagne|47.1858|-1.6846|6505
Litija|46.0576|14.8314|6500
Zagorje ob Savi|46.1342|14.9953|6500
Losone|46.168|8.7634|6499
Sainte-Livrade-sur-Lot|44.3986|0.5892|6496
Estaires|50.644|2.7227|6496
Wilhelmsburg|48.1051|15.6058|6489
Cuincy|50.3821|3.0452|6472
La Tronche|45.209|5.7457|6470
Bréal-sous-Montfort|48.0514|-1.8677|6469
Dornach|47.4806|7.6177|6468
Condom|43.9561|0.3743|6466
Oberengstringen|47.4091|8.4627|6464
Cormontreuil|49.2234|4.0534|6456
Bonsecours|49.4222|1.124|6455
Trimbach|47.3631|7.9023|6454
Saint-Alban|43.6923|1.4136|6454
Louhans-Châteaurenaud|46.6291|5.2232|6454
L'Arbresle|45.8362|4.6166|6453
Mehun-sur-Yèvre|47.1462|2.2214|6448
Péronnas|46.1798|5.2036|6448
Oberwart/Felsőőr|47.2862|16.2124|6442
Arès|44.7676|-1.138|6441
Pasching|48.2576|14.2044|6440
Merville|43.7213|1.2979|6440
Elven|47.7326|-2.5906|6436
Kremsmünster|48.0534|14.1288|6435
Behren-lès-Forbach|49.1716|6.9352|6433
M'Tsangamouji|-12.7602|45.0877|6432
Limours|48.6458|2.0771|6431
Saint-Alban-Leysse|45.5812|5.9558|6429
Saint-Flour|45.0335|3.0931|6423
Saint-Florent-sur-Cher|46.9922|2.2551|6419
Bischofszell|47.4938|9.2409|6417
Longpont-sur-Orge|48.6426|2.292|6417
Labarthe-sur-Lèze|43.4524|1.4005|6415
Collinée|48.3007|-2.5201|6413
Montauban-de-Bretagne|48.1999|-2.0462|6410
Embrun|44.5642|6.4958|6404
Nenzing|47.1832|9.6995|6402
Esbly|48.901|2.8131|6402
Marignier|46.0904|6.4993|6401
Changé|48.0997|-0.7872|6397
Frenkendorf|47.5029|7.7138|6394
Moudon|46.6681|6.8003|6393
La Flocellière|46.8302|-0.8624|6391
Würenlos|47.4421|8.3618|6388
Avallon|47.4885|3.9071|6387
Thyez|46.0829|6.5399|6379
Ceyrat|45.7329|3.0669|6373
Chasse-sur-Rhône|45.5789|4.8115|6372
Châtel-Saint-Denis|46.5265|6.8997|6363
Ploudalmézeau|48.541|-4.6577|6358
Saint-Pathus|49.0745|2.7942|6358
Wimereux|50.7697|1.6119|6358
Louvroil|50.2645|3.9623|6357
Lezoux|45.8281|3.3805|6357
Champagne-sur-Seine|48.3949|2.8029|6356
Jassans-Riottier|45.9848|4.7569|6355
Thal|47.4694|9.563|6351
Sciez|46.3314|6.3753|6351
Gouesnou|48.4517|-4.4654|6347
Plonéour-Lanvern|47.9031|-4.2826|6347
Givet|50.1363|4.8249|6347
Saint-André-de-Sangonis|43.65|3.5021|6344
Silves|37.1894|-8.4396|6344
Sainte-Rose|-21.1277|55.7923|6343
La Bouilladisse|43.3934|5.5955|6341
Rupperswil|47.4027|8.1274|6337
Vezin-le-Coquet|48.1195|-1.7571|6337
La Membrolle-sur-Longuenée|47.5616|-0.6724|6334
Seeboden|46.8191|13.5187|6325
Le Mesnil-le-Roi|48.9397|2.1288|6322
Izon|44.9201|-0.363|6320
Arpajon-sur-Cère|44.9034|2.457|6315
Bottmingen|47.5235|7.5749|6314
Rio Maior|39.3365|-8.9364|6306
Horbourg-Wihr|48.0806|7.4002|6301
Grabs|47.1817|9.4446|6297
Châtel-Guyon|45.9205|3.0611|6294
Nandy|48.5814|2.564|6294
Estavayer-le-Lac|46.8496|6.8477|6291
Herrliberg|47.2906|8.6125|6289
Auneau|48.4631|1.7753|6288
Saint-Jorioz|45.8334|6.1643|6287
Trans-en-Provence|43.5039|6.4867|6285
Poussan|43.4887|3.6705|6283
Mornant|45.6194|4.6706|6274
Mazan|44.0566|5.1281|6269
Hombourg-Haut|49.1241|6.7746|6267
Saint-Thibault-des-Vignes|48.8684|2.6877|6266
Ruswil|47.0839|8.1262|6262
Terrasson-Lavilledieu|45.1292|1.3019|6261
Lutterbach|47.76|7.2814|6261
Saint-Marcel-lès-Valence|44.9712|4.9542|6252
Lallaing|50.3865|3.1692|6250
Saint-Girons|42.9842|1.1464|6250
Homécourt|49.225|5.9926|6247
Rothenburg|47.094|8.2724|6239
Mer|47.7084|1.5063|6235
Belleville-sur-Vie|46.7842|-1.43|6235
Fouquières-lès-Lens|50.4298|2.9131|6233
Bon-Encontre|44.1862|0.6684|6233
Pecquencourt|50.3776|3.2151|6232
Mels|47.0467|9.4193|6230
Baud|47.8759|-3.0199|6228
Châtelaillon-Plage|46.0739|-1.0904|6227
Chatuzange-le-Goubet|45.0062|5.0899|6227
Plescop|47.698|-2.8062|6225
Aire-sur-l'Adour|43.7006|-0.2647|6220
Asten|48.2202|14.4215|6219
Petite-Rosselle|49.2075|6.8489|6216
Le Lavandou|43.1384|6.3701|6216
Bonchamp-lès-Laval|48.0747|-0.6992|6211
Vouneuil-sous-Biard|46.5733|0.2729|6210
Esvres|47.2846|0.7862|6208
Quiévrechain|50.3956|3.67|6208
Wahlern|46.8271|7.3531|6205
Le Blanc|46.6332|1.0632|6204
Combourg|48.4104|-1.7501|6203
Saint-Marcel|46.7759|4.8876|6199
Migné-Auxances|46.6267|0.3114|6197
Bouillargues|43.8007|4.4248|6192
Bouéni|-12.9107|45.0801|6189
Saint-Pryvé-Saint-Mesmin|47.8803|1.8698|6185
La Verrière|48.7555|1.9555|6183
Saint-Genest-Lerpt|45.4461|4.3361|6183
Loches|47.1282|0.998|6180
Corbie|49.9083|2.5111|6177
Marennes|45.8211|-1.1082|6175
Mallemort|43.7315|5.1803|6172
Aurec-sur-Loire|45.3698|4.2009|6171
Villemur-sur-Tarn|43.865|1.504|6170
Bretteville-l'Orgueilleuse|49.2132|-0.5151|6169
Ambilly|46.196|6.2225|6166
Biasca|46.3606|8.9714|6164
Saint-Priest-en-Jarez|45.4734|4.3793|6164
Jonage|45.7965|5.0476|6160
Livarot|49.0053|0.152|6158
Condé-sur-Noireau|48.8496|-0.5514|6157
Magnanville|48.9681|1.6847|6155
Anadia|40.4427|-8.436|6148
Hersin-Coupigny|50.4493|2.6497|6147
Châtenoy-le-Royal|46.7946|4.8146|6145
Damville|48.8698|1.0739|6145
Malaunay|49.5281|1.0403|6143
Pluneret|47.6757|-2.9571|6140
Bolligen|46.9756|7.4983|6138
Thoiry|46.2362|5.9804|6136
Saint-Quentin-Fallavier|45.6315|5.1106|6129
Seixal|38.6422|-9.1073|6128
Malters|47.0384|8.1831|6127
Trith-Saint-Léger|50.3246|3.4846|6124
Prades|42.6181|2.4231|6124
Octeville-sur-Mer|49.5553|0.1162|6122
Pavilly|49.5678|0.9535|6121
Massagno|46.0127|8.9444|6119
Noyal-sur-Vilaine|48.1141|-1.5235|6116
Prades-le-Lez|43.6979|3.8625|6107
Calvisson|43.7853|4.1901|6105
Derendingen|47.1945|7.5866|6096
Pont-de-Chéruy|45.75|5.174|6096
Haute-Goulaine|47.199|-1.4298|6095
Grézieu-la-Varenne|45.748|4.691|6094
Mutzig|48.5395|7.4556|6094
Menucourt|49.0276|1.9816|6093
Lucciana|42.5459|9.4176|6091
Algrange|49.3571|6.0464|6087
Küttigen|47.4195|8.0433|6086
Pierrefeu-du-Var|43.2273|6.1431|6083
Ludres|48.6217|6.1609|6081
Feytiat|45.8097|1.3318|6080
Saint-Mandrier-sur-Mer|43.0761|5.9266|6079
Saint-Martin-de-Seignanx|43.5415|-1.3871|6076
Sargans|47.0483|9.4402|6075
Dzoumogné|-12.7219|45.1203|6075
Guer|47.9044|-2.1204|6068
Rolle|46.4602|6.338|6067
Franqueville-Saint-Pierre|49.4027|1.1825|6067
Saint-Jean-de-Boiseau|47.1953|-1.7249|6067
Vahibé|-12.7909|45.1768|6067
Diepoldsau|47.386|9.6556|6066
Courthézon|44.0867|4.8835|6064
Mortagne-sur-Sèvre|46.9925|-0.9525|6064
Saint-Denis-lès-Bourg|46.2021|5.1906|6063
Gloggnitz|47.6758|15.9374|6062
Raon-l'Étape|48.407|6.8437|6061
Saint-Just-en-Chaussée|49.5052|2.4338|6060
Commentry|46.2901|2.744|6059
Macedo de Cavaleiros|41.5362|-6.956|6054
Le Barcarès|42.7947|3.0335|6049
Vendenheim|48.6656|7.711|6042
Villeneuve|46.3966|6.9248|6039
Loon-Plage|50.9946|2.2192|6039
Belin-Béliet|44.4931|-0.7907|6039
Thizy|46.0291|4.3127|6036
Lavelanet|42.9332|1.8487|6035
Ciboure|43.3844|-1.6676|6033
Furiani|42.6585|9.4151|6032
Maule|48.908|1.8505|6024
Sainte-Sigolène|45.2425|4.236|6023
Alcobaça|39.5519|-8.9763|6017
Fleurance|43.8493|0.6641|6012
Blanzy|46.7037|4.39|6012
Lagoa|37.1363|-8.4541|6010
Montdidier|49.646|2.5702|6009
Nendaz|46.1867|7.3051|6005
Hollabrunn|48.5625|16.0798|6005
Quint-Fonsegrives|43.5855|1.5283|6005
Radovljica|46.3435|14.172|6000
Idria|46.0024|14.0273|6000
Luc-la-Primaube|44.3143|2.5347|6000
Dourges|50.434|2.9844|5997
Hörsching|48.2265|14.1783|5996
Sains-en-Gohelle|50.4473|2.6834|5995
Écos|49.1579|1.6052|5990
Milhaud|43.7897|4.3084|5987
Oraison|43.9166|5.9199|5981
Bois-le-Roi|48.4755|2.694|5979
Roost-Warendin|50.4144|3.1017|5976
Saint-Symphorien-d'Ozon|45.6329|4.8558|5965
Dompierre-sur-Mer|46.1873|-1.0654|5961
Reiden|47.246|7.973|5958
Tain-l'Hermitage|45.0713|4.8371|5958
Bruguières|43.7277|1.4111|5957
Donzère|44.4442|4.7073|5952
Uetendorf|46.7741|7.5694|5950
Seiersberg|47.0122|15.3996|5950
Gond-Pontouvre|45.6677|0.1671|5950
Le Palais-sur-Vienne|45.865|1.3242|5947
Ablon-sur-Seine|48.7248|2.4216|5946
Naintré|46.7639|0.4824|5944
Gournay-en-Bray|49.4825|1.7242|5944
Champagne-au-Mont-d'Or|45.7955|4.7895|5936
Meyreuil|43.4867|5.4952|5935
Mûrs-Erigné|47.3992|-0.5361|5935
Sarrians|44.0831|4.9717|5932
Saint-Zacharie|43.3839|5.708|5931
Kaala-Gomen|-20.6679|164.396|5931
Vaison-la-Romaine|44.2408|5.0757|5929
Mouroux|48.8214|3.0375|5928
Abtenau|47.5642|13.346|5927
Meggen|47.0471|8.3734|5923
Buc|48.7739|2.1259|5920
Montmorillon|46.425|0.8682|5919
Dielsdorf|47.481|8.4543|5917
Saint-Denis-de-Pile|44.9918|-0.2054|5916
Saint-Martin-au-Laërt|50.7545|2.235|5916
Canéjan|44.7627|-0.6541|5916
Gallneukirchen|48.3531|14.4164|5915
Solliès-Toucas|43.2058|6.0252|5912
Bons-en-Chablais|46.2649|6.3703|5907
Noyelles-Godault|50.4198|2.9965|5906
Port-la-Nouvelle|43.0204|3.0465|5905
Melle|46.2232|-0.1429|5904
Saint-Cyr-au-Mont-d'Or|45.8157|4.8176|5900
Aubignan|44.0992|5.0243|5894
La Wantzenau|48.6583|7.8278|5894
Romont FR|46.692|6.9155|5891
Gévezé|48.2205|-1.7896|5890
Fayence|43.6239|6.6949|5890
Kirchberg BE|47.0852|7.5816|5889
Vétroz|46.2253|7.2813|5888
Pointe-Noire|16.2328|-61.7896|5888
Vias|43.3108|3.4202|5882
Erdre-en-Anjou|47.6009|-0.8347|5882
Palavas-les-Flots|43.5278|3.9315|5881
Blainville-sur-Orne|49.2283|-0.3003|5876
Benfeld|48.3707|7.5952|5870
Saint-Arnoult-en-Yvelines|48.5726|1.9351|5870
Bricquebec|49.4717|-1.6321|5867
Poum|-20.2317|164.0299|5864
Roquefort-la-Bédoule|43.2475|5.5916|5861
Himberg|48.082|16.4398|5857
Grand-Charmont|47.5276|6.823|5857
Ondres|43.5652|-1.4539|5855
Noves|43.8762|4.9012|5853
Simiane-Collongue|43.4284|5.4372|5849
Fontenilles|43.5527|1.1911|5849
Mourenx|43.3709|-0.6294|5846
Lesparre-Médoc|45.3082|-0.9379|5844
Saint-Galmier|45.5903|4.3184|5842
Saint-Prex|46.4809|6.4586|5841
Le Poinçonnet|46.7642|1.7178|5840
Aixe-sur-Vienne|45.7968|1.1362|5839
Balsthal|47.314|7.6948|5836
Doullens|50.1572|2.3411|5835
Montpon-Ménestérol|45.0081|0.1621|5834
Le Puy-Sainte-Réparade|43.6629|5.4355|5830
Ostricourt|50.4539|3.0315|5829
Saintry-sur-Seine|48.5926|2.4963|5829
Marnaz|46.059|6.5265|5827
Thouarcé|47.267|-0.5031|5826
Saint-Martin-le-Vinoux|45.2089|5.7056|5825
Saint-Pierre-d'Irube|43.4731|-1.4475|5822
Jegenstorf|47.0498|7.5086|5820
Saint-Mitre-les-Remparts|43.4529|5.0141|5816
Revin|49.9421|4.6375|5815
Fontaine-Milon|47.5018|-0.2477|5815
Taravao|-17.7257|-149.3135|5815
Jouars-Pontchartrain|48.8031|1.9002|5814
Annezin|50.5415|2.6193|5813
Clapiers|43.6567|3.8869|5811
Lannemezan|43.1252|0.3842|5810
Nogent-sur-Seine|48.4924|3.4978|5809
Briec|48.1019|-3.9997|5808
Château-du-Loir|47.6951|0.4179|5805
Fismes|49.3072|3.6803|5803
Cernomegli|45.5701|15.1923|5800
Lengnau BE|47.1821|7.3661|5798
Nieul-sur-Mer|46.2069|-1.1639|5798
Douvrin|50.5102|2.8318|5795
Magny-en-Vexin|49.1554|1.7864|5788
Zermatt|46.0212|7.7493|5786
Seloncourt|47.4617|6.8593|5784
Plouay|47.9138|-3.3327|5784
Sant'Andrea|43.7373|7.2873|5782
Grand-Champ|47.7584|-2.8453|5782
Peseux|46.9887|6.8907|5778
Bédarieux|43.6155|3.1574|5778
Ybbs an der Donau|48.1772|15.0853|5777
Fegersheim|48.4897|7.6798|5777
Rabastens|43.8212|1.724|5775
Wasselonne|48.6373|7.4473|5774
Courtepin|46.866|7.1229|5772
Riantec|47.7119|-3.3088|5772
Reguengos de Monsaraz|38.4244|-7.5347|5769
Cantanhede|40.3462|-8.594|5769
Ensuès-la-Redonne|43.3557|5.2036|5768
Longueau|49.8703|2.3574|5767
Dol-de-Bretagne|48.5498|-1.7543|5767
Mettmenstetten|47.2435|8.4637|5763
Gannat|46.0996|3.1995|5759
Deuchendorf|47.4649|15.3196|5757
Fontenay-Trésigny|48.71|2.8722|5757
Gelterkinden|47.464|7.8544|5754
Bédarrides|44.0407|4.8983|5753
Appenzell|47.33|9.4099|5751
Coursan|43.2347|3.0585|5751
Niederuzwil|47.4452|9.1422|5749
Aimargues|43.6849|4.2095|5749
Saint-Hilaire-du-Harcouët|48.5768|-1.0927|5747
Eschau|48.4857|7.7153|5746
Calvi|42.5677|8.7589|5746
Nègrepelisse|44.0761|1.5225|5743
Carbonne|43.2958|1.2251|5737
Chambourcy|48.9059|2.0396|5736
La Crèche|46.3624|-0.2971|5732
Valdahon|47.1507|6.3414|5724
Boé|44.1606|0.6294|5723
Bohain-en-Vermandois|49.9867|3.4548|5721
La Valletta|35.899|14.5137|5721
Mondelange|49.262|6.1683|5720
Reutte|47.4891|10.7188|5719
Saint-Michel-Chef-Chef|47.1817|-2.1498|5714
Bannalec|47.9325|-3.6981|5713
Missillac|47.482|-2.1591|5709
Carry-le-Rouet|43.3316|5.1523|5708
Lannilis|48.5696|-4.5215|5708
Aussillon|43.488|2.3554|5706
Bad Ragaz|47.0025|9.5016|5705
Wormhout|50.8828|2.4687|5705
Dainville|50.2808|2.7226|5703
Regau|47.9919|13.6881|5701
Hrastnik|46.1456|15.0817|5700
Vassy|48.853|-0.6755|5699
Liverdun|48.7495|6.063|5694
Ligné|47.4123|-1.3769|5693
Zell|47.448|8.8228|5690
Pouébo|-20.3908|164.5778|5687
Arradon|47.628|-2.8229|5685
Papaichton|3.809|-54.1506|5684
Marly-la-Ville|49.0824|2.5034|5681
Mondonville|43.6714|1.2862|5680
Saleilles|42.6555|2.9491|5671
Marolles-en-Hurepoix|48.5623|2.2987|5667
Rüschlikon|47.3075|8.5546|5664
L'Isle-d'Espagnac|45.6636|0.1977|5662
Cuges-les-Pins|43.2748|5.7015|5662
Roye|49.6986|2.7931|5662
Santes|50.5977|2.9555|5660
Oye-Plage|50.9809|2.042|5656
Le Barp|44.6063|-0.7697|5654
Saint-Cannat|43.6207|5.2968|5653
Rungis|48.7484|2.3473|5647
Unterseen|46.6872|7.8496|5646
Kembs|47.6896|7.5048|5643
Flers-en-Escrebieux|50.3978|3.0614|5642
Villevêque|47.5601|-0.4231|5641
Sainghin-en-Weppes|50.563|2.8997|5641
Viry|46.1162|6.038|5635
Villennes-sur-Seine|48.9404|1.9988|5628
Tournus|46.5617|4.9122|5627
Lèves|48.4782|1.4787|5623
Delle|47.5065|6.9998|5623
Gan|43.2271|-0.3878|5622
Saint-Laurent-de-Mure|45.6873|5.0461|5621
Vergèze|43.7427|4.2204|5621
Vendeuvre-du-Poitou|46.7346|0.309|5620
Challes-les-Eaux|45.5483|5.9832|5617
Peypin|43.3838|5.5779|5613
Hergiswil NW|46.9841|8.3105|5611
Flines-lez-Raches|50.4269|3.1834|5610
Parmain|49.1142|2.209|5610
Cloyes-les-Trois-Rivières|47.9972|1.2342|5609
Le Port-Marly|48.881|2.1091|5608
Altkirch|47.6238|7.2402|5608
Saint-Gervais-les-Bains|45.8929|6.7113|5602
La Cadière-d'Azur|43.196|5.755|5602
Saint-Georges-d'Orques|43.6106|3.7788|5600
La Gorgue|50.6373|2.7134|5599
Wangen b. Olten|47.3418|7.8709|5598
Wallers|50.3731|3.3915|5598
Pouzauges|46.783|-0.8369|5597
Fenouillet|43.6789|1.3912|5595
Nouzonville|49.8144|4.7446|5592
Wildon|46.8873|15.5145|5589
Santiago do Cacém|38.0185|-8.6938|5585
La Ville-aux-Dames|47.3943|0.7684|5584
Wangen SZ|47.1923|8.8954|5583
Sigean|43.029|2.9809|5583
Beauvoisin|43.7189|4.3234|5581
Oberndorf bei Salzburg|47.9399|12.9461|5578
Kaiseraugst|47.54|7.723|5576
Ernée|48.2968|-0.9351|5576
Port-Louis|16.4184|-61.5289|5576
Bessan|43.3607|3.4263|5572
Oliveira do Hospital|40.3595|-7.8617|5572
Vaugneray|45.7369|4.6585|5571
Tsoundzou 1|-12.8072|45.2051|5570
Nueil-les-Aubiers|46.9436|-0.5921|5566
Ambazac|45.9582|1.4019|5558
Niederbipp|47.2685|7.6933|5557
Beaucouzé|47.4763|-0.6367|5557
Oberhausbergen|48.6057|7.6858|5556
Gray|47.4456|5.592|5551
Montrond-les-Bains|45.6433|4.2299|5550
Épernon|48.6102|1.6772|5549
Fislisbach|47.437|8.2899|5548
Colombier NE|46.9665|6.8599|5547
Kindberg|47.505|15.4499|5546
Guînes|50.8691|1.8704|5545
Erlenbach ZH|47.3038|8.5921|5542
Ille-sur-Têt|42.671|2.6225|5538
Piolenc|44.1786|4.7628|5536
Chevreuse|48.708|2.0408|5536
Teufen AR|47.3928|9.3947|5535
Saint-Sébastien-de-Morsent|49.0068|1.0891|5530
Fenain|50.367|3.2992|5529
Sausheim|47.788|7.3721|5528
Étoile-sur-Rhône|44.8364|4.8934|5526
Roquemaure|44.0524|4.7788|5526
Boulay-Moselle|49.1842|6.4935|5524
Saint-Mars-du-Désert|47.3667|-1.4052|5523
Oberuzwil|47.43|9.1224|5521
Genay|45.897|4.8404|5520
St. Florian|48.2073|14.3816|5518
Neuenkirch|47.1002|8.203|5517
Beaurains|50.2632|2.7887|5515
Menziken|47.2409|8.1873|5511
Lardy|48.5205|2.2654|5509
Niederglatt ZH|47.4918|8.503|5507
Kani-Kéli|-12.9565|45.1053|5507
La Verrie|46.9619|-0.9939|5506
Interlaken|46.6855|7.8585|5504
Ternay|45.6066|4.8088|5503
La Glacerie|49.6082|-1.5723|5501
Noyant|47.5126|0.114|5501
Glarona|47.0422|9.0674|5500
Sesana|45.7092|13.8731|5500
Montbonnot-Saint-Martin|45.2264|5.8027|5495
Le Cendre|45.7206|3.1856|5494
Marles-les-Mines|50.5019|2.506|5493
Ventabren|43.5385|5.2926|5484
Foulayronnes|44.2391|0.6471|5484
Frick|47.5075|8.0203|5483
Saint-Martin-d'Uriage|45.1507|5.8383|5483
Arnage|47.927|0.1889|5482
Saint-Privat-des-Vieux|44.1421|4.1286|5482
Aubigny-sur-Nère|47.4887|2.4382|5476
Adligenswil|47.0705|8.3682|5475
Pourrières|43.5036|5.7343|5474
Chazelles-sur-Lyon|45.6376|4.389|5472
Orgères|48.0032|-1.6679|5471
Mellingen|47.4195|8.2747|5466
Kerzers|46.9756|7.1959|5466
Pont-Évêque|45.5303|4.9126|5466
Calonne-Ricouart|50.487|2.4818|5463
Waidhofen an der Thaya|48.8146|15.2845|5459
Sauvian|43.2917|3.2548|5459
Lieboch|46.9749|15.3338|5457
Villabé|48.5886|2.4545|5457
Chagny|46.9106|4.7523|5454
Sillingy|45.9471|6.036|5453
Goldau|47.0512|8.5508|5437
La Roquette-sur-Siagne|43.5811|6.9557|5436
Quincy-Voisins|48.8997|2.8789|5435
Cancale|48.6772|-1.8507|5435
Neftenbach|47.5282|8.668|5434
Saint-Memmie|48.9512|4.3847|5434
Neuville-de-Poitou|46.6852|0.2451|5429
Ascona|46.1554|8.7708|5423
Caumont-sur-Durance|43.8939|4.9457|5422
Rocbaron|43.304|6.091|5422
Tadine|-21.5483|167.8823|5417
Reichshoffen|48.9336|7.6675|5416
Trèbes|43.2108|2.4413|5416
Saint-Pierre-lès-Nemours|48.2637|2.687|5416
Coulogne|50.9254|1.8876|5414
Ploumagoar|48.5447|-3.1316|5411
Bordères-sur-l'Échez|43.2584|0.0501|5407
Saint-Gilles|48.1539|-1.83|5402
Pollestres|42.6421|2.8709|5402
Ohlsdorf|47.9611|13.7928|5400
Buochs|46.974|8.4206|5398
La Ferrière|46.7142|-1.3133|5398
La Mothe-Achard|46.618|-1.6592|5391
Cilaos|-21.1361|55.4725|5390
Audruicq|50.8786|2.0752|5388
Viarmes|49.1259|2.3694|5386
Saint-Xandre|46.2051|-1.102|5384
Seia|40.4201|-7.7028|5383
Lindau|47.4427|8.6723|5379
Châtillon-sur-Seine|47.8607|4.5749|5378
La Roque-d'Anthéron|43.7151|5.3122|5377
Heillecourt|48.6531|6.1948|5377
Aiffres|46.2862|-0.4164|5377
Uznach|47.2251|8.9856|5369
Marcheprime|44.692|-0.8534|5367
Hopfgarten im Brixental|47.4505|12.1559|5365
Parigné-l'Évêque|47.9324|0.3763|5365
Greifensee|47.3662|8.6787|5360
Rosheim|48.4964|7.4699|5360
Erquinghem-Lys|50.6768|2.8477|5356
Crégy-lès-Meaux|48.9779|2.8744|5354
Plouhinec|47.6976|-3.251|5354
Purgstall|48.0577|15.1352|5353
Ludon-Médoc|44.9819|-0.6037|5352
Dechy|50.3549|3.1299|5351
Alcácer do Sal|38.373|-8.5123|5347
Gunskirchen|48.1335|13.9427|5344
Saint-Pierre|46.7775|-56.1769|5340
Coublevie|45.3558|5.616|5339
Servian|43.427|3.2984|5337
Plessé|47.5417|-1.8865|5335
Sevelen|47.1206|9.4869|5328
Sissach|47.4635|7.8126|5325
Breitenfurt|48.1353|16.161|5323
Garéoult|43.3293|6.0457|5322
Le Boulou|42.5255|2.8336|5321
Saint-Astier|45.1446|0.5294|5320
Fehraltorf|47.3874|8.752|5319
Le Pellerin|47.1999|-1.755|5319
Commercy|48.7632|5.5915|5319
Axams|47.2308|11.2793|5318
Farébersviller|49.119|6.8753|5316
La Garnache|46.8915|-1.8297|5316
Ollainville|48.5906|2.2168|5314
Geroldswil|47.4224|8.4118|5312
Vale de Cambra|40.8498|-8.3939|5312
Charbonnières-les-Bains|45.7787|4.7459|5311
Nuits-Saint-Georges|47.1367|4.949|5309
Marsannay-la-Côte|47.2705|4.9884|5309
Bethoncourt|47.5333|6.7985|5308
Sumiswald|47.0286|7.745|5307
Cessy|46.3181|6.0691|5307
Mouy|49.3197|2.3205|5305
Saint-Lyphard|47.399|-2.307|5304
Fleury-sur-Orne|49.1479|-0.3753|5303
Saint-Genis-les-Ollières|45.7601|4.7265|5300
Haag|48.1119|14.5661|5299
Wervicq-Sud|50.7729|3.0498|5299
Jonquières|44.1153|4.9001|5298
Melk|48.2272|15.337|5296
Drusenheim|48.7631|7.9517|5292
Mouguerre|43.4695|-1.415|5291
Mattighofen|48.1031|13.1503|5287
Le Castellet|43.2028|5.7761|5285
Vomp|47.3423|11.6833|5283
Bléré|47.328|0.9918|5280
Thalheim bei Wels|48.1522|14.031|5278
Grans|43.6068|5.0634|5274
Pinkafeld|47.3725|16.1234|5272
Bonstetten|47.3155|8.4671|5260
Barberaz|45.5582|5.9421|5260
Valence d'Agen|44.1111|0.8903|5256
Loison-sous-Lens|50.4395|2.8615|5255
Le Lion-d'Angers|47.627|-0.7131|5254
Gebenstorf|47.482|8.2409|5249
Pont-Sainte-Marie|48.3174|4.1014|5249
Alkoven|48.2877|14.1071|5244
Guémené-Penfao|47.6294|-1.8329|5243
Vic-le-Comte|45.6433|3.2433|5242
Drappo|43.7556|7.3202|5238
Valdoie|47.6652|6.8414|5236
Villers-le-Lac|47.0612|6.6691|5228
Kirchberg in Tirol|47.4476|12.3144|5223
Scaër|48.0268|-3.702|5223
Peyrolles-en-Provence|43.6466|5.5836|5223
Mormant|48.6066|2.8904|5222
Mulsanne|47.9069|0.2461|5220
Saint-Chéron|48.5543|2.1244|5220
Seon|47.346|8.1594|5219
Mériel|49.0791|2.2048|5213
Gambsheim|48.692|7.8864|5213
Villette-d'Anthon|45.7945|5.1131|5212
Rousset|43.4807|5.6224|5209
Gauchy|49.8254|3.2815|5204
Gorges|47.1011|-1.3023|5203
Ferrière-la-Grande|50.256|3.9943|5202
Rogaška Slatina|46.233|15.6384|5200
Bled|46.3684|14.1101|5200
Aÿ|49.0535|4.0048|5197
Le Rove|43.3691|5.2496|5194
Aubevoye|49.1744|1.3349|5194
Champniers|45.7146|0.2051|5193
Acoua|-12.7243|45.0589|5192
Préverenges|46.5184|6.5267|5190
Longuyon|49.4461|5.6007|5190
L'Hôpital|49.1609|6.7334|5182
Feldkirchen an der Donau|48.3449|14.0534|5181
Egnach|47.5432|9.3815|5180
Saint-Imier|47.1518|6.9972|5177
Baisieux|50.6149|3.241|5177
Mignaloux-Beauvoir|46.5443|0.4149|5176
Dives-sur-Mer|49.2866|-0.1002|5174
Villerest|45.9939|4.0369|5170
Saint-Georges-de-Didonne|45.6025|-0.9979|5170
Cormelles-le-Royal|49.1546|-0.3324|5170
Brebières|50.3372|3.0224|5169
Zumikon|47.3324|8.6238|5168
La Balme-de-Sillingy|45.9604|6.0409|5167
Morez|46.5203|6.0235|5167
Levenzo|43.8477|7.2401|5165
Genlis|47.2412|5.2214|5165
Bellach|47.2134|7.4983|5163
Séméac|43.2284|0.1046|5161
Sully-sur-Loire|47.7654|2.3739|5161
Tourves|43.4077|5.9243|5160
Condat-sur-Vienne|45.7938|1.2316|5158
Faulquemont|49.0488|6.5958|5155
Decize|46.8284|3.4616|5152
Thayngen|47.747|8.7062|5151
Cazouls-lès-Béziers|43.3919|3.1014|5146
Châteaulin|48.1968|-4.0917|5144
Pulnoy|48.7004|6.2568|5144
Seichamps|48.7145|6.2612|5141
Vernaison|45.6467|4.8099|5140
Locmaria-Plouzané|48.3747|-4.6444|5138
Bassens|45.5816|5.9408|5136
Villeneuve-sur-Yonne|48.082|3.2943|5136
Laillé|47.9784|-1.7199|5131
Cucq|50.4866|1.6246|5130
Penmarc'h|47.8126|-4.3378|5130
Mittelberg|47.3241|10.1545|5127
Marquise|50.8126|1.6996|5120
Saint-Saturnin-lès-Avignon|43.9568|4.9295|5119
Forcalquier|43.9586|5.7804|5118
La Ferté-Macé|48.5895|-0.3585|5116
Pont-l'Évêque|49.285|0.1833|5116
Lenzing an der Ager|47.9731|13.605|5115
Roques|43.5093|1.3759|5115
Souppes-sur-Loing|48.1819|2.7315|5114
Briare|47.6411|2.7413|5113
Strengelbach|47.279|7.929|5112
Spodnji Kocjan|46.6077|16.0358|5112
Bretignolles-sur-Mer|46.6286|-1.8539|5112
Rottenmann|47.5242|14.3586|5111
Decazeville|44.5585|2.2542|5111
Oberkirch LU|47.1557|8.1151|5106
Garons|43.7695|4.4268|5106
Wettswil|47.3391|8.4735|5105
Mamers|48.3506|0.3696|5103
Medvode|46.1402|14.4131|5100
Reyrieux|45.9358|4.822|5098
Pauillac|45.1996|-0.7485|5098
Saint-Brice-en-Coglès|48.4108|-1.3642|5097
Douvres-la-Délivrande|49.2963|-0.3752|5097
Gruissan|43.107|3.0865|5096
Gmünd|48.7729|14.9862|5088
Moulins-lès-Metz|49.1069|6.1075|5088
Tresses|44.8494|-0.4636|5086
Moncoutant|46.7227|-0.5874|5085
Eschenbach SG|47.2402|8.9217|5083
Vaux-sur-Seine|49.0062|1.9636|5083
Château-Arnoux-Saint-Auban|44.0937|6.008|5082
Trilport|48.9586|2.9471|5081
Rohrbach|48.5723|13.9908|5075
Luynes|47.3851|0.5546|5075
Mundolsheim|48.6416|7.715|5074
Mourmelon-le-Grand|49.1373|4.366|5074
Saint-Philippe|-21.3596|55.7677|5074
Gambarogno|46.134|8.8345|5073
Lestrem|50.6216|2.6858|5073
Saint-Étienne-au-Mont|50.6817|1.626|5072
Coubron|48.9166|2.5792|5063
Saint-Marcellin-en-Forez|45.4972|4.167|5060
Billy-Berclau|50.5189|2.8675|5059
Châtillon-sur-Chalaronne|46.1195|4.9567|5059
Schattdorf|46.8637|8.6509|5058
Petite-Forêt|50.3749|3.4783|5058
Saint-Clément-de-Rivière|43.6844|3.8467|5058
Pottschach|47.7039|16.0003|5057
Plouigneau|48.5677|-3.7011|5057
Habsheim|47.7287|7.4165|5055
Schweighouse-sur-Moder|48.8213|7.7358|5050
Sainte-Marie-aux-Mines|48.2477|7.1851|5049
Rambervillers|48.3466|6.6361|5045
Muzillac|47.5539|-2.483|5041
Sommières|43.7831|4.0905|5040
Steyregg|48.2858|14.3722|5039
Bonnières-sur-Seine|49.0375|1.581|5038
Mouilleron-le-Captif|46.7203|-1.4591|5037
Baillif|16.0225|-61.7454|5035
Pfaffenhoffen|48.8442|7.6115|5031
Lacanau|44.9776|-1.0785|5031
Cologny|46.2164|6.1818|5029
Oberrieden|47.2779|8.5762|5027
La Grand-Croix|45.5035|4.5684|5026
Ebbs|47.6309|12.2154|5023
Chavanoz|45.7768|5.171|5023
Florensac|43.3827|3.4631|5022
Champagne-sur-Oise|49.1339|2.2312|5021
Schwerzenbach|47.3816|8.6521|5020
Villenoy|48.9412|2.8597|5019
Surzur|47.5776|-2.6295|5008
Obfelden|47.2618|8.4197|5007
Bogny-sur-Meuse|49.8508|4.7678|5006
Gablitz|48.2279|16.1537|5005
Beaucourt|47.4851|6.9256|5005
Beaurepaire|45.3391|5.0552|5004
Bourgneuf-en-Retz|47.0434|-1.9521|5003
Pacy-sur-Eure|49.0142|1.3813|5001
Slovenske Konjice|46.3382|15.423|5000
Žalec|46.2518|15.1632|5000
Bauvin|50.5191|2.8936|4999
Almancil|37.0871|-8.0298|4998
San Maurizio|46.4979|9.8392|4997
Saint-Pourçain-sur-Sioule|46.3074|3.2899|4997
Brou-sur-Chantereine|48.8857|2.6289|4992
Baume-les-Dames|47.3527|6.3615|4991
Nüziders|47.1718|9.8004|4990
Villefranche-de-Lauragais|43.4005|1.7151|4990
Cluny|46.4339|4.6576|4990
Morcenx|44.0323|-0.9114|4989
Villafranca|43.7042|7.31|4989
Yffiniac|48.4847|-2.6769|4987
Saint-Vit|47.1811|5.81|4986
Raaba|47.0278|15.4966|4983
Saint-Sever|43.7575|-0.5742|4983
Neuville-aux-Bois|48.0695|2.0534|4981
Val-d'Erdre-Auxence|47.5203|-0.8856|4981
Montchanin|46.7474|4.47|4979
Ettingen|47.4816|7.5441|4978
Lacroix-Saint-Ouen|49.356|2.7895|4978
Grand-Fort-Philippe|51.0014|2.1046|4977
Le Versoud|45.2151|5.8604|4973
Laventie|50.6283|2.7719|4969
Nans-les-Pins|43.3732|5.784|4968
Sainte-Soulle|46.1883|-1.0158|4961
Bäretswil|47.336|8.8581|4958
Stadl-Paura|48.0839|13.8694|4958
Bitche|49.0509|7.4255|4958
Blaye|45.1271|-0.6636|4957
Seewalchen am Attersee|47.9539|13.5867|4956
Villars-les-Dombes|46.0014|5.0293|4954
Wiesendangen|47.5213|8.789|4951
Althofen|46.8714|14.4699|4950
Blotzheim|47.6014|7.4967|4947
Glattfelden|47.5598|8.5008|4945
Lixa|41.3212|-8.1455|4944
Witry-lès-Reims|49.2903|4.1156|4940
Saint-Laurent-Médoc|45.1516|-0.8217|4940
Le Fenouiller|46.7203|-1.8992|4937
Gerlafingen|47.1693|7.5721|4936
Le Bourget-du-Lac|45.647|5.8596|4933
La Souterraine|46.2375|1.4857|4933
Lambres-lez-Douai|50.3564|3.0573|4926
Elgg|47.4902|8.8669|4925
Sainte-Eulalie|44.9062|-0.4743|4925
Saint-Germain-du-Puy|47.0994|2.4824|4924
Verneuil-sur-Vienne|45.8492|1.1273|4924
La Mure|44.9038|5.7872|4917
Valleiry|46.1079|5.9679|4916
Idron|43.2911|-0.3118|4913
La Mézière|48.2194|-1.7558|4912
Blendecques|50.7171|2.2818|4908
Cléon|49.3141|1.0328|4907
Conches-en-Ouche|48.9622|0.9412|4905
Chavornay|46.7063|6.5694|4903
Collina d'Oro|45.9791|8.918|4903
Vösendorf|48.1216|16.3371|4899
Salbris|47.4265|2.0526|4897
Saint-Mathieu-de-Tréviers|43.7694|3.8645|4896
Saint-Père-en-Retz|47.2066|-2.0445|4894
Cossonay-Ville|46.6138|6.5089|4893
La Grand-Combe|44.2107|4.0295|4891
Saint-James|48.5232|-1.3237|4890
Saint-Nom-la-Bretèche|48.8641|2.0205|4886
Haillicourt|50.4745|2.5837|4884
Tinchebray|48.7636|-0.7329|4884
Saint-Pantaléon-de-Larche|45.1407|1.4465|4883
Neuenegg|46.8955|7.3034|4881
Créon|44.7747|-0.3483|4880
Lucens|46.7084|6.839|4879
Saint-Sulpice-et-Cameyrac|44.9102|-0.391|4879
Beynost|45.84|5.0009|4877
Fagnières|48.9645|4.3169|4877
Port-Joinville|46.7266|-2.3509|4877
Flums|47.094|9.3436|4876
Avenches|46.8796|7.0409|4875
Luzarches|49.1125|2.4224|4867
Verdun-sur-Garonne|43.8539|1.2364|4866
Schönenwerd|47.3722|8.0054|4859
Bonneval|48.1815|1.3853|4859
Parndorf/Pandrof|47.9974|16.8608|4858
Laufen|47.4224|7.502|4857
Koblach|47.3308|9.6031|4857
Köflach|47.0645|15.085|4856
Allinges|46.3368|6.465|4853
Le Quesnoy|50.2473|3.6365|4852
La Turballe|47.3469|-2.508|4850
Phalempin|50.5172|3.018|4849
Argenton-sur-Creuse|46.5886|1.519|4848
Ehrendingen|47.4948|8.3419|4847
Bousbecque|50.7721|3.0768|4847
Pettenbach|47.9614|14.0162|4846
L'Horme|45.4859|4.5434|4845
Giberville|49.1824|-0.2839|4844
Desvres|50.6679|1.8348|4843
Angres|50.4092|2.7561|4842
Sangatte|50.9458|1.7537|4842
Frankenburg am Hausruck|48.068|13.4921|4841
Gramastetten|48.3792|14.1918|4841
Amplepuis|45.9731|4.3314|4840
Bégard|48.6299|-3.3008|4839
Saint-Pol-sur-Ternoise|50.3812|2.3361|4838
Tsararano|-12.8365|45.1717|4838
Bauma|47.3678|8.8793|4837
Pompey|48.7658|6.123|4836
Bettlach|47.2017|7.4254|4835
Castelnau-de-Médoc|45.0273|-0.799|4829
Saint-Herblon|47.408|-1.0963|4828
Radstadt|47.3847|13.4628|4826
Huttwil|47.1147|7.8455|4825
Mandres-les-Roses|48.7022|2.5428|4825
Paron|48.1786|3.2471|4824
Vic-en-Bigorre|43.386|0.0549|4822
Bürmoos|47.9837|12.9234|4820
La Ferté-Gaucher|48.7813|3.3057|4820
Bergheim|47.8409|13.0222|4817
Lorette|45.509|4.5802|4817
Legé|46.8868|-1.5979|4817
Saverdun|43.2337|1.5755|4815
Le Coudray-Montceaux|48.5653|2.4856|4814
Ceyreste|43.2184|5.6392|4813
Mazé|47.4554|-0.2725|4811
Nivillac|47.5331|-2.283|4810
Billom|45.7221|3.3391|4808
Écommoy|47.8286|0.2733|4808
Charny|47.8856|3.0955|4807
Hauteville-Lompnes|45.9769|5.6004|4807
La Côte-Saint-André|45.3938|5.2605|4806
Die|44.7534|5.3689|4803
Bruck an der Großglocknerstraße|47.2867|12.8241|4802
Bazas|44.432|-0.2126|4799
Cerizay|46.8207|-0.6672|4797
Vittel|48.2021|5.9419|4793
La Voulte-sur-Rhône|44.8001|4.7814|4791
Graveson|43.8517|4.7729|4791
Limas|45.9752|4.7088|4790
Montbard|47.6242|4.3373|4788
Soufflenheim|48.8306|7.9637|4788
Vitry-en-Artois|50.326|2.9811|4787
Bornel|49.1976|2.207|4785
Sainte-Marie-la-Mer|42.7251|3.0176|4784
Sézanne|48.7241|3.7223|4783
Mirecourt|48.3005|6.1313|4782
Cazères|43.2057|1.0865|4781
Le Trait|49.4819|0.8088|4780
Crécy-la-Chapelle|48.8578|2.9086|4779
Lisle-sur-Tarn|43.8527|1.8101|4775
La Haie-Fouassière|47.1547|-1.4001|4775
Saint-Paul-en-Jarez|45.4825|4.5742|4771
Chasseneuil-du-Poitou|46.6506|0.3748|4767
Laigneville|49.2957|2.4448|4767
Dulliken|47.3537|7.9425|4765
Bad Aussee|47.6095|13.7836|4762
Sequedin|50.6253|2.9822|4762
Uchaud|43.7572|4.2686|4761
La Plaine-sur-Mer|47.1381|-2.1916|4760
Torretta Levenzo|43.7878|7.2723|4760
Niederlenz|47.402|8.1757|4754
Bar-sur-Aube|48.2332|4.7058|4753
Dagneux|45.8541|5.075|4753
Ballainvilliers|48.6752|2.2945|4752
Ruy|45.5879|5.3173|4752
Saint-Martin-des-Champs|48.575|-3.8439|4750
Rosières-près-Troyes|48.2572|4.0644|4749
Bièvres|48.7548|2.217|4748
Vermelles|50.4885|2.7465|4748
Völkermarkt|46.6604|14.6341|4747
Robion|43.8441|5.1122|4746
Zuzwil SG|47.4713|9.1096|4741
Grand-Bourg|15.8836|-61.3147|4741
Oberägeri|47.1347|8.6133|4740
Volvic|45.8725|3.0376|4740
Marvejols|44.5517|3.2906|4738
Groß Gerungs|48.5731|14.9571|4737
Vöcklamarkt|48.0022|13.4851|4737
Monnaie|47.4997|0.7856|4737
Verneuil-en-Halatte|49.2737|2.5189|4734
Barbezieux|45.472|-0.156|4732
Véretz|47.3556|0.8088|4732
Mandeure|47.4539|6.8057|4731
Pignans|43.3023|6.2295|4730
Bad Hall|48.0348|14.2091|4727
Château-Renault|47.5905|0.9084|4727
Mésanger|47.4322|-1.2313|4724
Meiringen|46.7286|8.1871|4723
Cruseilles|46.0338|6.1069|4723
Cysoing|50.5678|3.2155|4722
Venansault|46.6858|-1.5113|4720
Hallennes-lez-Haubourdin|50.614|2.9633|4718
Montbazon|47.2872|0.7145|4717
Fumel|44.4972|0.9686|4717
Root|47.1153|8.3911|4716
Ingersheim|48.0969|7.3023|4711
Heyrieux|45.629|5.0637|4707
Munster|48.0409|7.1372|4707
Hägendorf|47.3332|7.8366|4702
Sevnica|46.0097|15.3037|4700
Šentjur|46.2168|15.3938|4700
Prevalje|46.5461|14.917|4700
Gratentour|43.7218|1.432|4699
Blonay|46.465|6.8952|4695
Rilhac-Rancon|45.8979|1.3159|4694
Bouloc|43.7804|1.4054|4692
L'Hermitage|48.1243|-1.8183|4692
Ornex|46.2717|6.0972|4690
Corcelles-Cormondrèche|46.9852|6.8689|4689
Beuzeville|49.3456|0.3427|4689
Marolles-en-Brie|48.7391|2.5542|4689
Quiberon|47.4874|-3.1215|4688
Saint-Jean-de-Bournay|45.5019|5.139|4687
Sadirac|44.7807|-0.4106|4687
Teyran|43.683|3.9248|4685
Sainte-Croix|46.8225|6.5009|4684
Morbio Inferiore|45.853|9.0163|4683
Phalsbourg|48.7671|7.2586|4683
Mézidon-Canon|49.0735|-0.0697|4683
Ribeauvillé|48.1925|7.3249|4682
Claira|42.7602|2.9556|4681
Montigny-en-Ostrevent|50.3647|3.1859|4681
Neufchâtel-en-Bray|49.735|1.4421|4680
Évin-Malmaison|50.4373|3.0325|4674
Notre-Dame-de-Sanilhac|45.1216|0.7157|4674
L'Étang-la-Ville|48.8708|2.0726|4673
La Charité-sur-Loire|47.1771|3.0188|4672
Maraussan|43.3696|3.154|4671
Banyuls-sur-Mer|42.4794|3.1276|4671
Bourbon-Lancy|46.6194|3.7738|4663
Jargeau|47.8649|2.1243|4662
Pechbonnieu|43.7027|1.4671|4662
Mougon|46.2945|-0.288|4660
Dieulouard|48.8416|6.0683|4658
Würenlingen|47.5321|8.257|4656
Guesnain|50.3493|3.1506|4656
La Fouillouse|45.501|4.3157|4655
Clohars-Carnoët|47.7955|-3.5826|4651
Ars-sur-Moselle|49.077|6.0763|4651
Samer|50.6393|1.7469|4649
Guipronvel|48.491|-4.5741|4649
Aarberg|47.0443|7.2753|4648
Lausen|47.4736|7.7591|4645
Blénod-lès-Pont-à-Mousson|48.8812|6.053|4645
Soucieu-en-Jarrest|45.678|4.7037|4645
Baden|47.62|-2.9185|4642
Villers-Bretonneux|49.8681|2.5184|4640
Altendorf|47.1916|8.8295|4638
Herrlisheim|48.7289|7.9061|4631
Juigné-sur-Loire|47.4078|-0.4759|4631
Locminé|47.8874|-2.8362|4626
Auberchicourt|50.332|3.2329|4626
Trouville-sur-Mer|49.368|0.0809|4624
Espalion|44.5207|2.7615|4624
Auchy-les-Mines|50.5115|2.7855|4623
Serpa|37.9437|-7.5967|4623
La Frette-sur-Seine|48.974|2.1783|4621
Hagetmau|43.6551|-0.5939|4620
Le Ban-Saint-Martin|49.1225|6.1512|4617
Saint-Hilaire-de-Brethmas|44.0938|4.1261|4616
Vechigen|46.9494|7.5629|4614
Noiseau|48.775|2.548|4610
Konolfingen|46.8794|7.621|4606
Saint-Leu-d'Esserent|49.2174|2.4215|4606
Charly|45.6494|4.7949|4606
Oliveira do Bairro|40.5138|-8.4928|4606
La Chapelle-des-Fougeretz|48.1781|-1.7341|4604
Saint-Méen-le-Grand|48.1895|-2.1911|4603
Saint-Martin-de-Valgalgues|44.1621|4.0832|4603
Saint-Nicolas|50.3022|2.7768|4603
Milly-la-Forêt|48.4029|2.4703|4603
Neustift im Stubaital|47.1106|11.3076|4600
Bisterza|45.5637|14.2453|4600
Viuz-en-Sallaz|46.1477|6.4104|4600
Saint-Pierre-de-Chandieu|45.6446|5.01|4598
Plouha|48.6755|-2.9283|4596
Cabannes|43.861|4.9496|4595
Bavilliers|47.6221|6.8348|4595
Montville|49.548|1.0751|4595
Le Cannet-des-Maures|43.3902|6.342|4592
Scuol|46.7976|10.2996|4591
Saint-Méloir-des-Ondes|48.6381|-1.9051|4591
Lescure-d'Albigeois|43.9538|2.1691|4589
Le Thillay|49.0053|2.4693|4589
Rognes|43.6638|5.3469|4586
Iffendic|48.1291|-2.0337|4585
Villiers-sur-Orge|48.6585|2.3011|4584
Sanguinet|44.4835|-1.0759|4582
Bourgbarré|47.9959|-1.6163|4580
Balgach|47.4069|9.6063|4576
Grésy-sur-Aix|45.7214|5.9318|4571
Obertrum am See|47.938|13.0752|4567
Lamotte-Beuvron|47.6053|2.0267|4565
Hœrdt|48.6985|7.7837|4565
La Bouëxière|48.1839|-1.4376|4563
La Suze-sur-Sarthe|47.8896|0.0276|4563
Sollenau|47.8995|16.2463|4562
Waidhofen an der Ybbs|47.961|14.7747|4559
Charmes|48.3725|6.2934|4557
Aunay-sur-Odon|49.0204|-0.6312|4554
Münchwilen TG|47.4778|8.9976|4553
Leucate|42.91|3.027|4550
Ennetbürgen|46.9852|8.4128|4549
Argentré-du-Plessis|48.0574|-1.1525|4549
Bizanos|43.2888|-0.3531|4548
Volders|47.2873|11.5653|4547
Camaret-sur-Aigues|44.165|4.8737|4547
Bas-en-Basset|45.3056|4.1117|4546
Salies-de-Béarn|43.4704|-0.9234|4545
Brügg BE|47.1266|7.2773|4543
Plaintel|48.4088|-2.8211|4540
Retiers|47.9129|-1.3819|4540
Marchiennes|50.4075|3.2826|4539
Guise|49.8982|3.6263|4533
Saint-Hilaire-de-Loulay|47.0036|-1.3297|4533
Grimaud|43.2738|6.5223|4527
Macau|45.008|-0.615|4527
Kramsach|47.4451|11.8808|4522
Mealhada|40.3782|-8.4524|4522
Casteljaloux|44.3143|0.0881|4521
Annay|50.4628|2.8855|4517
Collonges-au-Mont-d'Or|45.8233|4.8403|4517
Saint-Maurice|46.2198|7.0045|4516
Crespin|50.4178|3.6614|4515
Saint-Jean-d'Ardières|46.1252|4.7378|4514
Village-Neuf|47.6055|7.5697|4513
Plourin-lès-Morlaix|48.5369|-3.788|4510
Le Landeron|47.0554|7.0702|4509
Bédée|48.18|-1.9448|4509
Communay|45.6043|4.8325|4508
Capodaglio|43.723|7.3969|4508
Sainte-Marie-aux-Chênes|49.1921|5.9988|4505
Salaise-sur-Sanne|45.3441|4.819|4505
Walenstadt|47.1229|9.314|4504
Moosburg|46.6577|14.1736|4504
Buzançais|46.8885|1.4228|4504
Laa an der Thaya|48.721|16.3853|4500
Ruše|46.5387|15.5139|4500
Marans|46.3095|-0.9937|4500
Maintenon|48.5866|1.5773|4499
La Chaussée-Saint-Victor|47.6095|1.3588|4497
Sigriswil|46.7164|7.7161|4496
Menzingen|47.1783|8.5899|4495
La Chapelle-des-Marais|47.4473|-2.2409|4492
Saint-Laurent-du-Pont|45.3876|5.7345|4488
Puget-Ville|43.2849|6.1384|4488
Lunel-Viel|43.6779|4.0902|4488
Tiercé|47.6153|-0.4674|4487
Friville-Escarbotin|50.087|1.5452|4486
Noirmoutier-en-l'Île|47.0001|-2.2441|4485
Sennwald|47.2615|9.5038|4484
Bages|42.6059|2.8938|4482
Nozay|48.6602|2.2424|4482
Biache-Saint-Vaast|50.3117|2.944|4481
Gordola|46.1814|8.8634|4480
Längenfeld|47.0732|10.9712|4480
Aigrefeuille-d'Aunis|46.1164|-0.9343|4479
Nürensdorf|47.4493|8.6471|4475
Écouflant|47.5315|-0.5301|4475
Plobsheim|48.4708|7.7267|4473
Jarnac|45.6791|-0.1741|4470
Turbenthal|47.4368|8.8485|4469
Provin|50.5151|2.9133|4469
La Brède|44.6812|-0.528|4469
Villemoustaussou|43.2522|2.3654|4468
Vivonne|46.4262|0.2584|4468
Uzwil|47.4371|9.1333|4465
Chaponnay|45.6274|4.9345|4465
Kundl|47.4691|11.9846|4464
Ascain|43.3449|-1.6208|4464
Hergnies|50.4741|3.5232|4463
Saint-Georges-de-Reneins|46.063|4.7233|4461
Ham|49.7463|3.0733|4459
Dompierre-sur-Yon|46.737|-1.3904|4457
Thourotte|49.479|2.8833|4456
Morestel|45.6757|5.4711|4454
Beaumesnil|49.0116|0.7069|4452
Castelmaurou|43.6774|1.5325|4448
Birr|47.4345|8.203|4444
Écrouves|48.6795|5.8399|4442
Torigni-sur-Vire|49.0347|-0.9792|4439
Pluméliau|47.9577|-2.9731|4438
Saint-Romain-de-Colbosc|49.5314|0.3579|4436
Montagnac|43.4811|3.4837|4436
La Tremblade|45.7687|-1.1416|4436
L'Huisserie|48.023|-0.7682|4435
Vinay|45.2099|5.4021|4435
Craon|47.8483|-0.9518|4435
Chancelade|45.2064|0.6661|4435
Haisnes|50.5082|2.8009|4427
Monein|43.3211|-0.5787|4426
Rebstein|47.3985|9.5822|4425
Le Tréport|50.0591|1.3828|4424
Saint-Marcel|49.0963|1.444|4422
Saint-Pierre-de-Plesguen|48.4472|-1.9135|4422
Ornans|47.1068|6.1455|4422
Aime|45.5572|6.6522|4421
Tramelan|47.2237|7.103|4419
Stabio|45.8499|8.9376|4418
Engelberg|46.8223|8.4044|4416
Fischamend|48.1186|16.6113|4416
Soullans|46.7967|-1.8986|4416
Chavagne|48.0539|-1.7882|4415
Saffré|47.5015|-1.5786|4415
Weiningen|47.42|8.4366|4414
Guignes|48.6355|2.7954|4414
Camon|49.8874|2.3447|4414
Altenberg bei Linz|48.3734|14.3486|4410
Puchenau|48.3116|14.2406|4410
Plougonvelin|48.3415|-4.7192|4410
Pineuilh|44.8302|0.2267|4409
Wieselburg|48.1299|15.1377|4408
Capdenac-Gare|44.5741|2.0805|4407
Morigny-Champigny|48.4461|2.1814|4405
Jouques|43.6369|5.6368|4404
Royat|45.7644|3.0478|4403
Kaysersberg|48.1393|7.2613|4401
Ardres|50.8536|1.9786|4398
La Réole|44.5811|-0.041|4396
Angerville|48.3107|1.998|4395
Nilvange|49.3415|6.0508|4394
Sarralbe|48.9999|7.0299|4392
Gréasque|43.4322|5.5434|4392
Füllinsdorf|47.5057|7.73|4391
Truchtersheim|48.6637|7.6073|4389
Désertines|46.3557|2.6157|4387
Bad Sankt Leonhard im Lavanttal|46.9646|14.7888|4386
Rang-du-Fliers|50.4169|1.6439|4386
Confignon|46.1742|6.0852|4384
Heiden|47.4422|9.5321|4383
Stansstad|46.9797|8.3374|4381
Neudörfl|47.7979|16.2979|4380
Bray-Dunes|51.071|2.5245|4380
Coignières|48.7512|1.9202|4377
Reichstett|48.6484|7.7538|4376
Serres-Castet|43.3862|-0.3542|4376
Oetwil am See|47.2703|8.7217|4375
Wolhusen|47.058|8.0726|4375
Cortaillod|46.9432|6.8459|4373
Couhé|46.2986|0.1797|4368
Ibach|47.0123|8.6436|4365
Bonson|45.5226|4.2154|4363
Bassillac|45.1914|0.8131|4363
Treffen|46.6677|13.8548|4360
Morlaàs|43.3454|-0.2649|4360
Niederbronn-les-Bains|48.951|7.6422|4360
Rousson|44.1969|4.1464|4359
Pins-Justaret|43.4793|1.3832|4356
Bruyères-sur-Oise|49.1573|2.3301|4356
Maurecourt|48.9975|2.0625|4355
Louverné|48.1214|-0.7174|4355
Villeneuve|43.8943|5.8629|4355
Eyragues|43.8412|4.8411|4355
Flayosc|43.534|6.398|4354
Caveirac|43.8254|4.2627|4351
Millery|45.6337|4.7804|4350
La Guerche-de-Bretagne|47.9426|-1.2315|4347
Sankt Kanzian am Klopeiner See|46.6153|14.5761|4346
La Tour-d'Aigues|43.7254|5.5481|4346
Gonfaron|43.3199|6.2898|4342
Selles-sur-Cher|47.2769|1.563|4342
Dol pri Ljubljani|46.0883|14.6415|4341
Pont-Péan|48.0131|-1.7023|4335
Langeais|47.3239|0.4073|4335
Pontorson|48.5547|-1.5098|4334
Is-sur-Tille|47.5219|5.1124|4334
Vinon-sur-Verdon|43.7246|5.8128|4333
Ormes|47.9418|1.8182|4333
Saint-Léonard-de-Noblat|45.8377|1.4925|4332
Bremgarten|46.9768|7.4375|4329
Kölliken|47.3353|8.0232|4324
Steenvoorde|50.8101|2.5816|4324
Saclay|48.7305|2.1726|4323
Ytrac|44.9112|2.3633|4322
Villard-de-Lans|45.0706|5.5513|4322
Dagmersellen|47.2136|7.9901|4319
Le Château-d'Oléron|45.8866|-1.1953|4319
Tigery|48.6396|2.5065|4318
Cheval-Blanc|43.8008|5.0636|4317
Roullet|45.5835|0.0477|4312
La Norville|48.5857|2.2584|4312
Miniac-Morvan|48.515|-1.8996|4311
Marckolsheim|48.1654|7.5444|4309
Goven|48.0055|-1.8476|4309
Grieskirchen|48.235|13.8262|4307
Vimy|50.3733|2.8108|4307
Riec-sur-Bélon|47.8429|-3.6903|4307
Montélier|44.9383|5.0284|4306
Sachseln|46.8689|8.2392|4305
Breitenbach|47.4078|7.5443|4304
Agno|45.9969|8.9002|4304
Leuville-sur-Orge|48.6156|2.2674|4304
Jouarre|48.9271|3.1302|4304
Saint-Jeannet|43.7476|7.1428|4303
Saint-Georges|3.8909|-51.8014|4303
Tonnerre|47.8565|3.9733|4301
Egerkingen|47.3225|7.7948|4300
Fieberbrunn|47.4762|12.5455|4300
Montbeton|44.0119|1.2858|4299
Le Chenit|46.6047|6.2338|4297
Roquettes|43.4995|1.3654|4297
Sanvignes-les-Mines|46.6655|4.2922|4295
Millas|42.692|2.6975|4294
Égletons|45.4065|2.045|4293
Cadenet|43.7347|5.3738|4292
Nozay|47.5647|-1.6255|4292
Prigonrieux|44.8553|0.403|4292
Felixdorf|47.8787|16.2397|4288
Gattières|43.7607|7.1781|4287
Breteuil|48.8364|0.9161|4287
Schmitten FR|46.8561|7.2474|4285
Saulxures-lès-Nancy|48.6876|6.2455|4285
Saint-Sever-Calvados|48.8407|-1.0476|4285
Freneuse|49.0485|1.6019|4285
Clarensac|43.8267|4.2177|4280
Randogne|46.3116|7.5017|4279
Scheibbs|48.0054|15.1675|4275
Hillion|48.5145|-2.6671|4274
Saint-Laurent-Nouan|47.717|1.6117|4274
Pons|45.5792|-0.5472|4273
Langenlois|48.4726|15.6763|4272
Rians|43.606|5.7571|4272
La Tour-de-Salvagny|45.8129|4.7164|4272
Saint-Georges-lès-Baillargeaux|46.6687|0.4013|4271
Le Val|43.4391|6.0734|4270
Villeneuve-de-la-Raho|42.636|2.9182|4270
Le Neubourg|49.1496|0.9042|4268
Saint-Savin|45.6273|5.3113|4264
Bubendorf|47.4467|7.7354|4262
Le Châtelet-en-Brie|48.5044|2.7929|4258
Dottikon|47.3839|8.2416|4257
Caslano|45.9709|8.8837|4256
Saint-Donat-sur-l'Herbasse|45.1212|4.9823|4255
Agneaux|49.1165|-1.1144|4255
Aarwangen|47.2391|7.7701|4253
Retz|48.757|15.9511|4253
Ussac|45.1924|1.5088|4253
Herserange|49.5191|5.7953|4253
Bastelicaccia|41.9241|8.8241|4251
Solesmes|50.1852|3.4974|4249
Ghisonaccia|42.0149|9.4054|4248
Combrit|47.8873|-4.1563|4247
Brives-Charensac|45.0474|3.922|4246
Saint-Florent-des-Bois|46.5944|-1.3147|4245
Maîche|47.2521|6.8009|4244
Labège|43.5293|1.53|4242
Bad Zurzach|47.5866|8.2941|4240
Saint-Pair-sur-Mer|48.8139|-1.5666|4238
Winkel|47.4933|8.5539|4237
Carignan-de-Bordeaux|44.8129|-0.4747|4237
Poulx|43.9105|4.4241|4237
Barbentane|43.8986|4.7477|4236
Châtenois|48.2725|7.4014|4235
Auzeville-Tolosane|43.5296|1.4791|4234
Schöftland|47.3055|8.0528|4231
Carnac|47.5837|-3.0794|4223
Lanvallay|48.4555|-2.0268|4222
Saint-Florentin|48.0017|3.728|4220
Brionne|49.1949|0.7181|4219
Brionne|49.1911|0.7046|4219
Saint-Just-Malmont|45.3397|4.3134|4217
Survilliers|49.1025|2.5434|4216
Athis-de-l'Orne|48.8103|-0.5008|4216
Arnas|46.0235|4.7071|4215
Utzenstorf|47.1294|7.5578|4213
Weyer|47.8573|14.6636|4213
Pluguffan|47.9805|-4.1786|4213
Le Touquet-Paris-Plage|50.52|1.5865|4213
La Séguinière|47.0636|-0.9399|4212
Marlenheim|48.6217|7.4901|4211
Fauville-en-Caux|49.6528|0.5915|4208
Sandillon|47.8456|2.0328|4205
Vayres|44.8974|-0.3206|4204
Abscon|50.3297|3.2975|4203
Beaumont-lès-Valence|44.8625|4.942|4201
Fulpmes|47.1531|11.3491|4200
Bessières|43.8002|1.6077|4197
Grisolles|43.829|1.2971|4197
Betschdorf|48.8975|7.9066|4192
Yvré-l'Évêque|48.0138|0.2709|4192
Montrabé|43.6428|1.5252|4191
Sées|48.6034|0.1735|4191
Notre-Dame-d'Oé|47.4571|0.7077|4191
Brie|45.7373|0.2416|4188
Mimet|43.414|5.5044|4187
Plomelin|47.9352|-4.1529|4187
Rouffach|47.9569|7.2994|4186
Grosshöchstetten|46.9075|7.6381|4185
Nanteuil-le-Haudouin|49.1412|2.8089|4185
Mäder|47.3493|9.6182|4183
Schüpfheim|46.9517|8.018|4181
Redessan|43.8318|4.4961|4181
Jacob-Bellecombette|45.5553|5.9129|4181
La Rochette|45.4574|6.1191|4180
Plumergat|47.7423|-2.9163|4179
Hartkirchen|48.3623|14.0031|4178
Serémange-Erzange|49.3212|6.0912|4174
Bürglen TG|47.5499|9.153|4173
Pont-du-Casse|44.2325|0.6819|4173
Le Pouliguen|47.2714|-2.4311|4173
Pusignan|45.7561|5.0678|4172
Chanteloup-en-Brie|48.8556|2.7396|4171
Saint-Pierre-d'Albigny|45.569|6.1548|4170
Ploubalay|48.5805|-2.1396|4168
Valras-Plage|43.2466|3.2921|4167
Speicher|47.4126|9.4425|4166
Sainte-Menehould|49.0904|4.8968|4166
Wolfisheim|48.5876|7.6672|4165
Kehrsatz|46.9101|7.471|4164
Chazay-d'Azergues|45.8759|4.7112|4164
Montarnaud|43.6495|3.6984|4164
Indre|47.1978|-1.6699|4160
Saint-Aubin-d'Aubigné|48.263|-1.6071|4159
Pomponne|48.8816|2.6914|4158
Le Rouret|43.6743|7.0059|4157
Aigrefeuille-sur-Maine|47.0764|-1.3996|4156
Sevrier|45.8641|6.1405|4156
Breteuil|49.633|2.294|4156
Domfront|48.5932|-0.6473|4155
Saint-Maurice-de-Beynost|45.8333|4.9771|4155
Escautpont|50.4241|3.5518|4152
Leobersdorf|47.9285|16.2167|4151
Vieillevigne|46.9701|-1.4305|4150
Bretteville-sur-Odon|49.1656|-0.4176|4148
Le Plessis-Pâté|48.6116|2.3256|4147
Erlinsbach AG|47.3969|8.0134|4146
Altheim|48.25|13.232|4146
Sierentz|47.6536|7.4534|4145
Sainte-Maure-de-Touraine|47.1108|0.619|4144
Corenc|45.2197|5.7618|4139
Diessenhofen|47.6887|8.7491|4138
Courseulles-sur-Mer|49.3299|-0.4567|4137
Anneyron|45.2696|4.8845|4136
Saint-Aunès|43.6394|3.9637|4136
Pont-de-l'Arche|49.3049|1.1563|4135
Bouxières-aux-Dames|48.7512|6.1638|4134
Le Houlme|49.5096|1.0374|4133
Forges-les-Bains|48.629|2.0996|4132
Moosseedorf|47.0164|7.4839|4130
Hérin|50.3576|3.4529|4129
Baccarat|48.4487|6.7381|4128
Aramon|43.8909|4.6811|4127
Oberrohrdorf|47.4218|8.3165|4124
Grödig|47.7382|13.0395|4124
Leffrinckoucke|51.0509|2.4387|4124
St. Georgen im Attergau|47.9336|13.4908|4119
Ghyvelde|51.0519|2.5264|4119
Romillé|48.2154|-1.8924|4119
Beringen|47.6976|8.5734|4118
Avesnes-sur-Helpe|50.1219|3.9321|4118
Aiguillon|44.3003|0.3417|4118
Angoulins|46.105|-1.1093|4117
Aulnat|45.7949|3.1638|4115
Saint-Joachim|47.3837|-2.2021|4112
Plœuc-sur-Lié|48.3467|-2.757|4112
Monéteau|47.8483|3.5794|4111
Rognonas|43.8998|4.8044|4111
Bisamberg|48.3317|16.3616|4110
Bollwiller|47.8601|7.2624|4109
Offemont|47.661|6.8758|4109
Luftenberg|48.273|14.4144|4108
Saint-Romain-le-Puy|45.555|4.1248|4108
Uitikon|47.3706|8.4531|4107
Condé-sur-Vire|49.0521|-1.0379|4106
Ecquevilly|48.9511|1.9227|4105
Bartenheim|47.6355|7.4766|4102
Antrain|48.4609|-1.4849|4102
Kirchdorf an der Krems|47.9052|14.1244|4099
Salouël|49.8709|2.2417|4099
Saint-Aubin-du-Cormier|48.2578|-1.4025|4098
Villeneuve-lès-Béziers|43.3163|3.2798|4098
Vallorbe|46.712|6.3792|4097
Caissargues|43.7961|4.3783|4097
Saint-Chély-d'Apcher|44.8011|3.2758|4096
Tourrettes-sur-Loup|43.7158|7.0589|4092
Nottwil|47.1379|8.1319|4091
Le Coudray|48.4206|1.5012|4089
Marin-Epagnier|47.0091|6.9999|4087
Fourqueux|48.8865|2.0645|4085
La Chapelle-de-Guinchay|46.211|4.7555|4082
Guignen|47.9206|-1.8613|4081
Caudebec-en-Caux|49.5254|0.7247|4078
Neuilly-en-Thelle|49.2242|2.2859|4077
Nailloux|43.3559|1.6234|4077
Locmiquélic|47.7241|-3.3425|4075
Wichtrach|46.8457|7.5783|4072
Saint-Légier-La Chiésaz|46.4723|6.876|4068
Semur-en-Auxois|47.4902|4.3329|4068
Montsoult|49.0704|2.312|4068
Heidenreichstein|48.8658|15.123|4067
Bâgé-la-Ville|46.316|4.9453|4065
Pléneuf|48.5839|-2.536|4063
Saint-Lubin-des-Joncherets|48.7673|1.1978|4062
Sévérac-le-Château|44.3229|3.0694|4062
Staffelfelden|47.827|7.2552|4061
Fouras|45.9884|-1.0936|4061
Cuxac-d'Aude|43.2435|2.9993|4061
Avermes|46.5881|3.3102|4060
Benet|46.3683|-0.5961|4059
Hilterfingen|46.7357|7.6591|4058
Campbon|47.4128|-1.9694|4058
Montmélian|45.501|6.0588|4058
Saint-Rémy-sur-Avre|48.7628|1.2405|4057
Le Croisic|47.2934|-2.5094|4056
Masny|50.3498|3.2035|4056
Savigné-l'Évêque|48.0773|0.2962|4054
Montferrier-sur-Lez|43.6665|3.8613|4054
Courpière|45.756|3.5325|4053
Anse-Bertrand|16.4736|-61.506|4052
Le Cellier|47.3187|-1.3465|4051
Saint-Vallier|45.1785|4.8158|4050
Gondecourt|50.5432|2.9831|4050
Nissan-lez-Enserune|43.29|3.1279|4049
Plélan-le-Grand|48.0024|-2.1004|4048
Le Lude|47.6463|0.1577|4048
Chaingy|47.8837|1.7724|4047
Landévant|47.7636|-3.1194|4044
La Bruffière|47.0139|-1.1964|4044
Rousies|50.2726|4.0053|4043
Hochfelden|48.7583|7.5701|4042
La Bresse|48.0066|6.8767|4041
Châteauneuf-sur-Isère|45.0148|4.9391|4038
Niederrohrdorf|47.4254|8.3046|4035
La Châtre|46.5816|1.9867|4034
Paulhan|43.5418|3.4604|4031
Vasoldsberg|47.0137|15.5551|4030
Pont-de-Roide|47.3864|6.7691|4030
Sempach|47.1354|8.192|4029
Fügen|47.343|11.847|4029
Thumeries|50.4725|3.0664|4029
Saint-Étienne-de-Tulmont|44.0488|1.4621|4029
Schruns|47.0802|9.9197|4027
Bachenbülach|47.5047|8.5473|4026
Hunzenschwil|47.3855|8.1243|4026
Hondschoote|50.9809|2.5863|4026
Ursy|46.635|6.836|4025
Bourgtheroulde-Infreville|49.2983|0.8755|4025
Générac|43.7281|4.3503|4025
Fay-de-Bretagne|47.4141|-1.7898|4023
Grindelwald|46.6243|8.0367|4022
Juillan|43.2011|0.0243|4022
Trévani|-12.7349|45.199|4022
Näfels|47.0998|9.063|4021
Duclair|49.4826|0.8755|4020
Allassac|45.2572|1.4756|4019
Vouziers|49.3981|4.7004|4016
Raimbeaucourt|50.4404|3.1009|4015
Satigny|46.2158|6.0331|4014
Bourg-Achard|49.3526|0.815|4014
Éauze|43.8614|0.1003|4014
Cordemais|47.2909|-1.8763|4012
Valpaços|41.6068|-7.3109|4012
Unterentfelden|47.367|8.0424|4011
Poligny|46.8348|5.7087|4011
Loctudy|47.8316|-4.175|4011
Bezannes|49.2195|3.9864|4011
Ingwiller|48.8718|7.4799|4011
Wartberg ob der Aist|48.3503|14.5082|4010
Gravigny|49.0473|1.1624|4005
Montady|43.3349|3.1254|4005
Veigy-Foncenex|46.2695|6.2567|4005
Trouy|47.0088|2.3565|4005
Leopoldsdorf|48.1086|16.3968|4004
Maing|50.3079|3.4884|4004
Pagny-sur-Moselle|48.9838|6.0197|4003
Santeny|48.7257|2.5701|4003
Le Revest-les-Eaux|43.1769|5.9254|4002
La Rochefoucauld|45.7405|0.3842|4002
Leysin|46.3439|7.0148|4000
Mils|47.2875|11.5293|4000
Vaulnaveys-le-Haut|45.1199|5.8129|4000
Moreuil|49.7705|2.4868|4000
la Boucan|16.2832|-61.6695|4000
La Moutonne|43.1202|6.0705|4000
Saint-Aignan-Grandlieu|47.1224|-1.6346|3996
Vaux-sur-Mer|45.6453|-1.0623|3996
Bouchain|50.281|3.3197|3996
Saint-Nabord|48.0474|6.5781|3993
Bresles|49.4091|2.2525|3993
La Gacilly|47.7655|-2.1315|3993
Fourchambault|47.0178|3.0827|3992
Boos|49.3877|1.2008|3991
Golling an der Salzach|47.5967|13.1674|3990
Groisy|46.0165|6.1712|3990
Cires-lès-Mello|49.2715|2.356|3989
Böttstein|47.5568|8.2218|3986
Lens|46.2799|7.4462|3986
Châtillon-en-Michaille|46.1439|5.7985|3985
Ganges|43.9345|3.7097|3984
Hourtin|45.1862|-1.0575|3983
Longoni|-12.7345|45.1632|3983
Nogent-le-Roi|48.6486|1.5322|3982
Bürglen UR|46.8751|8.6633|3980
Erlen|47.5504|9.2255|3980
Saint-André-de-l'Eure|48.9065|1.2735|3978
Le Bignon|47.0982|-1.4907|3976
Juziers|48.993|1.8457|3976
Allevard|45.3935|6.0744|3974
Erdeven|47.6417|-3.1558|3974
La Haye|49.2896|-1.5513|3971
Presles|49.1147|2.2815|3970
Port-Vendres|42.5204|3.1056|3969
Fontaine-le-Comte|46.5341|0.2664|3969
Vouvry|46.3372|6.8887|3968
Wilen b. Wollerau|47.1986|8.7342|3967
Quévert|48.4628|-2.0842|3966
Pont-Scorff|47.8348|-3.4014|3965
Mondsee|47.856|13.3501|3961
Plouagat|48.5369|-2.9994|3961
Longeville-lès-Metz|49.1152|6.1361|3960
Lützelflüh|47.0093|7.6886|3957
Folschviller|49.0704|6.6862|3957
Arsac|44.9972|-0.6884|3956
Seengen|47.3253|8.2079|3955
Pleslin|48.5326|-2.0578|3955
Haiming|47.2549|10.8829|3954
Degersheim|47.3736|9.199|3952
Russikon|47.3948|8.7766|3952
Hausen am Albis|47.2439|8.5342|3951
Loperhet|48.3755|-4.3066|3951
Dällikon|47.4399|8.4388|3950
Coye-la-Forêt|49.1425|2.4671|3950
Saint-Georges-d'Oléron|45.9791|-1.3316|3948
Gourdon|44.737|1.3821|3946
Pézilla-la-Rivière|42.694|2.7693|3942
Plouarzel|48.4338|-4.7309|3942
Pierrevert|43.8119|5.7493|3941
Ipsach|47.1119|7.233|3940
Voves|48.2721|1.6272|3938
Kössen|47.6703|12.4055|3936
Magden|47.5284|7.8116|3934
Villeveyrac|43.5017|3.6075|3934
Condrieu|45.4624|4.7676|3933
Fußach|47.4791|9.6631|3932
Maure-de-Bretagne|47.8911|-1.99|3932
Plouhinec|48.0154|-4.4878|3932
Holtzheim|48.5596|7.6432|3931
Bouzonville|49.2902|6.5352|3929
Niederurnen|47.1256|9.0536|3928
Issou|48.9881|1.7925|3928
Turckheim|48.0878|7.278|3928
Gurmels|46.8928|7.1758|3927
Galgenen|47.1816|8.8742|3927
Trebnje|45.9079|15.0071|3927
Blainville-sur-l'Eau|48.5558|6.4079|3927
Saint-Mihiel|48.8912|5.5423|3924
Saint-Cézaire-sur-Siagne|43.6505|6.7926|3924
Tavaux|47.0371|5.4034|3923
Deshaies|16.3062|-61.7939|3922
Hartberg|47.2809|15.9692|3920
Collonges-sous-Salève|46.141|6.145|3919
Saint-Palais-sur-Mer|45.6429|-1.086|3918
Chavagnes|47.2698|-0.4552|3918
Saint-Valery-en-Caux|49.8597|0.7107|3915
Aix-Noulette|50.4257|2.7129|3913
La Destrousse|43.3766|5.6058|3913
St. Veit an der Gölsen|48.0439|15.6704|3912
Neuville-Saint-Rémy|50.1876|3.2176|3912
Toufflers|50.6619|3.2316|3910
Prangins|46.3948|6.2488|3909
Kumberg|47.16|15.5349|3909
Erquy|48.6287|-2.4642|3909
Pujaut|44.0035|4.7722|3908
Sankt Veit im Pongau|47.3292|13.1543|3907
Brittnau|47.2587|7.9466|3906
Oudon|47.3467|-1.2862|3904
Chevry-Cossigny|48.7244|2.6617|3904
Jarrie|45.1054|5.7486|3903
Saint-Nolff|47.7033|-2.6524|3901
Tržič|46.3637|14.3095|3900
Circonio|45.7937|14.3619|3900
Miklavž na Dravskem polju|46.5074|15.6974|3900
Seignosse|43.6887|-1.3733|3900
Replonges|46.3093|4.8827|3899
Port|47.115|7.2542|3898
Schwarzach|47.4451|9.763|3898
Bramberg am Wildkogel|47.2728|12.3474|3897
Lauris|43.7466|5.3127|3896
Fleury|43.2299|3.1341|3896
Bad Gastein|47.1145|13.1352|3894
Paradiso|45.9897|8.9462|3893
Plouvien|48.5305|-4.4512|3892
Saint-Martin-en-Haut|45.6602|4.5595|3891
Quessoy|48.4209|-2.6604|3891
Suippes|49.1308|4.5318|3890
Petit-Mars|47.3954|-1.4546|3888
Wimille|50.7641|1.6303|3888
Döttingen|47.574|8.2569|3885
Les Mées|44.0294|5.9766|3884
Mayrhofen|47.1672|11.8639|3883
Saint-Genès-Champanelle|45.7194|3.0202|3883
Gétigné|47.0758|-1.2482|3883
Sailly-sur-la-Lys|50.658|2.7702|3883
Saint-Germain-sur-Morin|48.8829|2.8514|3881
Hussigny-Godbrange|49.4937|5.868|3880
Vagney|48.0091|6.7173|3878
Saint-Georges-de-Montaigu|46.9477|-1.2967|3877
Beauvoir-sur-Mer|46.9169|-2.0414|3876
Allaire|47.6374|-2.1625|3875
Hasnon|50.4165|3.3867|3874
Lexy|49.503|5.7302|3874
Pipriac|47.8089|-1.9462|3870
La Rochette|48.5045|2.6629|3870
Neufchâtel-Hardelot|50.6188|1.6306|3870
Mazères|43.2502|1.6776|3868
Plomeur|47.8411|-4.2836|3866
Servon-sur-Vilaine|48.1215|-1.4604|3864
Piesendorf|47.2921|12.7163|3863
Mozac|45.8941|3.0954|3863
Les Martres-de-Veyre|45.6844|3.1904|3863
Roggwil|47.2411|7.8231|3862
Muhen|47.3408|8.0536|3862
Le Val-d'Ajol|47.9257|6.4836|3861
Saint-Gildas-des-Bois|47.5175|-2.037|3860
Saint-Fulgent|46.8539|-1.1767|3860
Ottnang am Hausruck|48.0957|13.6595|3859
Celles-sur-Belle|46.262|-0.2103|3858
Carnoules|43.3025|6.1899|3852
Tinténiac|48.3293|-1.8353|3851
Villedieu-les-Poêles|48.8381|-1.2221|3851
Jonquières-Saint-Vincent|43.8304|4.556|3851
Feuerthalen|47.6915|8.646|3848
Argences|49.127|-0.1641|3848
Saint-Mard|49.0371|2.6944|3847
Genilac|45.5321|4.5811|3843
Pichling bei Köflach|47.057|15.0884|3842
Fléac|45.6656|0.097|3842
Cinq-Mars-la-Pile|47.3482|0.454|3842
Ferrières-en-Brie|48.8214|2.7045|3841
Le May-sur-Èvre|47.1378|-0.8917|3839
Limonest|45.8357|4.7708|3838
La Chaize-le-Vicomte|46.6722|-1.2968|3838
Lapalud|44.3062|4.6866|3836
Belz|47.676|-3.1687|3834
Violaines|50.5414|2.7884|3831
Meyrargues|43.6353|5.5285|3830
Bevaix|46.9303|6.8146|3829
Sulniac|47.6759|-2.5715|3829
Boissy-sous-Saint-Yon|48.5487|2.2125|3828
Ribérac|45.2478|0.3398|3828
Mareil-Marly|48.8823|2.0765|3826
Mézières-sur-Seine|48.9609|1.7962|3826
Gols|47.8984|16.9084|3825
Courtenay|48.0406|3.058|3824
Collombey|46.2677|6.9461|3823
Gourin|48.1386|-3.6042|3823
Pieterlen|47.175|7.3362|3821
Torreilles|42.7548|2.9929|3821
Verberie|49.3095|2.7289|3819
Lherm|43.4298|1.2224|3818
Layrac|44.1347|0.6609|3816
Mortagne-au-Perche|48.5205|0.5501|3815
Bronschhofen|47.4757|9.037|3814
Lourches|50.315|3.3533|3814
Mâcot-la-Plagne|45.5535|6.6737|3814
Sargé-lès-le-Mans|48.0339|0.2402|3813
Mariazell|47.7717|15.3175|3811
Fay-aux-Loges|47.9272|2.1387|3811
Pleumeur-Bodou|48.7733|-3.5187|3809
Saint-Étienne-lès-Remiremont|48.0203|6.611|3809
Safenwil|47.3187|7.9842|3805
Lostorf|47.3852|7.9462|3804
La Croix-Valmer|43.208|6.5677|3804
Saint-Léger-des-Bois|47.459|-0.7093|3804
Sospello|43.8786|7.4498|3803
Ligny-en-Barrois|48.6859|5.3254|3803
Touques|49.3435|0.1017|3802
Domloup|48.0626|-1.5237|3801
Trzin|46.1329|14.5625|3800
Montry|48.8875|2.8282|3799
Créhange|49.061|6.5797|3799
Dembéni|-12.8433|45.184|3799
Verfeil|43.657|1.6606|3797
Belluogo|43.7088|7.3338|3796
Sochaux|47.5139|6.8305|3795
Saint-Chef|45.6344|5.365|3795
Saint-André-Treize-Voies|46.9344|-1.4119|3794
Verson|49.1556|-0.4508|3794
Réhon|49.5014|5.7535|3793
Villieu|45.9199|5.2232|3793
Le Plessis-Belleville|49.0973|2.7573|3792
Montmerle-sur-Saône|46.084|4.7614|3792
Labastide-Saint-Pierre|43.9189|1.3672|3792
Bénodet|47.8746|-4.111|3790
Poro|-21.301|165.7098|3788
Pirano|45.5285|13.5684|3787
Erstfeld|46.8215|8.65|3786
Le Bosc-Roger-en-Roumois|49.2942|0.9246|3786
Saint-Martin-la-Plaine|45.5464|4.5927|3784
Salernes|43.564|6.2326|3784
Ermatingen|47.6693|9.0799|3780
Fougerolles|47.8859|6.4044|3780
Feusisberg|47.1867|8.7486|3779
St. Georgen an der Gusen|48.2718|14.4485|3779
Gundershoffen|48.9053|7.6538|3779
Rœulx|50.3075|3.3344|3779
Fraisses|45.3888|4.2657|3779
Ardentes|46.7422|1.8321|3778
Ploudaniel|48.537|-4.3106|3775
Le Thuit-Signol|49.2656|0.9395|3775
Steinen|47.0501|8.6108|3774
Hausen AG|47.4604|8.2151|3774
Arvert|45.7409|-1.1267|3774
Bouliac|44.814|-0.5037|3773
Beaumont-de-Lomagne|43.8818|0.9876|3768
Niedergösgen|47.3731|7.9927|3766
Großarl|47.2374|13.2014|3766
Oberhoffen-sur-Moder|48.7826|7.8671|3764
Saint-Nicolas-d'Aliermont|49.8784|1.2141|3764
Châteaubernard|45.6738|-0.3152|3763
Blanzat|45.8284|3.0772|3762
Langendorf|47.2215|7.5154|3761
Fleurier|46.9043|6.58|3761
Götzens|47.2359|11.311|3761
Trébeurden|48.7695|-3.5627|3761
Puiseux-en-France|49.0598|2.501|3757
Salses-le-Château|42.8334|2.9182|3752
Malville|47.3606|-1.8636|3752
Matten|46.6799|7.8686|3750
Ferrières-en-Gâtinais|48.0906|2.7888|3750
Saint-Hippolyte-du-Fort|43.9644|3.8564|3747
Pujols|44.3863|0.6903|3747
Ribécourt-Dreslincourt|49.5107|2.9231|3746
Ploubezre|48.704|-3.4477|3743
Henndorf am Wallersee|47.8995|13.1882|3742
Eisenerz|47.5421|14.8857|3742
Éperlecques|50.8062|2.1526|3742
Neumarkt am Wallersee|47.945|13.2253|3741
Propriano|41.6759|8.904|3741
Plémet|48.1773|-2.594|3739
Rudolfstetten|47.3695|8.3794|3738
Biéville-Beuville|49.2387|-0.3288|3738
Prunelli-di-Fiumorbo|42.0105|9.3246|3737
Sankt Gilgen|47.767|13.3643|3735
Molln|47.8862|14.2573|3735
Bonnétable|48.1768|0.427|3735
Bénesse-Maremne|43.6334|-1.3612|3735
Bapaume|50.1036|2.8494|3733
Moréac|47.9195|-2.8207|3733
Walchwil|47.1005|8.5148|3731
Mannersdorf am Leithagebirge|47.9745|16.6038|3731
Waizenkirchen|48.33|13.8571|3729
Bressols|43.9683|1.3391|3729
Bourgueil|47.2828|0.1789|3728
Coudoux|43.5585|5.2501|3726
Steindorf am Ossiacher See|46.6981|14.009|3725
Leuk|46.317|7.6353|3724
Reichenbach im Kandertal|46.6236|7.6908|3723
Münsterlingen|47.6313|9.233|3723
Oberdiessbach|46.84|7.6193|3723
Brantôme|45.3625|0.6494|3721
Schwertberg|48.2741|14.5818|3718
Saint-Georges-sur-Loire|47.4083|-0.761|3718
Meurchin|50.4954|2.8901|3717
Châteauneuf-Grasse|43.6747|6.9759|3716
Ablis|48.5172|1.8369|3715
Étupes|47.5078|6.8618|3715
Murau|47.1123|14.1691|3714
Pannes|48.0189|2.6694|3714
Saint-Cergues|46.2357|6.3214|3714
Bouxwiller|48.8255|7.48|3712
Saint-Symphorien-sur-Coise|45.6313|4.4551|3712
Charlieu|46.1588|4.1715|3712
Thaur|47.2928|11.4738|3711
Montreuil-Bellay|47.1308|-0.1555|3710
Montastruc-la-Conseillère|43.717|1.5912|3708
Le Vigan|43.992|3.6063|3706
Champhol|48.4685|1.5082|3706
Aubie-et-Espessas|45.0179|-0.4025|3705
Richwiller|47.7799|7.2812|3704
Forges-les-Eaux|49.6131|1.5455|3702
Champagney|47.7053|6.6848|3700
Boissise-le-Roi|48.528|2.5738|3700
Objat|45.2629|1.4098|3699
Houdan|48.7912|1.6019|3699
La Bazoge|48.099|0.1545|3699
Montamisé|46.6208|0.4218|3698
Moréac|47.92|-2.8203|3698
Audierne|48.0231|-4.5398|3697
Kaltbrunn|47.2135|9.025|3694
San Pietro di Gorizia|45.9303|13.6399|3694
Estrées-Saint-Denis|49.4266|2.6441|3693
Binic|48.6008|-2.8249|3693
Vouillé|46.639|0.1659|3693
Saint-Germain-du-Corbéis|48.4222|0.0636|3693
Coulanges-lès-Nevers|47.0055|3.1881|3693
Belleu|49.3592|3.3356|3693
La Chapelle-Saint-Ursin|47.0628|2.3213|3692
Montgermont|48.1557|-1.7162|3692
Buchkirchen|48.2242|14.0226|3691
Lectoure|43.9353|0.6219|3690
Lannach|46.9428|15.3336|3689
Saint-Clair-du-Rhône|45.4385|4.771|3689
Varennes-sur-Seine|48.3766|2.9301|3688
Saint-Héand|45.5296|4.3753|3686
Adnet|47.6964|13.1308|3685
Garchizy|47.0467|3.0948|3685
Geneston|47.0552|-1.5151|3685
Cugand|47.0637|-1.255|3685
Egg|47.4314|9.8974|3684
Étrépagny|49.3066|1.6111|3684
Les Rousses|46.4856|6.0603|3683
Champagné|48.0168|0.3318|3683
Pélussin|45.418|4.6781|3682
Morannes|47.7443|-0.4175|3682
Rochechouart|45.822|0.8198|3681
Schüpfen|47.0394|7.3779|3680
Saïx|43.5818|2.1832|3680
Mondragon|44.2386|4.7135|3679
Ludesch|47.1955|9.7826|3677
Veyre-Monton|45.6733|3.1648|3675
Chauffailles|46.2077|4.3382|3675
Marzy|46.9804|3.0932|3675
Moncé-en-Belin|47.8941|0.2039|3675
Viviers|44.483|4.6898|3674
Guenrouet|47.5198|-1.9547|3673
Peyrehorade|43.5441|-1.1051|3673
Breteil|48.1459|-1.8996|3670
Chamoson|46.2013|7.2233|3669
Pottendorf|47.9101|16.3875|3669
Ézy-sur-Eure|48.8658|1.4199|3669
Commequiers|46.7613|-1.8397|3669
Maishofen|47.3612|12.8061|3667
Saint-Vallier-de-Thiey|43.6987|6.8479|3667
La Neuveville|47.0638|7.0928|3666
Montoire-sur-le-Loir|47.7528|0.8622|3666
Saint-Laurent-sur-Sèvre|46.9597|-0.8888|3664
Saint-Ay|47.8606|1.7535|3661
Silly-en-Gouffern|48.7545|0.0699|3660
Isneauville|49.4988|1.1416|3657
Hedingen|47.2984|8.449|3655
Plobannalec|47.8224|-4.2292|3655
Chauconin-Neufmontiers|48.9735|2.838|3655
Landéda|48.587|-4.572|3654
Château-d'Oex|46.4738|7.1303|3653
Masevaux|47.7749|6.9958|3653
Oberalm|47.7002|13.0989|3652
La Rivière-de-Corps|48.2864|4.0279|3651
Bärnbach|47.0726|15.1263|3650
Peynier|43.4472|5.6403|3650
Bailly|48.838|2.0802|3650
Traisen|48.0435|15.6099|3649
Givry|46.7831|4.7433|3649
La Ferté-Alais|48.4824|2.3476|3649
Pont-de-l'Isère|45.0043|4.8715|3648
Châteauneuf-du-Faou|48.1863|-3.8129|3648
Salindres|44.167|4.1595|3648
Guipry|47.8252|-1.8403|3646
Callian|43.6224|6.7528|3646
Montrichard Val de Cher|47.3431|1.1843|3645
Marcy-l'Étoile|45.7817|4.7071|3644
Estrablin|45.5164|4.9628|3643
Morschwiller-le-Bas|47.7366|7.2707|3642
Les Lucs-sur-Boulogne|46.8441|-1.4949|3642
Saint-Maur|46.8055|1.6385|3641
Saint-Léger-du-Bourg-Denis|49.4288|1.1641|3641
Soubise|45.9263|-1.0077|3641
Luterbach|47.2146|7.5839|3640
Neuvic|45.1006|0.4691|3640
Pucking|48.1888|14.1849|3639
Latresne|44.7846|-0.4969|3639
Saint-Germain-des-Fossés|46.2068|3.4321|3638
Bellignat|46.2419|5.6293|3636
Templemars|50.5762|3.0529|3635
Plestin-les-Grèves|48.6546|-3.6317|3635
Le Vaudreuil|49.2551|1.205|3632
La Tour-de-Trême|46.6086|7.0659|3630
St. Michael im Lungau|47.099|13.6377|3630
Altenmarkt im Pongau|47.3784|13.4234|3628
Unterengstringen|47.4131|8.4491|3627
Doussard|45.7761|6.22|3626
Flassans-sur-Issole|43.3678|6.2138|3621
Laufenburg|47.5605|8.0602|3620
Aschbach-Markt|48.0728|14.7494|3620
Rivery|49.9006|2.3217|3620
Alénya|42.6391|2.9807|3619
Bohars|48.4288|-4.5156|3615
Saint-Laurent-d'Aigouze|43.6343|4.1957|3613
Rieumes|43.4123|1.1187|3612
Longeville-lès-Saint-Avold|49.1187|6.646|3611
Varennes-sur-Allier|46.3127|3.4034|3609
Gelos|43.2852|-0.3709|3609
Hittnau|47.3683|8.8234|3608
Villers-Semeuse|49.7431|4.7456|3608
Noyal-Pontivy|48.0676|-2.8827|3607
Tamsweg|47.1261|13.8104|3606
Avesnes-les-Aubert|50.1977|3.3777|3606
Pleyben|48.2261|-3.9689|3605
Plaffeien|46.7415|7.2865|3601
Derval|47.6674|-1.6702|3601
Ribnica|45.74|14.726|3600
Tolmino|46.1829|13.7333|3600
Žiri|46.0511|14.1106|3600
Argonay|45.9441|6.1428|3600
Chaniers|45.7171|-0.558|3597
Bellac|46.1206|1.0501|3596
Pont-de-Buis-lès-Quimerch|48.2557|-4.0859|3595
Cléder|48.6613|-4.104|3594
Sainte-Catherine|50.3049|2.7635|3594
Clamecy|47.4599|3.5188|3593
Thury-Harcourt|48.9842|-0.4746|3593
Gallargues-le-Montueux|43.7221|4.1744|3592
Kappel SO|47.323|7.8495|3591
Prinquiau|47.3631|-2.0107|3591
Saint-Philbert-de-Bouaine|46.986|-1.5194|3590
Gallardon|48.5243|1.6897|3589
Alata|41.9768|8.7434|3587
Dampmart|48.8852|2.7355|3586
Bavans|47.4831|6.7297|3585
Laragne-Montéglin|44.3149|5.823|3585
Saint-Soupplets|49.0384|2.8062|3585
Bruyères-le-Châtel|48.5923|2.1909|3584
Cabourg|49.2934|-0.1155|3583
Steinach|47.5006|9.4391|3582
Leogang|47.4386|12.7599|3582
Saint-Jean-de-Moirans|45.3411|5.5818|3582
Vic-Fezensac|43.7594|0.3042|3581
Söll|47.5038|12.1915|3578
Varangéville|48.6341|6.3131|3578
Saint-Tropez|43.2727|6.6405|3578
Saint-Selve|44.6704|-0.4809|3578
Arrou|48.0996|1.1225|3577
Belmont-sur-Lausanne|46.5201|6.6801|3575
Lumbres|50.7051|2.1218|3575
Hérimoncourt|47.4419|6.882|3575
Chambésy|46.2434|6.1465|3574
Schänis|47.1592|9.0467|3573
Berg TG|47.5795|9.1682|3573
Dun-sur-Auron|46.8854|2.5697|3572
Borba|38.8058|-7.4542|3571
Sartena|41.6209|8.9722|3570
Canet|43.6013|3.4886|3570
Isigny-sur-Mer|49.3194|-1.1008|3570
Chavagnes-en-Paillers|46.8931|-1.2507|3568
Allennes-les-Marais|50.5404|2.9504|3567
Échillais|45.8983|-0.9524|3567
Orcines|45.7853|3.0114|3566
Sankt Martin im Mühlkreis|48.4155|14.0395|3565
Amélie-les-Bains-Palalda|42.4742|2.6653|3565
Deauville|49.3595|0.0747|3563
Pont-de-Beauvoisin|45.536|5.6705|3562
Bergues|50.9684|2.4325|3561
Pringy|48.5216|2.5587|3558
Montmirail|48.8709|3.5382|3557
Nouvoitou|48.0414|-1.5481|3554
Châteauneuf-sur-Charente|45.6001|-0.0544|3554
Barby|45.5705|5.981|3553
Plan-d'Orgon|43.8084|4.9983|3552
Sainte-Gemmes-sur-Loire|47.4243|-0.5588|3552
Aubin|44.5273|2.2434|3552
Bütschwil|47.3618|9.072|3550
Jonzac|45.4454|-0.4321|3550
Cournonsec|43.5482|3.7|3550
Quincieux|45.9143|4.7738|3549
Nogent|48.027|5.3417|3548
Espaly-Saint-Marcel|45.0465|3.8658|3547
Corps-Nuds|47.978|-1.5874|3543
Messimy|45.6985|4.6742|3543
Bourg-Blanc|48.4992|-4.506|3542
Danjoutin|47.6185|6.8628|3541
Montréal-la-Cluse|46.1866|5.5705|3541
Bourcefranc-le-Chapus|45.847|-1.1466|3541
Puygouzon|43.8923|2.1694|3540
Steenwerck|50.7006|2.7763|3540
Vrigne-aux-Bois|49.7383|4.8567|3540
Fillinges|46.1586|6.3424|3537
La Bernerie-en-Retz|47.0814|-2.0384|3536
Pfungen|47.5161|8.6454|3535
Hornaing|50.3694|3.3374|3535
Espira-de-l'Agly|42.7762|2.8362|3532
Apprieu|45.3993|5.5025|3530
Réalmont|43.7761|2.189|3529
Saint-Germain-Laprade|45.0381|3.9688|3528
Plouescat|48.6572|-4.1743|3528
Schwarzach im Pongau|47.3211|13.151|3526
Saint-Brice-Courcelles|49.262|3.9867|3526
Baziège|43.4552|1.6131|3523
Tavannes|47.2201|7.1987|3522
Le Breuil|46.8102|4.4721|3522
Eferding|48.3083|14.0204|3521
Fontvieille|43.7265|4.7077|3521
Cléry-Saint-André|47.8212|1.7569|3520
Soorts-Hossegor|43.6584|-1.4262|3520
Chanceaux-sur-Choisille|47.4721|0.7013|3519
Lizy-sur-Ourcq|49.0273|3.0218|3519
Mauriac|45.2178|2.3319|3519
Rocheservière|46.9385|-1.5097|3519
Lapugnoy|50.5204|2.5342|3518
Savigny|46.5384|6.7316|3517
Échiré|46.3919|-0.4155|3517
Pleumeleuc|48.1844|-1.9191|3517
Seefeld in Tirol|47.3289|11.1867|3516
Ybbsitz|47.948|14.8952|3516
Saint-Julien-lès-Metz|49.1348|6.2033|3514
Ruaudin|47.9437|0.2665|3514
Nazelles-Négron|47.432|0.9533|3512
Ennetbaden|47.4786|8.3154|3511
Studen BE|47.1117|7.3015|3510
Saint-Évarzec|47.9368|-4.0217|3508
Muotathal|46.9747|8.7658|3507
Locoal-Mendon|47.7117|-3.1051|3507
Montalieu-Vercieu|45.816|5.4038|3507
Martillac|44.7142|-0.5422|3504
Olemps|44.3386|2.5541|3503
Gipf-Oberfrick|47.4975|8.003|3502
Bains-sur-Oust|47.7043|-2.072|3502
Saint-Savournin|43.4064|5.5272|3501
Laško|46.1538|15.2355|3500
Barbazan-Debat|43.1965|0.1176|3500
Saint-Colomban|47.0098|-1.5834|3500
St Asaph|53.2576|-3.4439|3500
Ebergassing|48.045|16.5211|3499
Rupt-sur-Moselle|47.9269|6.6598|3497
Varilhes|43.0424|1.6273|3495
Bassecourt|47.3371|7.2441|3492
Kirchdorf in Tirol|47.5587|12.449|3492
Issenheim|47.9024|7.2535|3491
Pradines|44.4795|1.404|3490
Crémieu|45.7242|5.2475|3490
Sainte-Tulle|43.7858|5.7627|3489
Zufikon|47.3483|8.358|3488
Sölden|46.9666|11.0073|3488
Igis|46.9458|9.5736|3487
Colomarte|43.7616|7.2183|3487
Neufeld an der Leitha|47.8678|16.3764|3486
Saint-Éloy-les-Mines|46.1612|2.8346|3486
Vals-les-Bains|44.6553|4.3657|3485
Sauvagnon|43.4044|-0.3859|3484
Haidershofen|48.077|14.4593|3483
Saint-Georges-d'Espéranche|45.5575|5.0808|3483
Gramat|44.779|1.7234|3482
Klingnau|47.581|8.25|3480
Saint-Didier-en-Velay|45.3019|4.2753|3480
La Roche-de-Glun|45.0134|4.8443|3478
Magalas|43.4724|3.2222|3478
Elsau|47.5048|8.8016|3477
Breitenbach am Inn|47.4785|11.9738|3475
Moûtiers|45.485|6.534|3475
Merenschwand|47.2607|8.3733|3474
Weyersheim|48.7182|7.8025|3473
Étain|49.2133|5.6363|3473
Adelboden|46.4927|7.5588|3472
Bréhal|48.8982|-1.5119|3472
Saint-Martin-de-Belleville|45.3798|6.5046|3472
Tuggen|47.2023|8.9425|3469
Plouër-sur-Rance|48.5277|-2.0031|3469
Cherves-de-Cognac|45.7443|-0.3576|3468
Savigneux|45.6064|4.0879|3468
Villaz|45.9512|6.1916|3468
Westendorf|47.432|12.2142|3467
La Chapelle-Heulin|47.176|-1.3404|3467
Saint-Erblon|48.0181|-1.6513|3466
Taninges|46.1075|6.5914|3465
Lavernose-Lacasse|43.3965|1.262|3465
Millstatt|46.8051|13.5715|3464
Villeneuve-la-Guyard|48.3398|3.0663|3464
Saint-Lambert-du-Lattay|47.3019|-0.632|3464
La Forêt-Fouesnant|47.9082|-3.9797|3463
Gerstheim|48.3804|7.7018|3463
Chacé|47.2148|-0.0749|3463
Crèvecœur-le-Grand|49.611|2.0818|3462
Corsier-sur-Vevey|46.4706|6.8437|3459
Verquin|50.5012|2.6412|3459
Lampertheim|48.6504|7.7004|3458
Haucourt-Moulaine|49.4895|5.8064|3458
Caromb|44.1111|5.1078|3458
Arcangues|43.4367|-1.5216|3457
Schrems|48.7934|15.069|3455
Orry-la-Ville|49.1312|2.5137|3455
Mirande|43.5148|0.404|3454
Orbey|48.1273|7.1622|3453
Beckenried|46.9664|8.4745|3452
Belfaux|46.8216|7.1069|3452
Roggwil TG|47.4998|9.3955|3452
Boujan-sur-Libron|43.3721|3.2484|3452
Bournezeau|46.636|-1.1706|3451
Montussan|44.8817|-0.4286|3451
Sainte-Geneviève|49.2874|2.1995|3450
Nantua|46.1534|5.6059|3449
Marssac-sur-Tarn|43.9177|2.0293|3449
Sorède|42.5304|2.9565|3448
Troarn|49.1819|-0.1821|3446
Azay-le-Rideau|47.2615|0.4667|3442
Artix|43.3974|-0.5722|3440
Saint-Caprais-de-Bordeaux|44.7505|-0.4364|3440
Stallikon|47.3269|8.4901|3438
Saint-Céré|44.8586|1.8922|3438
Châteauneuf-de-Gadagne|43.9276|4.9443|3437
Aix-en-Othe|48.2226|3.7318|3437
Langeac|45.1001|3.4942|3437
La Roche-Blanche|45.7085|3.1276|3436
Saint-Julien-les-Rosiers|44.1739|4.109|3436
Roura|4.726|-52.3259|3436
Giswil|46.8382|8.188|3435
Traînou|47.9705|2.1029|3435
Landrecies|50.125|3.6913|3435
Enzesfeld|47.9208|16.1853|3434
Béligneux|45.8677|5.128|3434
Saint-Jeoire|46.1386|6.4582|3431
Vouillé|46.3143|-0.3677|3431
Culoz|45.8477|5.7809|3426
Saint-Clair-de-la-Tour|45.5724|5.4835|3425
Sulgen|47.5453|9.1816|3422
Hof bei Salzburg|47.8197|13.2131|3422
Marines|49.1452|1.9832|3422
Crac'h|47.6167|-3.0011|3422
Hinterbrühl|48.0869|16.2468|3420
Bürs|47.1512|9.8036|3418
Vic-la-Gardiole|43.4869|3.7962|3416
Naizin|47.9892|-2.8315|3415
Mouriès|43.6892|4.8714|3414
La Jarrie|46.129|-1.0082|3414
Le Pallet|47.1396|-1.3376|3413
Plougonven|48.5208|-3.7123|3412
La Buisse|45.3333|5.6203|3411
Mercury|45.6753|6.336|3411
Thomery|48.409|2.7848|3411
Chalais|46.2654|7.5085|3410
Arbent|46.2947|5.6805|3409
Mauves-sur-Loire|47.2954|-1.3936|3409
Ligugé|46.5202|0.3326|3408
Carcès|43.476|6.1826|3405
Melgven|47.9064|-3.8349|3405
Fontanil-Cornillon|45.2557|5.6655|3405
Fargues-Saint-Hilaire|44.823|-0.444|3404
Férel|47.4825|-2.3437|3404
Reichenburg|47.1692|8.9755|3402
Hasle bei Burgdorf|47.0173|7.6493|3402
Vals-près-le-Puy|45.0301|3.8757|3402
Chaumes-en-Brie|48.6648|2.8424|3401
Ljutomer|46.5187|16.1967|3400
Mežica|46.5195|14.8522|3400
Salcano|45.9715|13.647|3400
Saint-André|42.5522|2.9737|3400
Bernis|43.7656|4.2861|3397
Servon|48.7159|2.5856|3396
Rafz|47.6116|8.5403|3395
Notre-Dame-du-Guildo|48.5792|-2.2203|3394
Saint-Romain-de-Jalionas|45.7525|5.22|3393
Beauce-la-Romaine|47.9095|1.5283|3393
Pompignac|44.8503|-0.4374|3393
Triengen|47.2352|8.0767|3392
Saint-Cyr-en-Val|47.8321|1.9685|3392
Mertzwiller|48.866|7.6823|3391
L'Herbergement|46.91|-1.3758|3390
Saint-Pierre-d'Allevard|45.374|6.0451|3389
Vacallo|45.8473|9.0348|3388
Montbert|47.0567|-1.4878|3388
Saucats|44.6528|-0.5959|3388
Entlebuch|46.9922|8.0646|3387
Saint-Sulpice-de-Royan|45.6721|-1.0112|3387
Cérans-Foulletourte|47.8259|0.0736|3387
Hégenheim|47.5625|7.5262|3386
Mours-Saint-Eusèbe|45.0703|5.051|3385
Coëx|46.6986|-1.7594|3383
Loyettes|45.7739|5.2054|3381
Feillens|46.336|4.8876|3381
Saint-Andiol|43.8363|4.9442|3380
Briis-sous-Forges|48.6247|2.1243|3380
Andeville|49.2597|2.1685|3380
Gouveia|40.494|-7.5918|3380
St-Sulpice VD|46.5101|6.5581|3378
Saint-Brès|43.6634|4.0303|3378
Moult|49.1155|-0.1657|3378
Morhange|48.9251|6.6458|3377
Brassac-les-Mines|45.4131|3.3295|3376
Penta-di-Casinca|42.4671|9.4595|3376
Zwischenwasser|47.2816|9.6639|3375
San Martino del Varo|43.822|7.1918|3375
Renage|45.332|5.4865|3374
Puiseaux|48.204|2.4725|3374
Vourles|45.6604|4.7753|3374
Puch bei Hallein|47.7169|13.0905|3373
Quissac|43.9105|4.0011|3373
Carling|49.1683|6.7181|3373
Sainte-Marie-de-Ré|46.1492|-1.3115|3372
Le Porge|44.8728|-1.0927|3371
Le Theil|48.2642|0.6882|3369
Saint-André-de-Corcy|45.9281|4.9535|3368
Bad Schallerbach|48.2304|13.9194|3367
Merlimont|50.4553|1.6148|3367
Hulluch|50.4868|2.8134|3367
Méréville|48.3149|2.0876|3364
Veuzain-sur-Loire|47.5005|1.1722|3364
Miréréni|-12.9055|45.1536|3364
Miréréni|-12.7898|45.1405|3364
Saint-Sauveur-Lendelin|49.132|-1.4122|3362
Saint-Ambroix|44.26|4.1998|3361
La Boisse|45.8417|5.0329|3361
Mérignies|50.5061|3.1103|3360
Saint-Vincent-de-Paul|43.742|-1.0002|3360
Wolkersdorf im Weinviertel|48.383|16.5181|3359
Cocheren|49.1441|6.8572|3359
Clouange|49.2606|6.0943|3359
Vertaizon|45.7704|3.2881|3358
Bourg-des-Comptes|47.9298|-1.7389|3358
Büren an der Aare|47.1399|7.3723|3356
Chaumontel|49.1209|2.4303|3356
Lambach|48.092|13.8724|3353
Ruffec|46.0287|0.1995|3353
Les Houches|45.8915|6.7991|3353
Bischoffsheim|48.4877|7.4902|3352
Durtal|47.6705|-0.2454|3351
Grosseto|41.8713|8.9638|3349
Cléguer|47.8549|-3.3826|3348
Essert|47.6324|6.8176|3348
Tosse|43.6883|-1.3338|3348
Saint-Savin|45.1394|-0.4464|3347
Chaumont-en-Vexin|49.2626|1.8821|3346
Vouvray|47.4137|0.7998|3346
Froges|45.2732|5.9244|3345
Cerny|48.4763|2.3297|3345
Sankt Lorenzen im Mürztal|47.4831|15.3709|3344
Oberwaltersdorf|47.976|16.3233|3343
Iwuy|50.2329|3.3216|3343
Elliant|47.9951|-3.8905|3343
Neauphle-le-Château|48.8111|1.9038|3340
Buchelay|48.9794|1.6717|3340
Saint-Yvi|47.9674|-3.9371|3339
Champ-sur-Drac|45.0771|5.73|3339
Saint-Léonard|50.6888|1.6271|3338
Mollis|47.0934|9.0744|3337
Villelaure|43.711|5.434|3337
Attignat|46.2894|5.1635|3336
Afa|41.9838|8.7967|3336
Stein am Rhein|47.6597|8.8597|3334
Frépillon|49.0512|2.2032|3334
Saint-Cast-le-Guildo|48.6241|-2.2618|3334
Roscoff|48.7256|-3.9829|3334
Collégien|48.8362|2.6732|3334
Pont-sur-Yonne|48.2853|3.2046|3333
Mont-près-Chambord|47.5612|1.4551|3333
Aigues-Vives|43.74|4.1794|3331
Louvigné-du-Désert|48.4815|-1.1231|3331
Mellac|47.904|-3.5776|3329
Erlinsbach SO|47.3968|8.008|3327
Göfis|47.2364|9.6313|3327
Baho|42.7042|2.8217|3327
Lespignan|43.2743|3.1698|3325
Anduze|44.0546|3.9857|3324
Le Mouret|46.7487|7.1718|3323
Wizernes|50.71|2.2284|3323
La Foa|-21.7097|165.8259|3323
Besné|47.3972|-2.0921|3322
Choisy-au-Bac|49.4396|2.8774|3322
Lécousse|48.3684|-1.2177|3322
Zizers|46.937|9.5665|3320
Steckborn|47.6653|8.9815|3320
Castillon-la-Bataille|44.8533|-0.0451|3320
Laab|48.3518|13.5541|3319
Capestang|43.3266|3.0457|3318
Frévent|50.2782|2.293|3318
Annet-sur-Marne|48.9264|2.7189|3317
Monterblanc|47.7439|-2.6799|3316
Treize-Septiers|46.9851|-1.2304|3316
Steinach am Brenner|47.0907|11.4666|3314
Saxon|46.1453|7.1807|3312
Lavérune|43.5848|3.8036|3312
Saint-Samson-de-Bonfossé|49.0494|-1.1279|3312
Saint-Nicolas-de-Redon|47.6441|-2.069|3311
Bösingen|46.8924|7.2274|3309
Frossay|47.244|-1.9341|3307
Boves|49.8464|2.3933|3306
Albias|44.0908|1.4503|3305
Mareuil-lès-Meaux|48.9267|2.8635|3304
Balerna|45.8492|9.0071|3303
Odos|43.1974|0.0581|3303
Saint-Mammès|48.3887|2.8076|3302
Mireval|43.5082|3.8019|3302
Anould|48.1851|6.9469|3301
Villelongue-de-la-Salanque|42.7264|2.9834|3301
Rouans|47.1858|-1.8599|3301
Bassussarry|43.4464|-1.5149|3301
Trieben|47.4873|14.4857|3300
Saint-Pierre-Montlimart|47.2706|-1.0258|3299
Grosbliederstroff|49.1565|7.0255|3297
Sébazac-Concourès|44.4047|2.5992|3297
Viana do Castelo|41.6935|-8.8283|3297
Verbier|46.0961|7.2287|3296
Tragwein|48.3313|14.6221|3296
Amfreville-la-Mi-Voie|49.4068|1.1236|3296
Narrosse|43.6946|-1.0078|3295
Descartes|46.9741|0.6995|3294
Savonnières|47.3472|0.5523|3294
Ternberg|47.9458|14.3573|3293
Brain-sur-l'Authion|47.4456|-0.4114|3291
La Membrolle-sur-Choisille|47.4449|0.6271|3291
Saint-Just|49.1087|1.4404|3290
Berneck|47.4249|9.6102|3289
Airvault|46.8243|-0.1383|3287
Laupen BE|46.9033|7.2396|3285
Boissy-le-Châtel|48.8209|3.1363|3285
Ceyzériat|46.1774|5.3243|3285
Podensac|44.6508|-0.3558|3285
Sins|47.191|8.3946|3282
Saint-Just|43.6566|4.1146|3282
Longages|43.3556|1.24|3280
Romanel-sur-Lausanne|46.5621|6.6056|3279
Saint-Étienne-de-Saint-Geoirs|45.3401|5.344|3279
Sérent|47.8225|-2.5053|3279
Santa Comba Dão|40.3961|-8.13|3279
Brienz BE|46.756|8.0303|3278
Sarrola|42.0293|8.843|3278
Ins|47.0059|7.1056|3277
Lagardelle-sur-Lèze|43.4144|1.3881|3277
Houplin-Ancoisne|50.5621|3.0012|3275
Tägerwilen|47.6564|9.1311|3273
Rubelles|48.5589|2.6825|3273
Doubs|46.9275|6.3486|3272
Malissard|44.9007|4.9591|3271
La Chapelle-Launay|47.372|-1.9717|3270
Moussy-le-Neuf|49.0648|2.6015|3270
Saint-Blaise|47.0131|6.9879|3269
Langholzfeld|48.2426|14.2434|3269
Bonne|46.1673|6.3217|3269
Forcalqueiret|43.3377|6.0825|3269
La Loupe|48.4737|1.0252|3268
Luc-sur-Mer|49.317|-0.356|3268
Les Noës-près-Troyes|48.303|4.04|3267
Le Landreau|47.2049|-1.3062|3267
Seilh|43.695|1.3535|3266
Corcoué-sur-Logne|46.966|-1.5773|3265
Sallertaine|46.8594|-1.9588|3265
Le Folgoët|48.5636|-4.34|3264
Saint-Médard-d'Eyrans|44.7137|-0.5083|3263
Dordives|48.1457|2.7674|3263
Précy-sur-Oise|49.2067|2.3722|3259
Le Thillot|47.8804|6.7634|3257
Azé|47.8183|-0.6886|3256
Biel-Benken BL|47.5068|7.521|3255
Weisslingen|47.4319|8.7641|3255
Creuzier-le-Vieux|46.1616|3.4387|3254
Gouville-sur-Mer|49.0968|-1.5811|3254
Les Pieux|49.5138|-1.8083|3253
Sainte-Florine|45.403|3.3179|3253
Saint-Michel|49.9187|4.134|3252
Auribeau-sur-Siagne|43.6002|6.9106|3251
Pontpoint|49.3023|2.654|3251
Magland|46.0204|6.6207|3251
La Ville-Dieu-du-Temple|44.0363|1.2187|3251
Rheineck|47.4706|9.5841|3250
Haveluy|50.3526|3.4037|3250
Salles-d'Aude|43.239|3.1155|3250
Schindellegi|47.1756|8.7112|3249
Montanay|45.8781|4.8602|3249
Brou|48.2111|1.1663|3248
Magnac-sur-Touvre|45.6658|0.2371|3248
Romilly-sur-Andelle|49.3315|1.2583|3247
Pleuven|47.9076|-4.0435|3247
Portiragnes|43.3036|3.3348|3247
Cossé-le-Vivien|47.9445|-0.9118|3246
Coutiches|50.4524|3.2015|3246
Bavay|50.2979|3.7949|3246
La Tour-du-Crieu|43.1013|1.6505|3246
Exincourt|47.5009|6.836|3245
Flixecourt|50.0117|2.0826|3245
Cessieu|45.5671|5.3824|3244
Bram|43.2436|2.115|3239
Veynes|44.5349|5.8245|3238
Rechnitz|47.3049|16.4409|3237
Picauville|49.3787|-1.4039|3237
Carantec|48.6684|-3.9143|3236
Staufen|47.38|8.1665|3235
Gumpoldskirchen|48.0454|16.2778|3233
Ville di Pietrabugno|42.7128|9.4322|3232
Bousse|49.2763|6.1984|3231
Dieulefit|44.5237|5.0664|3230
Plélo|48.5567|-2.9465|3230
Montendre|45.2854|-0.4095|3228
Fretin|50.5596|3.1351|3227
Saint-Hippolyte|42.7838|2.9667|3227
Échenoz-la-Méline|47.6018|6.1393|3225
Lignan-sur-Orb|43.3828|3.1729|3224
Illiers-Combray|48.2995|1.2444|3224
Saint-Michel|45.642|0.1061|3224
Nay|43.1799|-0.2622|3224
Alberschwende|47.4503|9.8314|3223
Latour-Bas-Elne|42.6077|3.0025|3221
La Machine|46.8899|3.4658|3220
Rochecorbon|47.4141|0.7549|3220
Isola Rossa|42.6345|8.9381|3220
Volx|43.8783|5.8412|3219
Grimisuat|46.2607|7.3858|3218
Spicheren|49.1924|6.9678|3218
Sementina|46.1827|8.9926|3217
Vonnas|46.219|4.9925|3216
Argenton-les-Vallées|46.9854|-0.45|3213
Vescovato|42.4937|9.4387|3212
Semoy|47.9324|1.9491|3211
Founex|46.3338|6.1944|3210
Plogonnec|48.0776|-4.1916|3210
Penthalaz|46.6113|6.5252|3209
Maulévrier|47.0082|-0.7452|3208
Mezel|45.7568|3.2417|3208
Bad Radkersburg|46.6881|15.9881|3207
Le Vernet|43.4338|1.4325|3207
Rostrenen|48.2376|-3.3161|3207
Ambès|45.0122|-0.5292|3207
Metlika|45.6501|15.3174|3206
Puylaurens|43.5726|2.0134|3204
Escaudœuvres|50.1946|3.2667|3204
Anor|49.9914|4.101|3204
Merlevenez|47.736|-3.2351|3203
Saint-Malo-de-Guersac|47.3516|-2.1773|3203
Dolomieu|45.6135|5.5012|3203
Hermanville-sur-Mer|49.287|-0.3144|3203
Knutange|49.3407|6.039|3202
Saint-Georges-sur-Baulche|47.8049|3.5312|3201
Saint-Parres-aux-Tertres|48.2979|4.1196|3201
Gornja Radgona|46.677|15.9913|3200
Ancarano|45.579|13.7365|3200
Montagny|45.6284|4.7471|3200
Renaison|46.0518|3.9262|3200
Jallais|47.1955|-0.8675|3200
Bonifacio|41.3872|9.1591|3200
Fontfreyde|45.7049|3.0039|3200
Buhl|47.9278|7.1885|3199
Wattenwil|46.7692|7.5077|3198
Verneuil-l'Étang|48.6452|2.8358|3198
Souillac|44.895|1.4773|3198
Capesterre-de-Marie-Galante|15.8927|-61.2216|3198
Toussieu|45.6569|4.985|3195
Marsilly|46.2314|-1.1367|3194
Montsûrs|48.1348|-0.554|3193
Arbois|46.9032|5.7728|3193
Gagnac-sur-Garonne|43.6974|1.3755|3192
Neuvecelle|46.3956|6.6123|3192
Offranville|49.8704|1.0502|3191
Tartas|43.8323|-0.8096|3191
Ober-Grafendorf|48.15|15.5438|3189
La Tessoualle|47.005|-0.8506|3189
Le Boupère|46.7955|-0.9252|3189
Murgenthal|47.2671|7.8365|3188
Lissieu|45.8652|4.7422|3188
Druelle|44.3606|2.5053|3188
Quettreville-sur-Sienne|48.9689|-1.4685|3188
Bistrica pri Tržiču|46.3562|14.2923|3187
Bätterkinden|47.1318|7.5399|3186
Pleyber-Christ|48.5048|-3.8753|3186
Langenwang|47.5678|15.6223|3185
Dissay|46.6985|0.428|3185
Lenart|46.5764|15.831|3184
Selzach|47.2055|7.4549|3183
Mönchaltorf|47.3128|8.7223|3183
Imphy|46.9281|3.2628|3183
Saint-Paul-de-Vence|43.698|7.1216|3183
Schmerikon|47.2256|8.9416|3182
Isigny-le-Buat|48.6201|-1.1716|3182
Grandson|46.8086|6.6418|3181
Saint-Martin-le-Beau|47.3563|0.909|3181
Berlaimont|50.2026|3.8123|3180
Thierville-sur-Meuse|49.1706|5.348|3179
Kierling|48.3092|16.2767|3178
Chantraine|48.168|6.4359|3177
Coubon|44.9966|3.9178|3177
Oberpullendorf/Felsőpulya|47.5013|16.5055|3176
Saint-Quay-Portrieux|48.6521|-2.8306|3175
Hoymille|50.973|2.4485|3173
Sainte-Bazeille|44.5292|0.0931|3173
Guécélard|47.8772|0.1295|3172
La Gaubretière|46.9428|-1.0648|3172
Appoigny|47.8782|3.5237|3170
Mauron|48.0835|-2.284|3170
Pers-Jussy|46.1067|6.2677|3170
Mayet|47.7592|0.2752|3164
Saint-Georges-des-Groseillers|48.7702|-0.5727|3164
Baraqueville|44.2768|2.4335|3163
Porcheville|48.9717|1.7767|3162
La Guerche-sur-l'Aubois|46.9537|2.9445|3162
Meschers-sur-Gironde|45.5581|-0.9539|3160
Saint-Gervais-la-Forêt|47.5679|1.3616|3159
Kaprun|47.2714|12.7574|3158
Davézieux|45.2567|4.7058|3158
Boussois|50.2907|4.0392|3157
Crêches-sur-Saône|46.2464|4.7868|3156
Behamberg|48.0344|14.4978|3155
Valensole|43.8379|5.984|3155
Dolus-d'Oléron|45.9112|-1.2619|3155
Montmorot|46.677|5.5302|3154
Bouvron|47.4178|-1.8476|3153
Scherwiller|48.2862|7.4195|3153
Barakani|-12.8391|45.1311|3153
Saint-Jacques-sur-Darnétal|49.4408|1.2056|3152
Arleux|50.2817|3.1053|3151
Briollay|47.5655|-0.5073|3151
Fumay|49.991|4.7053|3151
Saint-Seurin-sur-l'Isle|45.0124|-0.0009|3151
Stein|47.5451|7.954|3150
Schörfling am Attersee|47.9464|13.6036|3150
Évry-les-Châteaux|48.6533|2.632|3150
Stettlen|46.9584|7.5252|3149
Werfen|47.4758|13.1889|3148
Rannersdorf|48.1312|16.4673|3148
Saône|47.2249|6.1169|3148
Umhausen|47.1379|10.9299|3147
Soultz-sous-Forêts|48.9374|7.8843|3147
Givisiez|46.8145|7.1296|3146
Neuilly-Crimolois|47.2798|5.1068|3146
Sainte-Marie|16.1004|-61.5634|3144
La Sentinelle|50.3497|3.4761|3143
Marsac-sur-l'Isle|45.1834|0.6562|3143
Fontoy|49.3571|5.995|3142
Montsinéry-Tonnegrande|4.892|-52.4928|3141
Charmes-sur-Rhône|44.8621|4.8342|3139
Breuil-le-Vert|49.3624|2.437|3139
Zistersdorf|48.5447|16.7621|3138
Colayrac-Saint-Cirq|44.2206|0.5536|3138
Lapalisse|46.2484|3.6323|3137
Hofstetten-Flüh|47.4775|7.5045|3136
Pont-à-Vendin|50.4738|2.8863|3136
Seltz|48.892|8.1068|3135
Béthisy-Saint-Pierre|49.3054|2.8032|3135
Palau-del-Vidre|42.5718|2.9601|3135
Jonschwil|47.4232|9.0867|3134
Escholzmatt|46.9141|7.9349|3134
Courroux|47.3599|7.3783|3134
Ouroux-sur-Saône|46.7216|4.9537|3134
Eschlikon TG|47.4627|8.9572|3133
Carpiquet|49.1841|-0.4417|3133
Quarouble|50.3864|3.6245|3131
Thurins|45.6816|4.6395|3131
Weidling|48.2904|16.3093|3130
Voujeaucourt|47.4724|6.7706|3130
Villers-Bocage|49.0805|-0.6555|3130
Blanc Coteaux|48.9049|4.0007|3130
Montfrin|43.8765|4.5912|3129
Château-Thébaud|47.1246|-1.4214|3129
Proville|50.1595|3.2063|3128
Pouillon|43.6053|-0.9974|3128
Portorose|45.5146|13.591|3127
Maringues|45.921|3.329|3127
Bernin|45.2694|5.8665|3126
Châtillon-sur-Loire|47.5904|2.7531|3126
Tribuswinkel|48.0063|16.2706|3125
Tence|45.1161|4.2892|3123
La Chapelle-en-Serval|49.122|2.5278|3120
Mirepoix|43.0881|1.8743|3120
Saint-Geniès-de-Malgoirès|43.9462|4.217|3120
Piré-sur-Seiche|48.0093|-1.4299|3120
Taxach|47.7224|13.0617|3119
Saint-Hilaire-Saint-Mesmin|47.8684|1.8368|3118
Mörschwil|47.4676|9.4227|3116
Gais|47.3625|9.4543|3116
Kronstorf|48.1422|14.4645|3115
Mattsee|47.97|13.1027|3114
Aigen-Schlägl|48.6443|13.9688|3111
Rue|50.2729|1.6673|3111
Quincampoix|49.521|1.1746|3110
Brienon-sur-Armançon|47.9934|3.6159|3110
Damelevières|48.5571|6.3871|3110
Montberon|43.7165|1.4805|3110
Plouézec|48.7496|-2.9855|3110
Les Fins|47.086|6.6317|3109
Aubusson|45.9554|2.1675|3108
Kleinhöflein|47.8408|16.5027|3107
Lansargues|43.6509|4.0727|3107
Le Tignet|43.64|6.8463|3105
Donville-les-Bains|48.8489|-1.5813|3103
Granges-Paccot|46.824|7.1442|3102
Chasseneuil-sur-Bonnieure|45.824|0.4487|3101
Custines|48.7912|6.1422|3101
Saillon|46.1716|7.1849|3100
Železniki|46.2258|14.1693|3100
Éloyes|48.0927|6.6112|3099
Camors|47.8475|-3.0001|3099
St. Ulrich bei Steyr|48.0218|14.4237|3098
Lailly-en-Val|47.771|1.6896|3098
Bonaduz|46.8113|9.3984|3097
Châteaugay|45.8502|3.0851|3096
Montesquieu-Volvestre|43.2086|1.2301|3096
Maisdon-sur-Sèvre|47.0972|-1.3839|3095
Besse-sur-Issole|43.3494|6.177|3095
Koppl|47.8078|13.1554|3093
Camblanes-et-Meynac|44.7683|-0.4852|3093
Mogadouro|41.3419|-6.7122|3093
Grüningen|47.2819|8.7613|3092
Chermignon-d'en-Haut|46.2889|7.4751|3092
Eggenburg|48.6432|15.8163|3092
Le Grand-Lemps|45.398|5.4197|3089
Saint-Thégonnec|48.5226|-3.9409|3089
Dravograd|46.5896|15.0235|3088
Bédoin|44.124|5.1807|3086
Étiolles|48.6381|2.4775|3086
Louannec|48.794|-3.412|3085
Château-Landon|48.1496|2.7033|3085
Rauris|47.2286|12.9941|3084
Rion-des-Landes|43.9352|-0.9224|3084
Velleron|43.9563|5.0292|3084
Asnières-sur-Oise|49.1339|2.3541|3082
Solaize|45.6406|4.8387|3082
Le Louroux-Béconnais|47.5216|-0.8855|3082
Morainvilliers|48.9275|1.9417|3082
Oberdorf NW|46.9576|8.3856|3081
Saint-Ciers-sur-Gironde|45.2935|-0.6158|3081
Trémentines|47.1219|-0.7885|3081
Azay-sur-Cher|47.3482|0.8463|3080
Pulversheim|47.8359|7.303|3080
Vir|46.1513|14.6055|3078
Murviel-lès-Béziers|43.4401|3.1437|3077
Sourdeval|48.7241|-0.9227|3077
Le Touvet|45.3592|5.9516|3076
Gilly-sur-Isère|45.6593|6.3491|3076
Miramont-de-Guyenne|44.6021|0.361|3076
Avensan|45.036|-0.7576|3076
Seewen SZ|47.0295|8.6304|3075
Méaudre|45.1269|5.5271|3075
Sankt Michael in Obersteiermark|47.3379|15.0211|3074
Gruchet-le-Valasse|49.5569|0.4866|3074
Däniken SO|47.3549|7.9812|3073
Benken SG|47.1973|9.004|3073
Lupfig|47.4397|8.2014|3073
Klaus|47.3078|9.6478|3073
Kahani|-12.8239|45.1317|3073
Trimmis|46.8971|9.5634|3072
Gasny|49.0905|1.6031|3072
Erbray|47.6552|-1.3179|3072
Saint-Léger-sous-Cholet|47.095|-0.9142|3072
Oberneukirchen|48.4645|14.2263|3071
Bérat|43.3794|1.1759|3071
Chauvé|47.1514|-1.9861|3070
Ingrandes|47.4041|-0.9209|3070
Vimoutiers|48.9297|0.1971|3069
Villiers-Saint-Frédéric|48.8197|1.8914|3068
Torricella-Taverne|46.0657|8.9248|3067
Guichainville|48.98|1.1864|3067
Thunstetten|47.2024|7.7583|3066
Birmenstorf AG|47.4611|8.2494|3066
Quillan|42.8751|2.1835|3066
Schötz|47.1698|7.9885|3065
Ottange|49.4425|6.0183|3065
Chorges|44.5451|6.2755|3065
Sallèles-d'Aude|43.2567|2.9486|3064
Le Bourg-d'Oisans|45.0547|6.0307|3063
Sainte-Anne-sur-Brivet|47.4597|-2.0057|3063
Yenne|45.7037|5.7587|3063
Beaumont|46.1031|6.1192|3063
Schönenberg an der Thur|47.5213|9.1987|3062
Thézan-lès-Béziers|43.4218|3.1704|3062
Rickenbach bei Wil|47.4478|9.0507|3061
Breuillet|45.6939|-1.0504|3060
Signes|43.2909|5.8637|3059
Port-Saint-Père|47.1328|-1.7497|3059
Le Molay-Littry|49.2427|-0.8718|3059
Lavausseau|46.5585|0.0721|3058
Galgon|44.9907|-0.2723|3058
Plancoët|48.5225|-2.2346|3057
Ploemel|47.6508|-3.0717|3056
Le Plan-de-la-Tour|43.3384|6.5454|3055
Agnetz|49.383|2.3846|3055
Tarouca|41.0162|-7.7752|3055
Saint-Calais|47.9201|0.7434|3054
La Tranche-sur-Mer|46.344|-1.4381|3054
Teloché|47.8877|0.2699|3053
Emmerin|50.5909|3.0058|3053
Gröbming|47.446|13.9009|3052
Saint-Didier-sur-Chalaronne|46.1774|4.8181|3052
Salomé|50.5365|2.8382|3051
Puttelange-aux-Lacs|49.053|6.9316|3051
Ardon|46.2105|7.2576|3050
Mauerbach|48.2462|16.166|3050
Gevrey-Chambertin|47.2262|4.9706|3049
Plouédern|48.4841|-4.2459|3046
Saint-Denis-de-l'Hôtel|47.8723|2.1285|3046
Saint-Quentin-la-Poterie|44.0445|4.4417|3046
Paimbœuf|47.2871|-2.0264|3045
Cornimont|47.9639|6.8398|3045
Fontaines-Saint-Martin|45.8443|4.8548|3043
Carentoir|47.817|-2.1348|3043
Nontron|45.5293|0.6623|3041
Waldkirch|47.4698|9.285|3040
Ploubazlanec|48.8009|-3.0327|3040
Gargas|43.9024|5.3581|3039
Saint-Jean-de-Liversay|46.271|-0.8729|3038
Moyenmoutier|48.3795|6.9128|3037
Schlüßlberg|48.2181|13.8721|3036
Neumarkt im Mühlkreis|48.4282|14.4845|3036
Médis|45.6423|-0.966|3036
Tarascon-sur-Ariège|42.8492|1.6043|3034
Bréviandes|48.2566|4.0955|3034
Lozanne|45.8563|4.6834|3031
Vila Nova de Foz Coa|41.0818|-7.1424|3030
Corminboeuf|46.8116|7.1052|3029
Škofljica|45.9854|14.5729|3029
Commelle-Vernay|46.0035|4.0575|3029
Boën-sur-Lignon|45.7456|4.0043|3029
Saint-Siméon-de-Bressieux|45.329|5.2644|3029
Gandrange|49.2706|6.125|3029
Villeneuve-de-Berg|44.5555|4.4985|3029
Champcevinel|45.2156|0.7272|3029
Ulrichsberg|48.6752|13.9105|3028
Rinxent|50.8064|1.74|3028
Subingen|47.194|7.6159|3027
Cosnac|45.131|1.5876|3026
Pleudihen-sur-Rance|48.5103|-1.951|3025
Saint-Ouen|47.8083|1.0772|3024
Niederwil AG|47.3764|8.2948|3023
Soues|43.2054|0.0992|3023
Saint-Vrain|48.5418|2.3343|3023
Tourouvre|48.5902|0.6511|3023
Saint-Venant|50.6238|2.5492|3022
Sainte-Croix-en-Plaine|48.0079|7.3859|3022
Ostermiething|48.0459|12.8303|3021
Belleville-sur-Meuse|49.1814|5.3703|3021
Chomérac|44.7081|4.6615|3020
Feucherolles|48.8726|1.9724|3020
Puisserguier|43.3679|3.0408|3020
Contrexéville|48.1805|5.8946|3019
Lezennes|50.6146|3.1165|3019
La Roche-Chalais|45.1526|0.0069|3018
La Flotte|46.1886|-1.3251|3017
Turbia|43.7453|7.4011|3015
Pommeuse|48.8163|3.0153|3015
Timelkam|48.0015|13.6125|3014
Hettlingen|47.5468|8.7095|3013
Faremoutiers|48.7993|2.9972|3013
Nesmy|46.5922|-1.4025|3012
Mardié|47.9014|2.0672|3011
Thiant|50.3046|3.4494|3011
Manom|49.3715|6.1883|3010
Cruas|44.6571|4.7626|3009
Milizac|48.4671|-4.5658|3009
Märstetten|47.5926|9.0678|3008
Démouville|49.1778|-0.2688|3008
Barjols|43.5581|6.0057|3006
Sainte-Hélène|44.9664|-0.8834|3004
Lecelles|50.4715|3.3952|3004
Chéreng|50.6111|3.2022|3001
Coufouleux|43.8176|1.7307|3001
Lancy|46.1843|6.1201|3000
Onex|46.1838|6.1007|3000
Cham|47.1824|8.4611|3000
Glattbrugg|47.4326|8.5648|3000
Tosanna|46.6972|9.4391|3000
Voitsberg|47.0505|15.1475|3000
Korneuburg|48.3441|16.3334|3000
Bruck an der Leitha|48.0255|16.779|3000
Schärding|48.457|13.4318|3000
Fehring|46.9361|16.0104|3000
Fürstenfeld|47.05|16.0817|3000
Leibnitz|46.7805|15.5407|3000
Bad Leonfelden|48.5227|14.2931|3000
Vils|47.5493|10.6305|3000
Schwechat|48.1397|16.478|3000
Schwanenstadt|48.0545|13.7749|3000
Reichenau an der Rax|47.6975|15.8383|3000
Dietach|48.0911|14.4159|3000
Thise|47.2837|6.0791|3000
Vaitape|-16.5065|-151.7514|3000
Hunete|-20.7631|167.0939|3000
Heo (St. Joseph)|-20.4509|166.5961|3000
Fayaoué|-20.6507|166.5358|3000
Le François|14.615|-60.9029|3000
Saint-Gilles-les-Bains|-21.0548|55.2248|3000
Atuona|-9.8037|-139.0426|3000
Motopu|-9.9064|-139.0679|3000
Hapatoni|-9.9707|-139.1233|3000
Taiohae|-8.9091|-140.1026|3000
Schœlcher|14.6169|-61.1005|3000
Le Vauclin|14.5453|-60.8399|3000
Rivière-Pilote|14.487|-60.9033|3000
Rivière-Salée|14.5277|-60.9788|3000
Ducos|14.5743|-60.9719|3000
Saint-Esprit|14.5623|-60.9327|3000
Gros-Morne|14.71|-61.006|3000
Le Lamentin|14.6146|-61.0018|3000
Saint-Joseph|14.6704|-61.0385|3000
Ouégoa|-20.345|164.4388|3000
Hakahau|-9.3659|-140.051|3000
La Rivière|-21.2636|55.4386|3000
La Ménardais|47.308|-1.6176|3000
Mahina|-17.5059|-149.4874|3000
Le Marin|14.4711|-60.8702|3000
Sainte-Luce|14.4683|-60.9215|3000
Taputapuātea|-16.8418|-151.4023|3000
Hanavave|-10.4638|-138.6631|3000
Le Robert|14.6776|-60.939|3000
La Trinité|14.738|-60.9646|3000
Sainte-Marie|14.7833|-60.993|3000
Papara|-17.7611|-149.5042|3000
Les Belleville|45.3831|6.5035|3000
Uturoa|-16.7298|-151.444|3000
Crouy|49.4025|3.36|2999
Schafisheim|47.3781|8.1432|2998
Kaltenleutgeben|48.1172|16.2|2998
Bergdietikon|47.3898|8.3865|2997
St. Valentin|48.1746|14.532|2997
Chapareillan|45.4629|5.9907|2997
Lorris|47.8895|2.5158|2997
Willems|50.6306|3.2383|2996
Saint-Nazaire-les-Eymes|45.2566|5.849|2995
Boisseuil|45.77|1.3308|2994
La Ferté-Frênel|48.841|0.5116|2993
Drumettaz-Clarafond|45.6582|5.9286|2992
Albigny-sur-Saône|45.8707|4.8323|2991
Dompierre-sur-Besbre|46.5216|3.6813|2990
Fohnsdorf|47.2074|14.6779|2989
Gémozac|45.5688|-0.6748|2989
Courcelles-Chaussy|49.1093|6.4055|2986
Senonches|48.5595|1.0323|2985
Elsbethen|47.7592|13.0825|2984
Les Epesses|46.8835|-0.8997|2984
Bruyères|48.2115|6.7204|2981
Iteuil|46.4888|0.3114|2981
Sérézin-du-Rhône|45.6283|4.8247|2981
Saint-Laurent-des-Arbres|44.0548|4.6991|2981
Grandvillars|47.538|6.977|2978
Cintegabelle|43.3141|1.5314|2978
Saint-Germain-au-Mont-d'Or|45.8828|4.8026|2978
Bozouls|44.4696|2.7211|2978
Port-sur-Saône|47.6877|6.0454|2977
Retournac|45.2042|4.0328|2977
Vitry-sur-Orne|49.2687|6.1062|2975
Crossac|47.4112|-2.1707|2974
Pollionnay|45.7659|4.6608|2974
Arbedo|46.2153|9.0448|2972
Joinville|48.4433|5.1378|2972
Wals|47.791|12.9652|2971
Beauzac|45.2593|4.0993|2971
Bias|44.4119|0.6685|2971
Zweisimmen|46.5533|7.3738|2970
Krieglach|47.5453|15.5596|2970
Frauenkirchen|47.8377|16.9241|2970
Mosnang|47.3622|9.0401|2969
Pöls|47.2209|14.5861|2969
Seedorf BE|47.035|7.3116|2968
Arzier-Le Muids|46.46|6.2081|2968
Fonbeauzard|43.6792|1.4263|2968
La Motte|43.4936|6.5349|2968
Eschenbach|47.133|8.318|2966
Oberhittnau|47.3608|8.824|2965
Wartberg an der Krems|47.9893|14.1187|2965
Gorcy|49.5368|5.6819|2965
Sainte-Mère-Église|49.4085|-1.3173|2965
Frauental an der Laßnitz|46.826|15.2547|2964
Merdrignac|48.19|-2.4147|2964
Sorèze|43.454|2.0678|2963
Saint-Thibéry|43.3978|3.4179|2963
Turgi|47.4932|8.2519|2962
Saint-Genix-Sur-Guiers|45.5991|5.6329|2962
Rosières-en-Santerre|49.813|2.702|2962
Megève|45.8567|6.6179|2961
Montmeyran|44.8327|4.9772|2960
Weißenstein|46.6826|13.7226|2958
Dangé-Saint-Romain|46.9361|0.6077|2958
Aubais|43.7546|4.149|2958
Mouchamps|46.7787|-1.0636|2957
Rédené|47.8601|-3.4614|2955
Pottenstein|47.9586|16.0969|2954
Herzogenburg|48.2843|15.6946|2954
Lendava / Lendva|46.564|16.4526|2954
Mauléon-Licharre|43.2233|-0.8886|2954
Sainte-Hermine|46.5552|-1.0605|2951
Boutigny-sur-Essonne|48.4374|2.3806|2950
Faido|46.478|8.8009|2949
Noé|43.3545|1.2749|2949
Coupvray|48.8919|2.7948|2949
Saint-Lambert-la-Potherie|47.4812|-0.6786|2949
Bourg-Argental|45.2967|4.5608|2949
Grossaffoltern|47.0668|7.3609|2948
Domdidier|46.8672|7.0133|2948
Saint-Saturnin-lès-Apt|43.9441|5.3835|2947
Le Bar-sur-Loup|43.7012|6.9883|2947
Lapeyrouse-Fossat|43.6927|1.5171|2947
Cany-Barville|49.7869|0.6358|2947
Beaumont|46.7376|0.4293|2947
Frontenay-Rohan-Rohan|46.2545|-0.5404|2946
Grosswangen|47.1323|8.0491|2945
Valmont|49.0833|6.6976|2945
Tresserve|45.6731|5.8955|2945
Modane|45.2015|6.6728|2944
Saint-Loup-sur-Semouse|47.8849|6.2731|2944
Ailly-sur-Somme|49.9281|2.1981|2944
Drocourt|50.3922|2.9246|2943
Aniane|43.6886|3.5917|2943
Labastidette|43.4627|1.2471|2943
Mortain|48.6475|-0.9424|2943
Agon|49.0426|-1.5767|2941
Saint-Maximin|49.2203|2.4506|2941
Chens-sur-Léman|46.3269|6.2675|2941
Meisterschwanden|47.295|8.2277|2940
Plozévet|47.9859|-4.4259|2940
Cheseaux-sur-Lausanne|46.5854|6.6061|2939
Wördern|48.3351|16.2039|2939
Gréoux-les-Bains|43.7581|5.8842|2939
Montjean-sur-Loire|47.3877|-0.8612|2939
Oberburg|47.039|7.6256|2937
Pörtschach|46.636|14.1448|2937
Cailloux-sur-Fontaines|45.8524|4.8738|2937
San Martino di Lota|42.7363|9.4377|2936
Rüegsau|47.0252|7.6727|2935
Zreče|46.3716|15.39|2935
Fresnoy-le-Grand|49.9469|3.4148|2934
Allonnes|47.2942|0.0236|2933
Riaz|46.6402|7.0616|2932
Pontonx-sur-l'Adour|43.7878|-0.9252|2932
Sancoins|46.8309|2.9201|2930
Saint-Viaud|47.2564|-2.0191|2929
Montbazin|43.5158|3.6943|2928
Nouaillé-Maupertuis|46.5089|0.4145|2926
Angles|46.4072|-1.4028|2926
Katsdorf|48.3181|14.4729|2925
Smarves|46.5121|0.358|2925
Rouillac|45.7761|-0.0628|2925
Néoules|43.3109|6.0134|2925
Fère-en-Tardenois|49.2012|3.5135|2925
Helmahof|48.3163|16.589|2924
Précigné|47.7664|-0.3247|2924
Broöns|48.3179|-2.2621|2924
La Chapelle-d'Andaine|48.5327|-0.4788|2924
Samedano;Samada|46.5332|9.8746|2923
Sennecey-le-Grand|46.641|4.8695|2922
Soulac-sur-Mer|45.5131|-1.1229|2922
Ponteilla|42.6272|2.8139|2922
Boufféré|46.9625|-1.3391|2922
Claro|46.2553|9.0232|2921
Rubigen|46.8989|7.5445|2920
Saint-Coulomb|48.6755|-1.9114|2920
Abrest|46.098|3.445|2919
Ibos|43.2326|0.0046|2919
Saint-Féliu-d'Avall|42.6803|2.7431|2918
Mautern an der Donau|48.3938|15.5789|2917
Montfort-le-Gesnois|48.0491|0.4032|2917
Saint-Genest-Malifaux|45.3402|4.4203|2917
Rüte|47.3037|9.4571|2915
Inzing|47.2742|11.197|2915
Lespinasse|43.7078|1.3855|2915
Blaye-les-Mines|44.0301|2.1323|2914
Les Brouzils|46.8869|-1.3213|2914
Urcuit|43.4856|-1.3368|2914
Bury|49.3133|2.3439|2913
Chavanod|45.8842|6.0525|2913
Dormans|49.0746|3.6384|2911
Saint-Génis-des-Fontaines|42.5429|2.9207|2911
Saint-Jean-sur-Couesnon|48.2904|-1.3689|2911
Bagnols-en-Forêt|43.5376|6.6982|2909
Giromagny|47.7419|6.8252|2908
L'Houmeau|46.1906|-1.187|2907
Plouvorn|48.5791|-4.0378|2907
Gachnang|47.5397|8.8524|2906
Pontacq|43.1856|-0.1144|2904
Rainbach im Mühlkreis|48.5576|14.4765|2903
Duttlenheim|48.5242|7.5656|2903
Biedermannsdorf|48.0835|16.3462|2902
Šoštanj|46.3774|15.046|2900
Cugnasco-Gerra|46.1773|8.9155|2898
Margency|49.002|2.2885|2896
La Biolle|45.7567|5.9275|2896
Connerré|48.0605|0.4934|2895
Weißkirchen an der Traun|48.1642|14.1271|2894
Montlignon|49.009|2.2863|2894
Labourse|50.4973|2.6799|2894
Mudaison|43.6494|4.0411|2894
Wangen an der Aare|47.2353|7.6552|2893
Eglisau|47.5733|8.524|2893
Champcueil|48.5149|2.4501|2893
Mauzé-sur-le-Mignon|46.1959|-0.6699|2893
Mouzillon|47.1413|-1.2839|2893
Villefranque|43.4367|-1.4523|2893
Deutschkreutz|47.6004|16.6248|2892
Batz-sur-Mer|47.2771|-2.4792|2892
Trélivan|48.4322|-2.1194|2892
Vivier-au-Court|49.7356|4.8317|2892
Valencin|45.6127|5.0161|2891
Wolfern|48.0838|14.3783|2890
Freienbach|47.2044|8.7599|2889
Fresnay-sur-Sarthe|48.2808|0.0223|2889
Chavanay|45.4141|4.7297|2889
Saint-Priest-Taurion|45.8864|1.3975|2889
Le Pouzin|44.7555|4.7486|2888
Kirchlindach|46.9997|7.4142|2887
Coppet|46.3164|6.1928|2887
Purbach am Neusiedler See|47.9134|16.6958|2885
Brax|43.6168|1.2404|2885
Bordes|43.2345|-0.2817|2885
Houppeville|49.5098|1.0813|2884
Boussay|47.0442|-1.1864|2884
Servel|48.7458|-3.4889|2884
Pont-à-Marcq|50.5224|3.1158|2883
Saint-Drézéry|43.7314|3.9776|2882
Courchelettes|50.3426|3.0608|2881
Lalinde|44.836|0.7381|2881
Yvrac|44.8808|-0.4618|2881
Cissé|46.6463|0.228|2881
Affeltrangen|47.5266|9.0319|2880
Gries|48.7531|7.8139|2879
Signau|46.9189|7.7256|2878
Plougasnou|48.6959|-3.7922|2878
Longny-au-Perche|48.5304|0.752|2878
Bar-sur-Seine|48.1127|4.3759|2877
Diémoz|45.5888|5.094|2876
Briscous|43.4602|-1.334|2876
Netstal|47.0611|9.053|2875
Auneuil|49.3706|1.9977|2875
Ham-sous-Varsberg|49.1792|6.6467|2875
Münster|47.4208|11.833|2874
Vieux-Charmont|47.5237|6.8393|2873
Argentré|48.0836|-0.6421|2873
La Grande-Paroisse|48.3861|2.9009|2873
Tourrettes|43.6236|6.7015|2873
Monte Carasso|46.1876|8.9992|2872
Brem-sur-Mer|46.6056|-1.8297|2872
Pont-d'Ain|46.052|5.3455|2871
Montfort-l'Amaury|48.7791|1.8071|2870
Saint-Lyé|48.3613|4.0021|2870
Saint-Molf|47.3927|-2.4255|2870
St. Anton am Arlberg|47.1289|10.2664|2869
Argentat|45.0923|1.9378|2869
Aoste|45.5876|5.6076|2869
Saint-Étienne-de-Fontbellon|44.597|4.378|2868
Saint-Jean-Brévelay|47.8451|-2.723|2868
Saint-Geours-de-Maremne|43.6879|-1.2379|2868
Gams|47.2054|9.4421|2867
Langogne|44.7271|3.8553|2867
Lichtenwörth|47.8354|16.2939|2866
Sérignan-du-Comtat|44.1893|4.8446|2866
Corné|47.4711|-0.3515|2866
Seiches-sur-le-Loir|47.5766|-0.3619|2866
Thiviers|45.4144|0.9194|2865
Saint-Julien l'Ars|46.5583|0.5068|2863
Blangy-sur-Bresle|49.9326|1.6295|2862
Fleurbaix|50.6537|2.8322|2862
Panissières|45.7926|4.3386|2862
Pinhel|40.7748|-7.065|2861
Etoy|46.4861|6.4193|2860
Niedernsill|47.2816|12.6482|2860
Saint-Jean-du-Falga|43.0843|1.6254|2860
St. Dionysen|48.2323|14.25|2859
Hésingue|47.5752|7.5186|2859
Bertrange|49.3133|6.1931|2859
Saint-Christophe-du-Bois|47.0294|-0.9449|2858
Jard-sur-Mer|46.4173|-1.5759|2858
Vieux-Thann|47.8071|7.1217|2855
Sinnamary|5.3771|-52.9572|2855
Woustviller|49.0758|7.0038|2854
Montblanc|43.3959|3.3673|2854
Stainach|47.5324|14.1076|2853
Taulé|48.6038|-3.8996|2853
Allouagne|50.5325|2.5071|2852
Lafrançaise|44.1286|1.2414|2852
Rieux|47.5979|-2.1073|2851
Rickenbach ZH|47.5523|8.7963|2850
Menznau|47.0838|8.0401|2850
Argelès-Gazost|43.0051|-0.0998|2850
Buzet-sur-Tarn|43.7793|1.6323|2850
La Fère|49.6633|3.3662|2850
Broc|46.6045|7.099|2848
Vémars|49.0673|2.5659|2848
Balbigny|45.8187|4.1833|2848
Sainghin-en-Mélantois|50.5894|3.1614|2848
Fraize|48.1864|7.0022|2846
Plerguer|48.5272|-1.8461|2846
Donnery|47.9126|2.1122|2843
Spay|47.9241|0.1511|2843
Levroux|46.9786|1.6116|2842
Mercurol|45.0763|4.8905|2841
Ballwil|47.1522|8.3186|2840
Brixlegg|47.4302|11.8772|2840
Goderville|49.6456|0.3661|2839
Cléguérec|48.1244|-3.07|2839
Labouheyre|44.2125|-0.919|2839
Péron|46.1897|5.9245|2838
Orcet|45.7067|3.1746|2837
Noailles|49.3269|2.2|2837
Charquemont|47.2142|6.8237|2835
Sartilly|48.7529|-1.4582|2835
Beuvry-la-Forêt|50.4593|3.2864|2834
Ambronay|46.0055|5.3603|2833
Avord|47.0353|2.6511|2833
Rosières-aux-Salines|48.5944|6.3325|2833
Esternberg|48.5439|13.5704|2831
Polignac|45.0705|3.8599|2831
Hambach|49.0614|7.0372|2831
Margaux|45.0406|-0.6796|2831
Corquilleroy|48.0452|2.6981|2831
L'Isle-sur-le-Doubs|47.4479|6.5838|2830
Éleu-dit-Leauwette|50.4181|2.811|2829
Chasselay|45.8743|4.7711|2828
Saint-Germain-Laval|48.4007|2.9903|2828
Ducey|48.6172|-1.2894|2828
Sainte-Anne-d'Auray|47.7034|-2.9552|2827
Le Cheylard|44.9093|4.4225|2825
Genech|50.5306|3.2141|2825
Chocques|50.5392|2.5696|2824
Sussargues|43.7132|4.004|2824
Venerque|43.4334|1.4425|2823
Wignehies|50.014|4.0041|2821
Saint-Aignan|47.2689|1.3737|2821
Rodilhan|43.8258|4.4349|2821
Vernou-sur-Brenne|47.4198|0.8477|2820
Charolles|46.4353|4.2731|2819
Burbure|50.5385|2.465|2819
Rozay-en-Brie|48.6848|2.9635|2819
Chardonne|46.4771|6.8271|2818
Candé|47.5603|-1.0415|2818
Pichl bei Wels|48.1851|13.9007|2817
Saint-André-de-la-Marche|47.1011|-0.9942|2817
Sorigny|47.2416|0.6939|2817
Bruckneudorf|48.0198|16.7792|2815
Ottensheim|48.3319|14.1757|2814
Crevin|47.9374|-1.6629|2814
Laruscade|45.1073|-0.3412|2814
Pont-Aven|47.8547|-3.7463|2813
L'Île-d'Olonne|46.5614|-1.7823|2813
Toulenne|44.5573|-0.2632|2813
Müllheim Dorf|47.602|9.002|2812
Puchberg am Schneeberg|47.7896|15.9124|2812
Saint-Clément|48.2184|3.2936|2812
Muralto|46.1738|8.8012|2811
Puidoux|46.5008|6.7824|2811
La Planche|47.0165|-1.4359|2810
Torcy|46.7695|4.4523|2810
Carignan|49.632|5.1682|2810
Saint-Georges-des-Coteaux|45.7634|-0.7111|2810
Camorino|46.1636|9.0058|2809
Thuré|46.8318|0.4573|2809
Petit-Ebersviller|49.1003|6.7436|2809
Venette|49.4162|2.8007|2808
Le Faouët|48.0325|-3.4898|2808
Leobendorf|48.3774|16.3198|2807
Prambachkirchen|48.3164|13.9072|2806
Anzin-Saint-Aubin|50.3133|2.7467|2806
Courville-sur-Eure|48.4503|1.2388|2806
Buchy|49.5843|1.3584|2805
Peyruis|44.03|5.9409|2804
Athée-sur-Cher|47.3208|0.9157|2804
Althen-des-Paluds|44.0051|4.9575|2802
Maisse|48.3943|2.3756|2802
Macheren|49.1002|6.7747|2802
Bioggio|46.0141|8.9076|2801
Saint-Jouan-des-Guérets|48.5991|-1.973|2801
Pérignat-lès-Sarliève|45.7361|3.1406|2801
Le Conquet|48.3605|-4.7709|2799
Pinsaguel|43.51|1.3885|2798
Uzerche|45.4243|1.5636|2798
Wiesen|47.7382|16.3381|2797
Joué-sur-Erdre|47.4959|-1.4211|2797
Châteauneuf-du-Rhône|44.4908|4.7191|2796
Listrac-Médoc|45.0737|-0.7906|2796
Plumelin|47.8621|-2.8869|2796
Pennautier|43.2443|2.319|2795
Dieuze|48.8105|6.718|2794
Arles-sur-Tech|42.4562|2.6343|2794
Cour-Cheverny|47.5128|1.4588|2793
Les Adrets-de-l'Estérel|43.5258|6.8145|2793
Pöttsching|47.8064|16.37|2792
Le Roc-Saint-André|47.8641|-2.4476|2790
Saint-Germain-sur-Moine|47.1161|-1.1258|2789
Lesce|46.3618|14.1544|2788
Lavamünd|46.6416|14.9421|2787
Pont-de-l'Arn|43.5045|2.4071|2786
Grandvilliers|49.6648|1.9428|2786
Cadillac-sur-Garonne|44.6361|-0.3174|2785
Saint-Nazaire|42.6676|2.9907|2785
Jarzé|47.556|-0.2327|2785
Venarey-les-Laumes|47.5422|4.4465|2784
Guignicourt|49.4362|3.965|2784
Saint-Jean-en-Royans|45.0161|5.2907|2783
Combrée|47.7038|-1.0297|2783
Quintin|48.4036|-2.9113|2783
Othmarsingen|47.4023|8.2163|2782
Péaule|47.5811|-2.3571|2782
Bécon-les-Granits|47.5034|-0.8012|2782
Chaligny|48.6257|6.0804|2782
Meslay-du-Maine|47.95|-0.5538|2780
Pierres|48.5904|1.5667|2780
Sains-du-Nord|50.0954|4.0112|2779
Amancy|46.075|6.33|2779
Sérifontaine|49.3554|1.7686|2778
L'Étrat|45.4864|4.3755|2778
Otelfingen|47.4609|8.3892|2777
Bad Häring|47.5107|12.1188|2777
Wassy|48.4996|4.949|2777
Genthod|46.2644|6.1571|2776
Mussidan|45.037|0.3643|2776
Forchtenstein|47.7132|16.35|2775
Cosnes-et-Romain|49.5187|5.7125|2775
Vandans|47.0957|9.8644|2773
Saleux|49.8605|2.239|2773
Mareuil-sur-Lay|46.5351|-1.22|2773
Sarre-Union|48.9404|7.0899|2772
Masnières|50.1147|3.2075|2772
Aillant-sur-Tholon|47.8741|3.3493|2772
Gouesnach|47.912|-4.1167|2772
Saint-Agnant|45.8702|-0.9603|2772
L'Aiguillon-sur-Mer|46.3345|-1.3077|2772
Arosa|46.7797|9.6781|2771
Böckstein|47.0908|13.1185|2765
Chabris|47.2527|1.6514|2764
Beaumont-le-Roger|49.0782|0.7768|2764
Alleins|43.7044|5.1622|2764
Ayguesvives|43.4382|1.5968|2764
Pléchâtel|47.8948|-1.7497|2763
Seillans|43.6364|6.6446|2763
St. Margarethen|47.8039|16.6085|2762
Bourron-Marlotte|48.3409|2.7056|2762
Pabu|48.5862|-3.1371|2762
Maureillas-las-Illas|42.4897|2.8054|2762
Bessines-sur-Gartempe|46.1091|1.3686|2762
Satteins|47.2251|9.672|2761
Saint-Georges-sur-Eure|48.4183|1.3553|2759
Arcis-sur-Aube|48.5362|4.1421|2759
Montignac-Lascaux|45.0639|1.1652|2759
Saint-Martin-de-Londres|43.7915|3.733|2759
Neuville-sur-Escaut|50.2994|3.3524|2757
Colombier|45.7114|5.1119|2757
Malaucène|44.1733|5.1321|2756
Raphèle-lès-Arles|43.6448|4.7199|2756
Tenero-Contra|46.1841|8.8453|2751
Ampuis|45.4889|4.8112|2751
Coldrerio|45.8538|8.9871|2750
Vert-le-Petit|48.5512|2.3664|2749
Grisy-Suisnes|48.6852|2.6654|2749
Lasberg|48.4714|14.5408|2748
Saint-Maurice-de-Gourdans|45.8207|5.1936|2748
Zonza|41.7494|9.1706|2748
Lengnau AG|47.5211|8.3301|2747
Traismauer|48.3499|15.7442|2747
Donnemarie-Dontilly|48.4785|3.1329|2747
Fontaine-Étoupefour|49.1459|-0.4538|2747
Ronchamp|47.7003|6.6329|2746
Marigny|49.0988|-1.2424|2746
Bignan|47.8799|-2.7718|2745
Tarrenz|47.2618|10.7623|2744
Miremont|43.3699|1.4155|2744
Steinmaur|47.499|8.4555|2742
Saint-André-le-Gaz|45.5469|5.5334|2742
Lamonzie|44.8433|0.3847|2741
Maienfeld|47.0077|9.5309|2740
Valdivienne|46.5094|0.6364|2740
Brienne-le-Château|48.3942|4.5269|2738
Roissy-en-France|49.0033|2.5177|2738
Maillane|43.8325|4.7825|2738
Hohenau an der March|48.6065|16.9021|2737
Laxenburg|48.0687|16.3561|2736
Aigueperse|46.0219|3.2019|2736
Vendres|43.2686|3.2237|2736
Cherré|48.172|0.66|2735
Güssing|47.0588|16.3243|2734
Artannes-sur-Indre|47.273|0.5997|2734
Loosdorf|48.6499|16.446|2732
Loosdorf|48.2004|15.402|2732
Loiron|48.0598|-0.9371|2732
Vulaines-sur-Seine|48.4308|2.7638|2731
Elixhausen|47.8675|13.0671|2730
Nieuil-l'Espoir|46.4848|0.4563|2729
Sallebœuf|44.8433|-0.3964|2728
Baixas|42.7498|2.8092|2727
Ennenda|47.0338|9.0779|2726
Périgny|48.6949|2.5507|2725
Ailly-sur-Noye|49.7581|2.3646|2724
Saint-Georges-sur-Cher|47.3259|1.1305|2723
Montois-la-Montagne|49.2179|6.0232|2723
Saint-Gervais|46.9025|-1.9972|2723
Grafenstein|46.6107|14.4679|2722
Bernes-sur-Oise|49.162|2.2986|2722
Confolens|46.015|0.6729|2722
Massieux|45.9068|4.8241|2721
Trancoso|40.7785|-7.3491|2721
Sare|43.313|-1.5793|2720
Weitbruch|48.7557|7.7798|2719
Balaruc-le-Vieux|43.4603|3.6845|2719
Essômes-sur-Marne|49.0301|3.3746|2719
Fourques|43.6929|4.6093|2719
Étaules|45.734|-1.0996|2717
Plumelec|47.8378|-2.6397|2714
Rapperswil BE|47.0628|7.4103|2712
Oberperfuss|47.2438|11.2468|2712
Oberriet SG|47.3208|9.5676|2711
Brains|47.1687|-1.7259|2709
Magné|46.3149|-0.5431|2708
Marmoutier|48.6904|7.382|2706
Saint-Baldoph|45.5358|5.9521|2706
Chanas|45.3182|4.8183|2706
La Guyonnière|46.9664|-1.2486|2706
Saint-Saturnin|48.0642|0.1594|2706
Cugy VD|46.5843|6.6404|2705
Donzenac|45.2277|1.5231|2705
Andard|47.4567|-0.3987|2704
Bagnoles-de-l'Orne|48.5539|-0.4229|2704
Roiffieux|45.227|4.655|2704
Couvet|46.9262|6.6343|2703
Eben am Achensee|47.4152|11.7598|2703
Revigny-sur-Ornain|48.8285|4.9871|2702
Volgelsheim|48.0165|7.5471|2702
Cauchy-à-la-Tour|50.5031|2.4521|2702
Siegendorf/Cindrof|47.7803|16.5414|2701
Saint-Just-le-Martel|45.8624|1.3858|2701
Montréjeau|43.0856|0.5685|2700
Névez|47.8201|-3.7921|2700
Saint-Mars-la-Brière|48.0301|0.3718|2699
Saint-Mars-de-Coutais|47.1132|-1.7334|2698
Loire-sur-Rhône|45.5597|4.8055|2698
Orgon|43.7908|5.0395|2698
Niklasdorf|47.3969|15.1571|2697
Huttenheim|48.359|7.5807|2697
Andilly|49.0054|2.2989|2697
Bottighofen|47.6387|9.2069|2696
Anet|48.8553|1.4392|2696
Pontcharra-sur-Turdine|45.8748|4.4898|2695
Bessèges|44.29|4.1033|2695
Villaines-la-Juhel|48.3452|-0.2781|2694
Cézac|45.0905|-0.4203|2694
Balan|45.8334|5.097|2692
Chailles|47.5345|1.3113|2691
Unterkulm|47.3104|8.1147|2690
Rohrbach bei Mattersburg|47.7097|16.4254|2690
Puy-Guillaume|45.9598|3.4755|2690
Flims|46.8332|9.2835|2689
Beaumont-en-Véron|47.1879|0.1718|2688
Cellettes|47.5277|1.3852|2686
Piriac-sur-Mer|47.3805|-2.5479|2685
Vendays-Montalivet|45.3556|-1.0594|2684
Camiers|50.5638|1.6144|2683
Hanches|48.6006|1.6424|2683
Andelsbuch|47.4123|9.8949|2682
Le Guilvinec|47.7954|-4.2833|2682
Lauperswil|46.9645|7.7418|2681
Hausmannstätten|46.9905|15.5097|2681
Lahonce|43.4832|-1.3902|2681
Buttisholz|47.114|8.0935|2680
Port-Louis|47.7107|-3.3481|2679
Trélon|50.0612|4.1036|2679
Saint-Florent-le-Vieil|47.3633|-1.0199|2677
Noyers-sur-Cher|47.2797|1.3812|2677
Ellmau|47.5137|12.3025|2676
Saint-Just-Chaleyssin|45.5843|5.0|2676
Portets|44.696|-0.4238|2676
Geudertheim|48.7232|7.7561|2675
Rhinau|48.3181|7.7055|2675
Saint-Quentin-de-Baron|44.8227|-0.2864|2675
Œting|49.1746|6.9161|2674
Verlinghem|50.6816|2.9976|2673
Beautor|49.6517|3.3456|2672
Châtillon-sur-Thouet|46.6598|-0.2363|2671
Vinassan|43.2051|3.0743|2671
Lipsheim|48.49|7.6645|2670
Warmeriville|49.35|4.2202|2669
Longperrier|49.0523|2.6603|2669
Lans-en-Vercors|45.1279|5.5885|2668
Colombiers|43.3141|3.1397|2668
Montayral|44.4806|0.9856|2668
Krumpendorf|46.6258|14.2145|2667
Fischenthal|47.3333|8.9226|2666
Morsbach|49.1672|6.8656|2666
Mollégès|43.8059|4.9487|2666
Alby-sur-Chéran|45.8191|6.0206|2665
Saint-Martin-du-Tertre|49.1063|2.343|2663
Scy-Chazelles|49.1144|6.1142|2662
École-Valentin|47.272|5.9821|2662
Reith im Alpbachtal|47.4168|11.8798|2661
Morzine|46.18|6.7091|2660
Râches|50.4149|3.1362|2660
Cannes-Écluse|48.3641|2.992|2659
Miserey-Salines|47.2886|5.9733|2659
Aouste-sur-Sye|44.7155|5.0569|2659
La Lande-de-Fronsac|44.9787|-0.3814|2659
Les Vans|44.4055|4.1333|2659
Souchez|50.391|2.7411|2658
La Force|44.8704|0.3743|2658
La Roche-Derrien|48.746|-3.2618|2657
Pommiers|45.9562|4.6931|2657
Feistritz im Rosental|46.5231|14.1691|2656
Gassin|43.2292|6.5855|2655
Guérard|48.824|2.958|2655
Cauffry|49.3169|2.4492|2654
Marpent|50.293|4.081|2654
Auboué|49.2129|5.975|2652
Ringgenberg BE|46.7044|7.8961|2651
Kaisten|47.5386|8.0446|2649
Orpund|47.1399|7.3031|2649
Vieux-Berquin|50.6948|2.6442|2649
Niederndorf|47.6501|12.2137|2648
Polliat|46.2491|5.1263|2648
Gondreville|48.6926|5.9592|2648
Poya|-21.3463|165.1591|2648
Vernosc-lès-Annonay|45.2164|4.7131|2648
Coquelles|50.9364|1.8001|2647
Vailhauquès|43.6716|3.7171|2647
Villedieu-sur-Indre|46.8475|1.5376|2647
Saint-Georges-de-Commiers|45.0383|5.704|2646
Louvigny|49.1565|-0.3937|2646
Villenauxe-la-Grande|48.59|3.5549|2645
Alixan|44.975|5.0264|2645
Méreau|47.1788|2.0513|2644
Chevilly|48.026|1.874|2644
Spodnje Hoče|46.4988|15.6464|2643
Saint-Maurice-de-Lignon|45.2231|4.1375|2643
Haspres|50.2601|3.4157|2642
La Milesse|48.0647|0.1362|2642
Épouville|49.5636|0.226|2641
Hornstein/Vorištan|47.8791|16.443|2640
Caux|43.5097|3.3636|2640
Étrelles|48.0602|-1.1939|2640
Lohn-Ammannsegg|47.1711|7.5268|2639
Höri|47.5067|8.5063|2639
Ivry-la-Bataille|48.8852|1.4579|2638
Soual|43.5545|2.1149|2638
Drémil-Lafage|43.5969|1.6013|2638
Trieux|49.3243|5.9299|2638
Les Touches|47.4424|-1.4314|2638
Schiers|46.9689|9.69|2637
Sainte-Cécile-les-Vignes|44.2465|4.8869|2637
Fontaine-la-Mallet|49.5364|0.146|2635
Villefranche-sur-Cher|47.2936|1.7706|2635
Peyrins|45.0923|5.0478|2635
Gommiswald|47.231|9.0237|2634
Nivolas-Vermelle|45.5579|5.3047|2632
Saint-Christophe-du-Ligneron|46.8254|-1.7668|2632
Bras|43.472|5.9535|2632
Dunières|45.215|4.3446|2631
Orsières|46.0301|7.1454|2630
Gallspach|48.2073|13.8145|2629
Grandparigny|48.5947|-1.0801|2629
Charleval|43.7199|5.245|2628
Taluyers|45.6407|4.7192|2628
Tafers|46.8153|7.2168|2627
Hilsenheim|48.2878|7.5632|2626
Saint-Branchs|47.2269|0.7702|2625
Schiefling am Wörthersee|46.6047|14.0964|2623
Ambrières-les-Vallées|48.4033|-0.6298|2623
Le Plessis-Grammoire|47.5005|-0.4308|2622
Montigny-sur-Loing|48.3405|2.7578|2621
Neufchef|49.3165|6.0245|2621
Wilderswil|46.6634|7.863|2620
Châteauneuf-en-Thymerais|48.5832|1.2411|2620
Soucelles|47.5682|-0.4191|2620
Rieux-Volvestre|43.2575|1.2014|2619
Étrembières|46.1786|6.2262|2619
Lilienfeld|48.015|15.5966|2618
Richebourg|50.5793|2.7399|2618
Vallières-sur-Fier|45.9007|5.9353|2618
Bludesch|47.1996|9.7465|2617
Bosmie-l'Aiguille|45.7647|1.2027|2617
Seillons-Source-d'Argens|43.4963|5.885|2617
Châtenois-les-Forges|47.5582|6.8497|2616
Foug|48.6846|5.7866|2616
Dorlisheim|48.5247|7.4863|2616
La Couture|50.5812|2.7145|2616
Sainte-Foy-la-Grande|44.8416|0.215|2615
Gometz-le-Châtel|48.6784|2.1386|2615
Percy|48.9161|-1.19|2614
Équihen-Plage|50.6794|1.5717|2613
Le Bugue|44.9181|0.9273|2613
Noyen-sur-Sarthe|47.8731|-0.0972|2613
Le Thoronet|43.4523|6.3023|2613
Horn|47.4947|9.4627|2611
Figanières|43.5705|6.4976|2610
Kappl|47.0634|10.3755|2608
Martigné-Ferchaud|47.8313|-1.3175|2608
Baldersheim|47.8007|7.3782|2607
Vernou-sur-Seine|48.3889|2.847|2606
Cattenom|49.4074|6.2447|2606
Fischingen|47.4162|8.9698|2605
Wahagnies|50.488|3.0322|2605
Casson|47.3862|-1.5596|2605
Plougoumelen|47.6525|-2.9176|2605
Vandoeuvres|46.2214|6.2025|2604
Damparis|47.0758|5.4136|2603
Saint-Dolay|47.5453|-2.155|2603
Athies-sous-Laon|49.5722|3.6868|2601
Toury|48.1963|1.9363|2600
Arc-sur-Tille|47.3451|5.1894|2600
Avelin|50.5379|3.0812|2600
Vervins|49.8342|3.9069|2600
Huriel|46.3733|2.4778|2600
Niederhelfenschwil|47.4749|9.1856|2599
Ancerville|48.6358|5.0203|2599
Argenton-l'Église|47.0445|-0.2626|2599
Brixen im Thale|47.4495|12.2495|2598
Vertoiba|45.912|13.6354|2598
Champlan|48.7073|2.2759|2597
Sens-de-Bretagne|48.3329|-1.5359|2597
Pîtres|49.3213|1.2248|2596
Criel-sur-Mer|50.0161|1.3139|2596
La Châtaigneraie|46.65|-0.7392|2596
Courrendlin|47.3393|7.3736|2595
La Broque|48.4685|7.2117|2595
Saint-Yorre|46.0658|3.4615|2595
Longueil-Annel|49.4694|2.8637|2595
La Bâtie-Neuve|44.565|6.1958|2595
Champforgeuil|46.8204|4.835|2595
Muraz|46.2786|6.9266|2594
Cagnac-les-Mines|43.9851|2.1412|2594
Palaja|43.1748|2.3828|2594
Corsept|47.278|-2.0604|2594
Oberschaeffolsheim|48.5861|7.6488|2592
Gestel|47.8037|-3.4422|2592
Beromünster|47.2076|8.1924|2591
Wienersdorf|48.0061|16.2893|2591
Val-d'Izé|48.1772|-1.3018|2591
Boisset-et-Gaujac|44.0494|4.0212|2591
La Jarne|46.1286|-1.0728|2591
Granges sur Vologne|48.1448|6.7894|2590
Caderousse|44.1026|4.7572|2590
Orliénas|45.6596|4.7189|2590
Beychac-et-Caillau|44.8694|-0.3714|2590
Lusignan|46.4352|0.1224|2589
Saint-Étienne-de-Crossey|45.3782|5.6474|2587
Saint-Pierre-la-Palud|45.7887|4.613|2587
Breuil-le-Sec|49.3758|2.4514|2586
Paladru|45.4744|5.5526|2586
Montgiscard|43.458|1.5745|2586
Kematen in Tirol|47.2543|11.2729|2585
Nomain|50.4994|3.248|2585
Maggia|46.247|8.7067|2584
Yerville|49.6689|0.8974|2584
Hauterive NE|47.0133|6.9727|2582
Dettwiller|48.7535|7.4676|2582
Gergy|46.8767|4.9471|2582
Beinwil am See|47.2665|8.2027|2581
Charly-sur-Marne|48.9754|3.2843|2581
Frelinghien|50.7122|2.9323|2581
Cubzac-les-Ponts|44.9711|-0.4547|2581
Le Bono|47.6403|-2.9478|2581
Vuadens|46.6174|7.0233|2579
Xertigny|48.0453|6.4009|2579
Gesté|47.1798|-1.1145|2579
Fitz-James|49.3918|2.4284|2578
Montrevel-en-Bresse|46.3373|5.1303|2578
Watten|50.8324|2.2121|2577
Bagard|44.0725|4.0518|2577
Sailly-Labourse|50.5008|2.6956|2577
Friedberg|47.4415|16.0578|2576
Pouilly-sous-Charlieu|46.1454|4.1092|2576
Grâces|48.5561|-3.1846|2576
Haslach an der Mühl|48.5753|14.0413|2575
Conques-sur-Orbiel|43.2697|2.4017|2575
Castres-Gironde|44.6964|-0.4451|2575
Oetwil an der Limmat|47.4278|8.3964|2573
Ouzouer-sur-Loire|47.7664|2.4795|2572
Meynes|43.8828|4.5615|2572
Endingen|47.5376|8.2901|2571
Aubonne|46.4953|6.3916|2570
Nogent-sur-Vernisson|47.8469|2.7422|2569
Toucy|47.7336|3.2941|2569
Roëzé-sur-Sarthe|47.8934|0.0683|2569
Notre-Dame-de-Briançon|45.531|6.4741|2569
Schlins|47.2049|9.6979|2568
Clairac|44.3601|0.3756|2568
Ormoy|48.5752|2.4494|2568
Tourville-la-Rivière|49.3301|1.1058|2568
Criquetot-l'Esneval|49.645|0.2661|2567
Allex|44.7643|4.9135|2567
Plouénan|48.6278|-3.989|2567
Brélévenez|48.7363|-3.4585|2567
Calenzana|42.5084|8.8553|2566
Scarena|43.8342|7.3557|2563
Taden|48.4752|-2.0165|2563
Corneilla-del-Vercol|42.6227|2.954|2561
Saint-Paul-en-Chablais|46.3785|6.6292|2560
Chalamont|45.9963|5.1711|2559
Tsoundzou 2|-12.816|45.1992|2559
Saignelégier|47.2558|6.9964|2558
Civray|46.1486|0.2953|2558
Auxi-le-Château|50.2315|2.1178|2556
Ventiseri|41.9432|9.3331|2556
Maignelay-Montigny|49.552|2.5135|2555
Parçay-Meslay|47.4414|0.7457|2555
Ehrwald|47.3987|10.9205|2554
Bourbon-l'Archambault|46.5858|3.058|2554
Ouveillan|43.2888|2.972|2554
Saultain|50.3351|3.5825|2553
Saint-Étienne-du-Bois|46.2876|5.294|2553
Saint-Domineuc|48.3728|-1.8761|2553
Le Palais|47.3471|-3.1549|2552
Vivy|47.3269|-0.0559|2551
Échichens|46.5266|6.4979|2550
Leitring|46.7773|15.5673|2550
Falck|49.2225|6.6398|2550
Anizy-le-Château|49.506|3.4503|2549
Ennezat|45.8977|3.2209|2549
Bardonnex|46.1499|6.1051|2548
Mers-les-Bains|50.0656|1.3892|2548
Loury|48.002|2.0843|2548
Guiclan|48.5506|-3.9624|2547
Wangs|47.0326|9.4325|2546
Cadenazzo|46.151|8.9459|2544
Buch in Tirol|47.3733|11.7517|2544
Chartrettes|48.4881|2.7005|2543
Fontaine-Guérin|47.4866|-0.1892|2543
Gampern|47.9886|13.5535|2542
Archamps|46.1355|6.1332|2542
Stetten AG|47.3995|8.3074|2541
Bort-les-Orgues|45.401|2.4993|2541
Trégastel|48.8102|-3.5001|2541
Villeneuve-Saint-Germain|49.38|3.3594|2541
Oberdorf BL|47.3938|7.7516|2540
Riva San Vitale|45.9058|8.9705|2539
Barcellonetta|44.3862|6.6514|2539
Rantigny|49.3312|2.4401|2539
Marzan|47.5418|-2.3241|2539
Neyron|45.8146|4.9318|2538
M'Tsahara|-12.681|45.0833|2538
Colleville-Montgomery|49.2769|-0.2984|2537
Verton|50.4016|1.6508|2537
Toffen|46.8597|7.4919|2536
Josselin|47.954|-2.5473|2535
Cers|43.3233|3.3057|2535
La Rivière-Saint-Sauveur|49.4076|0.2716|2535
Couffé|47.3909|-1.2932|2535
Nieul-le-Dolent|46.5746|-1.5078|2535
Eymet|44.6681|0.3985|2535
La Richardais|48.6068|-2.0348|2534
Portbail|49.3355|-1.6999|2534
Cintré|48.1059|-1.8713|2533
Saint-Jean-des-Baisants|49.094|-0.9733|2532
Gretzenbach|47.3552|7.9999|2531
Vionnaz|46.3112|6.9|2530
Malans GR|46.9821|9.5761|2529
Münzkirchen|48.4845|13.5707|2529
Jugon-les-Lacs|48.4091|-2.3218|2529
Les Clouzeaux|46.6305|-1.5093|2529
Saint-Vigor-le-Grand|49.28|-0.6907|2529
Solliès-Ville|43.1823|6.0379|2529
Saint-Louis|15.954|-61.3167|2528
La Fresnais|48.5953|-1.8438|2527
Saint-Yzan-de-Soudiac|45.14|-0.4107|2527
Auffay|49.7188|1.099|2526
Saint-Lunaire|48.6355|-2.109|2525
Aydat|45.6609|2.9757|2524
Pfunds|46.9675|10.5362|2523
Arthès|43.954|2.2079|2523
Sainte-Flaive-des-Loups|46.6115|-1.5789|2522
Brié-et-Angonnes|45.1129|5.7854|2521
Lion-sur-Mer|49.3006|-0.3155|2521
Stattegg|47.1377|15.4196|2520
Schwoich|47.544|12.1408|2520
Satolas|45.6929|5.1297|2520
Entzheim|48.5346|7.6359|2520
Saint-Martin-des-Noyers|46.7225|-1.1769|2520
Saint-Amand|49.0421|-0.9645|2520
Großpetersdorf|47.2385|16.3219|2519
Guérigny|47.0866|3.1938|2519
Sayat|45.8273|3.051|2519
Villebarou|47.6238|1.3222|2519
Dommartin|45.8347|4.7137|2519
Plombières-lès-Dijon|47.3396|4.9722|2518
La Mailleraye-sur-Seine|49.4812|0.7717|2518
Collioure|42.5251|3.0832|2517
Le Cailar|43.674|4.236|2517
Villedieu-la-Blouère|47.1478|-1.0625|2516
Talensac|48.1093|-1.9269|2516
La Calmette|43.927|4.2602|2516
Noyal-Muzillac|47.5915|-2.4571|2516
Saint-Martin-de-Fontenay|49.1171|-0.3725|2515
Bönigen|46.6887|7.8949|2514
Néris-les-Bains|46.2898|2.6583|2514
Zillisheim|47.6964|7.2939|2514
Lugrin|46.4025|6.6641|2513
Garancières|48.8225|1.7546|2512
Nexon|45.6781|1.1868|2512
Janville|48.2002|1.8821|2512
Roveredo GR|46.2349|9.125|2511
Penvénan|48.812|-3.2973|2511
Gainneville|49.5176|0.2643|2511
Gorron|48.4123|-0.813|2511
Saint-Jean-de-Muzols|45.0828|4.8137|2511
Héricy|48.4492|2.7644|2511
Saulxures-sur-Moselotte|47.95|6.7697|2510
Rouillé|46.4204|0.0406|2510
Aiguefonde|43.4938|2.3168|2510
Pavie|43.6105|0.591|2510
Renazé|47.7933|-1.0558|2510
Les Auxons|47.3005|5.9705|2510
Pregarten|48.355|14.5308|2509
Morbecque|50.6919|2.5156|2509
Malestroit|47.81|-2.3831|2509
Riviere-Sens|15.9843|-61.7159|2509
Commugny|46.3182|6.1758|2508
Daux|43.6942|1.2689|2508
Rots|49.2063|-0.4775|2508
Trumau|47.9944|16.3436|2507
Prémilhat|46.314|2.5371|2507
Gonnehem|50.5623|2.5738|2507
Montboucher-sur-Jabron|44.5526|4.8086|2507
Goncelin|45.3426|5.978|2507
Étival-Clairefontaine|48.3641|6.8652|2506
Caraman|43.53|1.7573|2506
Chauché|46.83|-1.2719|2506
Les Landes-Genusson|46.9663|-1.1169|2506
Vaulx-Milieu|45.6123|5.1823|2505
Le Nouvion-en-Thiérache|50.0181|3.7858|2505
Saint-Martin-d'Auxigny|47.2041|2.4175|2505
Castets|43.8828|-1.1458|2505
Caulnes|48.2881|-2.1544|2504
Achenheim|48.5779|7.625|2504
Neder|47.118|11.3265|2502
Saint-Geniès-Bellevue|43.683|1.4854|2502
Bazeilles|49.676|4.978|2502
Eggiwil|46.8752|7.7975|2501
Monchecourt|50.3073|3.2096|2501
Biesheim|48.0409|7.5449|2501
Port-Sainte-Foy-et-Ponchapt|44.8436|0.2099|2501
Le Russey|47.1621|6.7261|2501
Sain-Bel|45.8103|4.5995|2501
Camphin-en-Pévèle|50.5949|3.2584|2501
Bilten|47.1501|9.0222|2500
Boswil|47.3004|8.3138|2500
Treffort|46.2713|5.3689|2500
Oradour-sur-Glane|45.9328|1.0325|2500
Alsting|49.1793|7.0004|2499
Hermes|49.3572|2.2462|2498
Mûr-de-Bretagne|48.201|-2.9857|2498
Sainte-Feyre|46.139|1.9151|2497
Larçay|47.3683|0.7781|2497
Villejust|48.6823|2.237|2496
Vibraye|48.0604|0.7342|2493
Offendorf|48.7118|7.9124|2493
Magescq|43.7809|-1.2165|2493
Mornas|44.2011|4.7284|2492
Riggisberg|46.8107|7.4798|2491
Leval|50.1789|3.8307|2491
Kilstett|48.6749|7.8574|2491
Saint-Cyr-du-Ronceray|49.0539|0.2986|2491
Treffléan|47.6816|-2.6141|2491
Lonay|46.5266|6.5206|2490
Theresienfeld|47.8608|16.2486|2490
Condé-sur-Sarthe|48.4325|0.0341|2490
Alpbach|47.3988|11.9435|2489
Bais|48.0103|-1.2906|2488
Plénée-Jugon|48.3637|-2.4003|2487
Saint-Contest|49.2142|-0.4012|2487
Neukirchen an der Vöckla|48.041|13.5377|2486
Fareins|46.019|4.7606|2486
Saint-Étienne-du-Grès|43.781|4.7312|2486
Pellouailles-les-Vignes|47.522|-0.4391|2486
Mieussy|46.1347|6.5233|2486
Eberstalzell|48.0433|13.9815|2485
Rosselange|49.2574|6.0706|2485
Sainte-Reine-de-Bretagne|47.4415|-2.1916|2484
Berstett|48.6782|7.6584|2483
Régusse|43.655|6.1327|2483
Admont|47.5738|14.4616|2482
Silz|47.2669|10.9333|2482
Lencloître|46.8139|0.3271|2482
Frans|45.9915|4.7742|2482
La Terrasse|45.324|5.9309|2481
Poysdorf|48.6679|16.6292|2480
Hardricourt|49.0074|1.897|2480
Orgerus|48.836|1.6966|2480
Arques-la-Bataille|49.8806|1.1265|2480
Saint-Jean-du-Gard|44.1053|3.8847|2480
Semussac|45.6004|-0.9131|2479
Écuelles|48.3537|2.8205|2479
Ried im Traunkreis|48.0253|14.0749|2478
Pernitz|47.8972|15.9626|2478
Kaltenhouse|48.7909|7.8331|2478
Eggersriet|47.4425|9.4704|2475
Kritzendorf|48.3333|16.3|2475
Weerberg|47.2986|11.6661|2475
Famars|50.3151|3.5188|2475
Capinghem|50.6447|2.963|2474
Andorf|48.373|13.5784|2472
Porcelette|49.157|6.6536|2472
Chéméré|47.1225|-1.9141|2472
Stenay|49.4916|5.1884|2471
Salins-les-Bains|46.9402|5.8779|2471
Audun-le-Roman|49.3693|5.8954|2471
Lacaune|43.707|2.6909|2471
Loriol-du-Comtat|44.0763|5.0003|2471
Wilen bei Wil|47.4517|9.0342|2469
Saint-Michel-de-Maurienne|45.2179|6.4751|2469
Condette|50.6554|1.6304|2469
Chirens|45.4138|5.5566|2469
Villers-sur-Mer|49.3214|-0.0053|2469
La Croix-Saint-Leufroy|49.1108|1.2392|2468
Montmoreau-Saint-Cybard|45.3994|0.1292|2468
Pont-de-Metz|49.8823|2.2428|2468
St. Georgen am Leithagebirge|47.8539|16.5517|2466
Matrei in Osttirol|47.0011|12.5387|2466
Evilard|47.1495|7.2396|2465
Saint-Aubin-Sauges|46.8946|6.7737|2465
Villeneuve-de-Marsan|43.8918|-0.3055|2465
Sainte-Foy|46.5455|-1.6729|2465
Chadrac|45.0608|3.9043|2463
Chatte|45.1427|5.2815|2463
Schinznach Dorf|47.4468|8.1423|2462
Kematen an der Ybbs|48.0293|14.7675|2462
Grand-Fougeray|47.7234|-1.7323|2462
Neuville-sur-Sarthe|48.0754|0.1897|2462
Varetz|45.1947|1.4475|2462
Saint-Ferréol-d'Auroure|45.355|4.2546|2462
Piennes|49.3086|5.7846|2460
Prayssac|44.5101|1.1869|2460
Doudeville|49.7229|0.7836|2460
Courtételle|47.3419|7.3163|2459
La Limouzinière|46.9935|-1.5971|2459
Oissery|49.0707|2.8172|2459
Codognan|43.7293|4.2214|2458
Landaul|47.7483|-3.0756|2458
La Possonnière|47.3747|-0.6854|2456
Les Salles-du-Gardon|44.1969|4.0451|2455
Saint-Mars-d'Outillé|47.8707|0.3323|2455
Lenk|46.4559|7.4417|2454
Feuquières-en-Vimeu|50.0609|1.6088|2454
Lamalou-les-Bains|43.5962|3.0851|2454
Ruelisheim|47.826|7.3582|2453
Ploumilliau|48.679|-3.5234|2453
Saint-Savinien|45.8794|-0.68|2453
Couzon-au-Mont-d'Or|45.8435|4.8253|2452
Avessac|47.6542|-1.989|2452
Crissey|46.8157|4.8862|2452
Schattendorf|47.7118|16.5106|2451
Arc-lès-Gray|47.4575|5.5818|2451
Gambais|48.7747|1.6727|2451
Schœneck|49.2207|6.9241|2450
Bourganeuf|45.9545|1.7568|2450
Boulange|49.3814|5.9545|2450
Sainte-Foy-d'Aigrefeuille|43.5425|1.61|2449
Camaret-sur-Mer|48.2773|-4.5969|2447
Landas|50.4736|3.3013|2447
Illfurth|47.674|7.267|2446
Saint-Ouen-de-Thouberville|49.3574|0.8897|2446
Untervaz|46.9286|9.5348|2445
Penne-d'Agenais|44.3891|0.8205|2445
Saint-Martin-Bellevue|45.9629|6.1399|2445
Gamaches|49.9855|1.5557|2443
Vallon-Pont-d'Arc|44.4048|4.3929|2443
Beautiran|44.7044|-0.4511|2443
Windischgarsten|47.7218|14.329|2442
Marœuil|50.3233|2.7055|2441
Théding|49.1288|6.8937|2441
Poilly-lez-Gien|47.6769|2.5933|2441
Romagné|48.3422|-1.2754|2440
La Croix-en-Touraine|47.3405|0.9894|2439
Täuffelen|47.0683|7.1993|2437
Truyes|47.2774|0.8315|2436
Busigny|50.0351|3.4692|2435
Bouligny|49.2933|5.7358|2435
Zunzgen|47.4504|7.8046|2433
Bourguébus|49.1217|-0.2971|2433
Soultzmatt|47.9621|7.2389|2432
Ungersheim|47.8776|7.3066|2432
Ilanz|46.773|9.2034|2431
Saint-Cyprien|45.5378|4.2361|2431
Saint-Félix|45.8009|5.973|2431
Domagné|48.0707|-1.3918|2431
Meikirch|47.0089|7.3635|2430
Tucquegnieux|49.3083|5.8979|2430
Grenade-sur-l'Adour|43.7783|-0.4298|2430
Naveil|47.7943|1.0297|2430
Samatan|43.4936|0.9317|2429
Lichtenberg|48.36|14.2576|2428
Vaivre-et-Montoille|47.634|6.107|2428
Riom-ès-Montagnes|45.2832|2.6595|2428
Liré|47.3426|-1.1658|2427
Plonéis|48.0159|-4.2079|2427
Abondant|48.7823|1.4412|2427
Samoreau|48.4255|2.7561|2426
Beaurepaire|46.9114|-1.0878|2426
Meiningen|47.2998|9.5831|2424
Flins-sur-Seine|48.9623|1.8684|2424
Le Cheylas|45.3703|5.9927|2424
Treffiagat|47.8099|-4.2643|2424
Saint-Hilaire-de-Clisson|47.061|-1.3081|2423
Sathonay-Village|45.8318|4.879|2423
Felsberg|46.8461|9.4776|2422
Tigy|47.7951|2.2006|2422
Saint-Hilaire-de-Chaléons|47.1031|-1.8647|2422
Recquignies|50.2856|4.0429|2420
Rioz|47.4214|6.0731|2420
Saint-Paulien|45.1359|3.8131|2420
Noyers-Bocage|49.1225|-0.5672|2420
Saint-Witz|49.0906|2.5654|2419
Montreuil-sur-Ille|48.3065|-1.6711|2418
Carcans|45.0796|-1.044|2418
Boulouparis|-21.863|166.051|2418
Chouzy-sur-Cisse|47.5269|1.2463|2418
Kirchberg am Wechsel|47.6098|15.9913|2417
Caumont-l'Éventé|49.0908|-0.806|2417
Hinges|50.5655|2.6219|2417
Großgmain|47.7252|12.9076|2416
Génissieux|45.0848|5.0862|2415
Saint-Hilaire-du-Touvet|45.3089|5.8869|2415
Séez|45.623|6.8002|2413
Longeville-sur-Mer|46.4252|-1.4883|2413
Saint-Georges-les-Bains|44.8608|4.8098|2412
Ségny|46.2965|6.0738|2412
Bœrsch|48.4768|7.4411|2412
Blindenmarkt|48.1287|14.9898|2411
Novazzano|45.8414|8.9817|2410
Pont-sur-Sambre|50.2215|3.8486|2410
Courlay|46.7795|-0.5661|2409
Tréguier|48.7842|-3.232|2409
La Chapelle-Janson|48.3475|-1.1012|2409
Saint-Denis-la-Chevasse|46.8232|-1.3596|2409
Saint-Rogatien|46.1498|-1.0687|2408
Euratsfeld|48.082|14.9324|2407
Évenos|43.1629|5.8468|2407
Damigny|48.4515|0.0724|2406
Plouguenast|48.2804|-2.7007|2406
Gersau|46.9923|8.5265|2404
Cabanac-et-Villagrains|44.6066|-0.5534|2404
Lewarde|50.3405|3.1677|2403
Saint-Germain-la-Blanche-Herbe|49.1889|-0.4085|2403
Brazey-en-Plaine|47.1299|5.2223|2402
Thierachern|46.7543|7.575|2401
Le Bouveret|46.3829|6.854|2400
Saint-Varent|46.8892|-0.2357|2400
Le Chambon-sur-Lignon|45.0608|4.3029|2400
Santec|48.7032|-4.026|2400
Péchabou|43.5006|1.5088|2399
Belgentier|43.2452|6.0003|2399
Hienghène|-20.6894|164.944|2399
Luzinay|45.5889|4.9559|2397
Martres-Tolosane|43.198|1.0103|2397
Maussane-les-Alpilles|43.721|4.8055|2396
Saint-Lumine-de-Coutais|47.0556|-1.7267|2396
Saint-Valery-sur-Somme|50.1887|1.6279|2394
Houssen|48.1262|7.3787|2394
Saint-Julien-le-Montagnier|43.6909|5.9076|2394
Selongey|47.5874|5.1868|2393
Vendin-lès-Béthune|50.5488|2.6008|2393
Brens|43.8892|1.9091|2393
Opio|43.6685|6.982|2393
Calmont|43.287|1.6334|2393
Schwanden|46.9956|9.0714|2392
Herzogsdorf|48.4311|14.1135|2392
Pugnac|45.0817|-0.4956|2392
Montardon|43.3683|-0.3503|2392
Pfaffnau|47.2274|7.8984|2390
Chef-Boutonne|46.1087|-0.0685|2390
Saint-Mathurin|46.5658|-1.7133|2390
Oberhofen|46.7314|7.6687|2389
Beaumes-de-Venise|44.1219|5.0302|2389
Saint-Médard-de-Guizières|45.0147|-0.0568|2389
Puymoyen|45.6144|0.1803|2388
Monnières|47.1319|-1.3559|2388
Bernières-sur-Mer|49.3309|-0.4234|2388
Bazancourt|49.3624|4.172|2388
Cavignac|45.1005|-0.3904|2388
Ueberstorf|46.8651|7.3114|2387
Le Bois-d'Oingt|45.9211|4.5857|2387
Montana|46.3126|7.4824|2386
Bartholomäberg|47.0922|9.9077|2386
Samstagern|47.1922|8.6776|2384
Aumetz|49.4177|5.9425|2384
Saint-Geoire-en-Valdaine|45.4564|5.6356|2384
Dadonville|48.1581|2.2709|2384
Castelculier|44.1745|0.6912|2384
Tressange|49.4048|5.9805|2383
Ennery|49.0763|2.1063|2383
Jullouville|48.7713|-1.5658|2382
La Queue-les-Yvelines|48.8065|1.7647|2381
Krauchthal|47.008|7.567|2380
Stegersbach|47.1593|16.1683|2380
Berndorf|47.0189|15.277|2380
Cras-sur-Reyssouze|46.3076|5.1651|2380
Rosenau|47.6375|7.5371|2380
Saint-Sylvestre-sur-Lot|44.3994|0.8069|2380
Cantenay-Épinard|47.5333|-0.5667|2380
Ig|45.9592|14.5276|2378
Beltinci|46.6069|16.2351|2378
Saint-Pargoire|43.5292|3.5222|2378
Cayeux-sur-Mer|50.1792|1.4934|2377
Chalindrey|47.8041|5.427|2377
La Neuville-Chant-d'Oisel|49.3672|1.2437|2377
Maureilhan|43.3565|3.1207|2376
Bad Wimsbach-Neydharting|48.0633|13.9014|2375
Polzela|46.2792|15.0754|2375
Longlaville|49.534|5.8023|2374
Pougues-les-Eaux|47.0761|3.1006|2374
Rivedoux-Plage|46.1568|-1.2748|2374
Rurange-lès-Thionville|49.2763|6.2319|2374
Cepoy|48.0497|2.7429|2373
Cessenon-sur-Orb|43.4494|3.0467|2373
Cussac-Fort-Médoc|45.119|-0.7289|2372
Laroque-d'Olmes|42.9685|1.8703|2371
Bouvigny-Boyeffles|50.4212|2.6727|2371
Casseneuil|44.443|0.6207|2371
Lay-Saint-Christophe|48.7484|6.2007|2370
Flavin|44.2902|2.6041|2370
Razac-sur-l'Isle|45.1647|0.6005|2369
Saint-Amour|46.4359|5.3422|2368
Saint-Marcel-d'Ardèche|44.3269|4.6164|2368
Branges|46.6438|5.1763|2367
Neerach|47.5112|8.4716|2366
Ebenfurth|47.8775|16.3723|2366
Dabo|48.6536|7.2368|2366
Conflans-en-Jarnisy|49.1665|5.8564|2366
Riaillé|47.5172|-1.2958|2365
Gaillan-en-Médoc|45.3235|-0.9579|2365
Chevaigné|48.212|-1.6304|2365
Senones|48.3952|6.9817|2364
Montana-Village|46.2973|7.4891|2363
Aspach|48.186|13.3045|2362
Reiterndorf|47.7029|13.6324|2362
Ennsdorf|48.2123|14.4907|2362
Lanmeur|48.6472|-3.7166|2362
La Londe|49.3038|0.9541|2362
Oetz|47.2033|10.8966|2361
Lassee|48.2257|16.8212|2361
Brison-Saint-Innocent|45.7213|5.89|2360
Notre-Dame-des-Landes|47.3819|-1.7103|2360
Mouthiers-sur-Boëme|45.5535|0.1239|2359
Châteauneuf-le-Rouge|43.4887|5.5681|2357
Natternbach|48.3977|13.7481|2356
Bray-sur-Seine|48.415|3.2394|2356
Ennevelin|50.5397|3.1259|2356
Altnau|47.6124|9.2607|2355
Le Tholonet|43.5217|5.512|2355
Mirefleurs|45.6938|3.2241|2354
Siezenheim|47.8106|12.9855|2353
Cornas|44.9635|4.8475|2353
Courtisols|48.9866|4.5161|2353
Tréméven|47.8989|-3.5334|2353
Nalliers|46.4714|-1.0275|2353
Jennersdorf|46.9372|16.1413|2351
Ossun|43.1832|-0.0268|2351
Oiron|46.9509|-0.0801|2351
Monflanquin|44.5326|0.7681|2350
Velaine-en-Haye|48.7039|6.0223|2350
Salles-sur-Mer|46.105|-1.0572|2350
Hadol|48.0915|6.4783|2349
Lézat-sur-Lèze|43.2773|1.3462|2349
Saint-Médard-d'Aunis|46.159|-0.9718|2349
Firmi|44.5405|2.3094|2348
Saint-Germain|48.2581|4.0313|2348
Bessenay|45.7762|4.5534|2348
Saint-Père-Marc-en-Poulet|48.5881|-1.9244|2346
Coulonges-sur-l'Autize|46.4821|-0.5998|2345
Arbonne|43.4329|-1.552|2344
Lamastre|44.9855|4.5796|2342
Locon|50.5707|2.6665|2342
Seyssel|45.959|5.836|2342
Lauterbourg|48.9751|8.1767|2339
Aubord|43.7576|4.3126|2339
Vérines|46.1927|-0.9646|2339
Mathieu|49.2543|-0.3701|2339
Urt|43.4943|-1.2913|2339
Ychoux|44.328|-0.9616|2339
Louargat|48.5665|-3.3404|2338
Wingersheim|48.7216|7.6372|2338
Verniolle|43.0794|1.6514|2338
Saubens|43.4787|1.3481|2337
Naves|45.3123|1.7666|2337
Urnäsch|47.3179|9.2835|2336
Valleroy|49.2096|5.9353|2335
Richardménil|48.5944|6.1695|2335
Réding|48.7449|7.0977|2334
Périers|49.1871|-1.41|2334
Illmitz|47.7611|16.8008|2333
Chuzelles|45.5858|4.8751|2333
Lavans-lès-Saint-Claude|46.3845|5.7813|2333
Plan-d'Aups-Sainte-Baume|43.3294|5.7146|2333
Monnetier|46.1607|6.2064|2332
Taupont|47.9575|-2.4396|2330
Le Mesnil-en-Thelle|49.1769|2.2842|2329
Fruges|50.515|2.1349|2329
Saint-Germain-du-Plain|46.7031|4.9847|2329
Saint-Loup-Cammas|43.6961|1.4793|2329
Saint-Michel-en-l'Herm|46.3553|-1.2475|2329
Nassandres|49.1264|0.734|2329
Saint-Folquin|50.9462|2.1234|2328
Bezouce|43.8813|4.4873|2328
Anthy-sur-Léman|46.3558|6.4271|2327
Saint-Agrève|45.01|4.395|2325
Corbelin|45.6082|5.5428|2325
Matzingen|47.52|8.9341|2324
Saulieu|47.2794|4.2297|2324
Estillac|44.1689|0.5771|2324
Bailleul-sur-Thérain|49.3845|2.2227|2323
Andouillé|48.1767|-0.7843|2323
Herlies|50.5774|2.8537|2323
Rouillon|48.0074|0.1364|2322
Varennes-le-Grand|46.7124|4.8746|2321
Haulchin|50.3171|3.433|2320
Le Meux|49.3669|2.7439|2320
Hénon|48.3851|-2.6837|2320
Peaugres|45.2873|4.7286|2320
Biviers|45.2376|5.7965|2319
Saulcy-sur-Meurthe|48.2377|6.9604|2319
Sizun|48.4055|-4.079|2319
Saint-Saëns|49.6724|1.283|2317
Aups|43.6284|6.2253|2317
Eyzin-Pinet|45.4732|4.9998|2316
Villedoux|46.2412|-1.0682|2316
Beaulieu-sous-la-Roche|46.6778|-1.6089|2316
Lauterbrunnen|46.5939|7.9078|2315
Contamine-sur-Arve|46.1275|6.3396|2315
Saint-Gobain|49.5967|3.3759|2315
Dozulé|49.2315|-0.0447|2315
Molineuf|47.5777|1.2147|2315
Wimmis|46.6734|7.6368|2314
Seurre|46.9996|5.1488|2314
Sessenheim|48.7994|7.9866|2314
Poix-de-Picardie|49.775|1.9819|2313
Presles-en-Brie|48.7124|2.7425|2313
Saulnes|49.5326|5.8232|2312
Andilly|46.2541|-1.0292|2312
Tallard|44.4619|6.0551|2312
Grône|46.251|7.4582|2311
Saint-Bon-Tarentaise|45.435|6.637|2311
Gièvres|47.2757|1.6679|2311
Sèvres-Anxaumont|46.5707|0.4655|2311
Sant'Antonino|46.1532|8.9744|2310
Kittsee|48.0925|17.0639|2310
Landeronde|46.6588|-1.572|2310
Mutters|47.2284|11.3783|2309
Saint-Alban|48.5569|-2.534|2309
Nesle|49.7577|2.9087|2308
Le Monastère|44.3427|2.5786|2308
Huisseau-sur-Cosson|47.5921|1.454|2308
Rochefort-sur-Loire|47.3578|-0.655|2308
Vern-d'Anjou|47.6005|-0.8345|2308
Domancy|45.9126|6.649|2308
Mehrnbach|48.2076|13.4353|2306
Fontcouverte|45.7717|-0.5922|2306
Patay|48.0485|1.6938|2306
La Couture-Boussey|48.898|1.4059|2306
Saint-Pierre-la-Cour|48.1148|-1.0273|2306
Sarleinsbach|48.546|13.905|2305
Weiler|47.3033|9.6516|2304
Senovo|46.0198|15.4761|2304
Châtillon-sur-Indre|46.9866|1.1745|2304
Pleubian|48.8418|-3.1385|2304
Villers-sous-Saint-Leu|49.2102|2.3992|2303
Griesheim-près-Molsheim|48.5036|7.5332|2303
Courgenay|47.4045|7.1243|2302
Restinclières|43.7238|4.0375|2302
Salles-la-Source|44.4366|2.5145|2302
La Chapelle-la-Reine|48.3164|2.5685|2301
Gommegnies|50.2721|3.7047|2300
Les Ménuires|45.3243|6.5389|2300
Aspromonte di Nizza|43.7833|7.2441|2300
Aumont-Aubrac|44.7226|3.2842|2300
Fessenheim|47.9154|7.536|2299
Saint-Pierre-de-Varengeville|49.502|0.9284|2299
Vignacourt|50.0118|2.1968|2299
Rohrbach-lès-Bitche|49.0461|7.2655|2298
Saint-Sulpice-sur-Lèze|43.3283|1.3204|2298
La Barre-de-Monts|46.8849|-2.1163|2298
Moutiers-les-Mauxfaits|46.4927|-1.4248|2298
Veyrier-du-Lac|45.8818|6.1785|2297
Château-Salins|48.8231|6.5113|2297
Poroani|-12.8921|45.1419|2297
Fontenay-lès-Briis|48.6194|2.1547|2297
Radeče|46.0661|15.1819|2296
Bersée|50.4823|3.1472|2296
Varennes-Jarcy|48.6823|2.558|2296
Troinex|46.1617|6.1478|2295
Saint-Brandan|48.39|-2.8702|2295
Pré-en-Pail|48.4596|-0.1985|2295
Soyons|44.8885|4.8507|2295
Boulieu-lès-Annonay|45.2706|4.6673|2294
Noyelles-lès-Vermelles|50.4884|2.7243|2294
Hitzkirch|47.225|8.2632|2293
Thüringen|47.2|9.7667|2293
Saint-Nicolas-de-la-Grave|44.0645|1.023|2293
Saint-Maurice-sur-Dargoire|45.5825|4.6314|2293
Mariapfarr|47.1513|13.7457|2292
Guillestre|44.6598|6.6494|2292
Ebersheim|48.304|7.5014|2291
Saint-Pal-de-Mons|45.2462|4.2742|2291
Vojnik|46.2906|15.3088|2290
Pruniers-en-Sologne|47.3221|1.6712|2290
Morbier|46.5363|6.017|2290
Sablons|45.3179|4.7704|2290
Plounévez-Lochrist|48.6175|-4.211|2289
Nersac|45.6257|0.0511|2289
Rebais|48.8484|3.2322|2289
Zeiningen|47.5414|7.8716|2288
Nußbach|47.9717|14.1633|2288
Bréhan|48.0611|-2.6867|2288
Mexy|49.4997|5.7805|2288
Nouan-le-Fuzelier|47.5367|2.0366|2288
Crozet|46.2807|6.0135|2288
Volmerange-les-Mines|49.4422|6.0817|2288
Drefféac|47.4768|-2.0567|2288
Nonancourt|48.7709|1.1977|2287
Château-Gaillard|45.9732|5.3052|2287
Bassan|43.4114|3.2531|2287
Levier|46.9538|6.1172|2287
Lavardac|44.1788|0.2976|2287
Mézy-sur-Seine|49.0004|1.8803|2287
Fleurieux-sur-l'Arbresle|45.8358|4.6519|2287
Peglia|43.8028|7.4014|2287
Vendeuvre-sur-Barse|48.2363|4.4644|2287
Gragnague|43.682|1.5842|2286
Samoëns|46.0834|6.7269|2286
Payerbach|47.6931|15.8624|2285
Floing|49.7228|4.9306|2285
Ruoms|44.4537|4.3406|2284
Coursac|45.1297|0.6394|2284
Irodouër|48.2494|-1.9493|2284
Goldegg im Pongau|47.3187|13.1029|2283
Bourg|45.0395|-0.5596|2283
Laigné-en-Belin|47.8776|0.2286|2283
Corsier GE|46.2627|6.225|2282
Groix|47.6387|-3.4541|2282
Rače|46.4533|15.6791|2281
Vouneuil-sur-Vienne|46.7168|0.5397|2281
Andau|47.7758|17.033|2280
Avesnelles|50.1182|3.9474|2280
Le Vigen|45.7502|1.2888|2280
Zurndorf|47.9842|17.003|2279
Meymac|45.5367|2.1465|2279
Airaines|49.9663|1.9411|2279
Foucherans|47.0816|5.451|2279
La Boissière-de-Montaigu|46.9505|-1.1901|2279
Yvonand|46.7983|6.7445|2278
Hédé|48.2958|-1.8023|2278
Cuverville|49.1916|-0.2628|2278
Eiken|47.5313|7.9894|2277
Noyarey|45.2438|5.6322|2277
Meucon|47.7166|-2.7641|2277
Savosa|46.0181|8.9411|2276
Saint-Germain-du-Puch|44.856|-0.3234|2276
Coullons|47.6223|2.4927|2274
Ayse|46.0826|6.4372|2274
Bubry|47.9652|-3.1724|2273
Rœschwoog|48.8279|8.0363|2272
Schirrhein|48.8005|7.905|2272
Septeuil|48.8926|1.682|2272
Metzervisse|49.3152|6.2824|2272
Sainte-Marguerite|48.2685|6.9789|2271
Valençay|47.1615|1.5666|2271
Viviers-du-Lac|45.6485|5.9057|2271
Messery|46.3513|6.2924|2271
Saint-Armel|48.0141|-1.5912|2271
Saint-Laurent-de-la-Prée|45.9819|-1.04|2271
Coulon|46.3221|-0.5861|2271
Mouxy|45.6816|5.9343|2270
Arzon|47.5479|-2.8916|2269
Sankt Niklaus|46.177|7.8025|2268
Marboz|46.3428|5.2591|2268
La Chapelle-Saint-Aubin|48.0341|0.1601|2268
Lussac-les-Châteaux|46.4032|0.7252|2268
L'Argentière-la-Bessée|44.7897|6.5589|2267
Izernore|46.2206|5.5551|2267
Saint-Germain-sur-l'Arbresle|45.8527|4.6121|2267
Corbehem|50.3355|3.0488|2266
Creully|49.2847|-0.5391|2266
Ballon|48.1752|0.2337|2266
Sainte-Marie|47.6945|-2.0006|2266
Koppigen|47.1318|7.6015|2265
Maria Alm am Steinernen Meer|47.4053|12.9027|2265
La Forêt-sur-Sèvre|46.7704|-0.6492|2265
Cheny|47.951|3.532|2265
Langlade|43.8043|4.2506|2265
Uxegney|48.1947|6.3708|2265
Zell LU|47.1381|7.9228|2264
Rochemaure|44.5874|4.7035|2264
Dannemarie|47.6319|7.1165|2264
Jaux|49.3881|2.7765|2264
Saint-Martin-de-Ré|46.2017|-1.3682|2263
Plourivo|48.7452|-3.0717|2263
Le Fauga|43.3961|1.2952|2262
Ennery|49.2256|6.2198|2262
Cappelle-en-Pévèle|50.508|3.1733|2262
Entrammes|47.9999|-0.7142|2262
Cissac-Médoc|45.2297|-0.8324|2262
Mogelsberg|47.3608|9.1358|2261
Chevry|46.2819|6.0422|2261
Plouharnel|47.598|-3.1128|2261
Hollenegg|46.7893|15.2111|2260
Remoulins|43.9394|4.5683|2260
Cépet|43.7501|1.4319|2260
Kœnigsmacker|49.396|6.2792|2260
Franois|47.2342|5.9244|2260
Roujan|43.5065|3.3103|2260
Pfyn|47.596|8.9565|2259
Rocroi|49.925|4.5205|2259
Mommenheim|48.7573|7.6419|2259
Deitingen|47.2143|7.6192|2258
Rüderswil|46.9829|7.7227|2258
Bachant|50.2142|3.8636|2258
Saint-Jean-Pla-de-Corts|42.5118|2.7925|2258
Buis-les-Baronnies|44.2768|5.2748|2258
Mönchhof|47.8827|16.9412|2257
Steinakirchen am Forst|48.0674|15.0488|2257
Trouillas|42.6103|2.8077|2257
Riedholz|47.2311|7.5695|2256
Méteren|50.7409|2.6912|2256
Montours|48.442|-1.3082|2256
Vendat|46.1666|3.3558|2254
Butry-sur-Oise|49.0857|2.198|2254
Lubersac|45.4457|1.404|2253
Attalens|46.5111|6.849|2252
Oberkulm|47.2989|8.1216|2252
Terfens|47.3225|11.6432|2252
Groß-Siegharts|48.7911|15.4045|2252
Stubenberg am See|47.2444|15.802|2252
La Chapelle-Thouarault|48.1248|-1.8645|2252
Vert-le-Grand|48.574|2.3594|2252
Vuisternens-devant-Romont|46.6531|6.9293|2251
Guégon|47.9376|-2.5648|2251
Mérindol|43.7557|5.2026|2251
Pompertuzat|43.4893|1.5144|2251
Neydens|46.1209|6.104|2251
Faumont|50.4617|3.1375|2251
Plomodiern|48.1815|-4.2328|2251
Nänikon|47.3696|8.6924|2250
Henggart|47.5632|8.6836|2250
Debant|46.829|12.8111|2250
Brézins|45.3482|5.3073|2250
Ivančna Gorica|45.939|14.805|2249
Collonges|46.1376|5.9034|2249
Perrigny-lès-Dijon|47.2661|5.009|2249
Nohanent|45.8089|3.0563|2249
Belbeuf|49.3881|1.1428|2249
Margencel|46.3387|6.4324|2249
Ciry-le-Noble|46.604|4.302|2248
Lessay|49.2188|-1.5324|2248
Septfonds|44.1794|1.6192|2248
Arudy|43.1062|-0.4281|2248
Epfig|48.3597|7.4639|2246
Prahecq|46.2596|-0.3467|2246
Pöndorf|47.9969|13.3696|2245
Maubourguet|43.4657|0.0433|2245
Lagrave|43.8974|1.9936|2244
Lusigny-sur-Barse|48.2551|4.2686|2244
Malansac|47.6775|-2.2949|2244
Spital am Pyhrn|47.6646|14.3402|2243
Lassay-les-Châteaux|48.4377|-0.4966|2243
Méounes-lès-Montrieux|43.2812|5.9703|2243
Fégréac|47.5848|-2.0444|2243
Saint-Sorlin-en-Valloire|45.2889|4.9512|2241
Hohenrain|47.1797|8.3156|2240
Saint-Denis-en-Bugey|45.9519|5.329|2240
Vitry-aux-Loges|47.9385|2.2667|2240
Lavilledieu|44.5779|4.4523|2239
Friesach|46.9521|14.4052|2238
Attiches|50.5222|3.0585|2238
Braine|49.3443|3.534|2237
Basse-Ham|49.3858|6.2434|2237
Colpo|47.8189|-2.8114|2237
Saint-Pierre-Quiberon|47.5198|-3.1303|2236
Vimines|45.5465|5.8655|2236
Saint-Agathon|48.5597|-3.1163|2236
Echandens|46.5344|6.541|2235
Callac|48.4051|-3.4265|2235
Avanne-Aveney|47.2016|5.9633|2235
Ruprechtshofen|48.1361|15.2775|2234
Mouzon|49.6055|5.0771|2234
Lablachère|44.4652|4.2135|2234
L'Hôpital-Camfrout|48.3283|-4.2422|2234
Orléat|45.8602|3.4204|2234
Steinerkirchen an der Traun|48.079|13.9578|2233
Sarras|45.1891|4.7983|2233
Clairoix|49.4411|2.8443|2232
Bad Fischau|47.8315|16.1669|2231
Sabugal|40.3518|-7.0896|2231
Münchendorf|48.0298|16.3792|2229
Le Bois-Plage-en-Ré|46.1864|-1.393|2229
Valanjou|47.2132|-0.5944|2228
Muttersholtz|48.2693|7.5358|2228
Belloy-en-France|49.0893|2.3679|2228
Cassel|50.8|2.4868|2227
Mionnay|45.8948|4.9312|2227
Givrand|46.6722|-1.8836|2227
Gornji Petrovci|46.8037|16.2186|2226
Nouvion-sur-Meuse|49.7006|4.7958|2226
Wagna|46.7663|15.5572|2224
Saint-Paul-de-Varces|45.0716|5.6429|2224
Corseul|48.4811|-2.1685|2223
Tessy-sur-Vire|48.9734|-1.0602|2223
Hesdin|50.373|2.0366|2222
Marle|49.74|3.7714|2221
Avanton|46.663|0.3044|2221
Niederweningen|47.5076|8.38|2220
Unteriberg|47.0598|8.8035|2220
Frankenfels|47.9824|15.3257|2220
Lanta|43.5612|1.6545|2220
Grosbreuil|46.5397|-1.6169|2220
Laroque-des-Albères|42.5228|2.9348|2219
Cheptainville|48.5507|2.2647|2219
Malataverne|44.4865|4.7517|2218
Sergy|46.2527|5.9992|2218
Saint-Éloi|46.9739|3.222|2218
Reconvilier|47.2358|7.2248|2217
Edern|48.1042|-3.9776|2217
St. Gallenkirch|47.0202|9.9741|2216
Quinsac|44.7557|-0.4891|2215
Livry-sur-Seine|48.5111|2.6849|2215
Racquinghem|50.693|2.3568|2214
Saint-Léonard|46.2547|7.4204|2213
Bouafle|48.9645|1.9002|2213
Beaulieu|43.7285|4.0222|2213
Saint-Gence|45.922|1.1382|2213
Altenfelden|48.4853|13.969|2212
Les Martres-d'Artière|45.8349|3.2628|2212
Jouy-sur-Morin|48.7944|3.2719|2212
Worben|47.1006|7.2964|2211
Aléria|42.1136|9.5145|2211
Kematen an der Krems|48.11|14.1919|2210
Roche-lez-Beaupré|47.2751|6.1155|2210
Sales|45.8733|5.9609|2210
Pouilly-les-Nonains|46.0379|3.9809|2209
Montlebon|47.0426|6.6058|2209
Tremblay-les-Villages|48.5993|1.3833|2209
Saint-Beauzire|45.8516|3.179|2209
Pluduno|48.5317|-2.2685|2208
Saint-Briac-sur-Mer|48.6183|-2.1328|2208
Oberlunkhofen|47.3119|8.3905|2207
Dambach-la-Ville|48.3237|7.425|2207
Merville-Franceville-Plage|49.2788|-0.2037|2207
Angresse|43.658|-1.3734|2207
Breglio|43.9375|7.514|2206
Plouaret|48.6118|-3.4731|2206
Lévignac|43.6665|1.1942|2206
Saint-Étienne-des-Oullières|46.0676|4.6494|2206
Saint-Victor-la-Coste|44.0631|4.6394|2205
Novalaise|45.5951|5.7704|2205
Plouguin|48.5253|-4.5977|2204
Mörbisch am See|47.7533|16.6659|2203
Dirinon|48.398|-4.2719|2203
Saint-Julien-du-Sault|48.0313|3.2962|2203
Saint-Martin-des-Champs|48.6701|-1.3304|2203
La Fresnaye-sur-Chédouet|48.4482|0.2544|2203
Bad Erlach|47.7261|16.2154|2202
Fléville-devant-Nancy|48.6256|6.2058|2202
Vignoc|48.2487|-1.784|2202
Feneu|47.5709|-0.5943|2202
Cadolive|43.3954|5.5458|2202
Rorbas|47.5303|8.5771|2201
Waldneukirchen|47.9962|14.2597|2201
Trémuson|48.5235|-2.8492|2201
Saint-Melaine-sur-Aubance|47.3708|-0.4968|2201
Röthis|47.2922|9.6535|2200
Saint-Amarin|47.873|7.0317|2200
Paradou|43.7174|4.7843|2200
Margon|48.3357|0.8335|2200
Vieux Bourg|16.3419|-61.5117|2200
Balazé|48.1675|-1.1893|2199
Rugles|48.8213|0.7095|2199
Walchsee|47.6512|12.3186|2198
Saint-Victor-de-Cessieu|45.544|5.3956|2197
Écouché|48.7171|-0.1247|2197
Baulon|47.9854|-1.9316|2197
Calmont|44.2493|2.5119|2196
Königstetten|48.3012|16.1459|2195
Sillé-le-Guillaume|48.1841|-0.1276|2195
Andolsheim|48.0636|7.4182|2195
Loupian|43.4494|3.6148|2195
La Cavalerie|44.0082|3.1572|2195
Barbengo|45.96|8.9138|2193
Scorbé-Clairvaux|46.8126|0.416|2193
Vézeronce|45.6507|5.4707|2193
Mézériat|46.2346|5.0481|2192
La Roquebrussanne|43.3402|5.9763|2192
Saint-Geniez-d'Olt|44.4657|2.9728|2192
Seftigen|46.7888|7.5396|2191
Urville-Nacqueville|49.673|-1.7378|2191
Barneville-sur-Mer|49.3815|-1.7528|2191
Inguiniel|47.9767|-3.2819|2191
Langoiran|44.7082|-0.401|2191
Saint-Étienne-du-Bois|46.8319|-1.5936|2191
Landiras|44.5682|-0.4143|2191
Matha|45.8677|-0.3192|2190
Fournes-en-Weppes|50.5847|2.889|2190
Auzouer-en-Touraine|47.5422|0.9187|2190
Pont-de-Vaux|46.4317|4.9376|2189
Eza|43.7289|7.3621|2189
Lebring|46.8522|15.5383|2188
Pfarrwerfen|47.457|13.2057|2188
Payrin-Augmontel|43.5178|2.3484|2188
Chexbres|46.481|6.7803|2187
Tschagguns|47.0767|9.9028|2187
Weistrach|48.0552|14.5844|2187
Taissy|49.214|4.0937|2187
Valleggia|45.5282|13.6473|2186
Hirzel|47.2158|8.6103|2185
Poix-du-Nord|50.1902|3.6082|2185
Montferrand-le-Château|47.1838|5.9073|2185
Peuerbach|48.3439|13.771|2184
Roquecourbe|43.6648|2.2914|2183
Saint-Gelais|46.3838|-0.3902|2183
Neuillé-Pont-Pierre|47.5485|0.5481|2183
Lompret|50.6702|2.9898|2182
Wiedlisbach|47.2524|7.6471|2181
Larra|43.7394|1.2336|2181
Hägglingen|47.3878|8.2535|2179
Uttigen|46.7937|7.5792|2179
Castel San Pietro|45.8616|9.0085|2179
Boeschepe|50.8003|2.6916|2179
Les Mathes|45.7181|-1.1469|2179
Mêda|40.9663|-7.2637|2178
Hochstatt|47.7031|7.2771|2177
Spillern|48.3776|16.2607|2176
Allonzier-la-Caille|46.0001|6.1186|2176
Saint-Aubin-sur-Gaillon|49.1468|1.3295|2176
Morancé|45.898|4.6998|2176
Prouvy|50.3186|3.4497|2173
Saint-Rambert-en-Bugey|45.9486|5.44|2173
Plounéventer|48.5147|-4.2125|2173
Saint-Georges-du-Bois|47.9727|0.1011|2173
Follainville-Dennemont|49.0214|1.7151|2173
Disentis/Mustér|46.7042|8.855|2172
Aschach an der Steyr|48.012|14.3346|2172
Cervione|42.3323|9.4919|2172
Châbons|45.4444|5.4309|2171
Théza|42.6383|2.9512|2171
Saint-Léger-les-Vignes|47.136|-1.7316|2171
Mesquer|47.3991|-2.4596|2171
Ecques|50.6695|2.2873|2171
Monthermé|49.8843|4.7392|2170
Luneray|49.8284|0.9117|2170
Fère-Champenoise|48.755|3.9905|2170
Kêr Uhel|48.7442|-3.4721|2170
Scharten|48.2519|14.0372|2169
Montier-en-Der|48.4788|4.7707|2169
Cousolre|50.2453|4.1523|2169
Pussay|48.3496|1.9917|2169
Orchamps-Vennes|47.1304|6.5254|2169
Neuhofen im Innkreis|48.1895|13.4736|2168
Saint-Lupicin|46.4048|5.7932|2168
Jardin|45.4964|4.9078|2168
La Tardière|46.6614|-0.7324|2168
Marcilly-en-Villette|47.7635|2.0215|2168
St. Georgen am Walde|48.3595|14.8967|2167
Peujard|45.0461|-0.4303|2167
Douzy|49.6692|5.0441|2166
Lumbin|45.306|5.9108|2165
Sancé|46.3402|4.8308|2165
Javené|48.3199|-1.2175|2165
Vars|45.7624|0.1236|2165
Silenen|46.7921|8.6695|2164
Ottenbach|47.2817|8.4061|2164
Itxassou|43.3335|-1.4091|2164
Fesches-le-Châtel|47.524|6.9067|2164
Sixt-sur-Aff|47.7761|-2.0803|2163
Coarraze|43.1693|-0.2314|2163
Radenci|46.6409|16.04|2162
Cuise-la-Motte|49.3875|3.0031|2161
Cozes|45.5836|-0.8327|2161
Nogaro|43.7592|-0.0328|2161
Notre-Dame-de-Riez|46.7453|-1.907|2161
Ladendorf|48.5336|16.4915|2160
Saint-Christol|43.7271|4.0796|2160
Notre-Dame-de-Monts|46.8314|-2.1306|2160
Monchy-Saint-Éloi|49.2921|2.4625|2160
Brécey|48.7243|-1.1663|2159
Bois-de-Céné|46.9378|-1.8848|2159
Villers-Outréaux|50.0341|3.298|2156
Vinça|42.6451|2.5279|2156
Pontcarré|48.7974|2.7045|2156
Corny-sur-Moselle|49.0351|6.0596|2156
Laissac|44.381|2.8245|2155
Boisseron|43.7604|4.0816|2153
Pirey|47.2616|5.9639|2153
Lampaul-Plouarzel|48.4473|-4.7603|2153
Chevannes|47.7518|3.4922|2153
Bagnères-de-Luchon|42.7911|0.5912|2152
Plonévez-du-Faou|48.2532|-3.826|2152
Saint-Thurial|48.0293|-1.9312|2152
Saint-Laurent-des-Autels|47.2866|-1.1902|2152
Obergösgen|47.3641|7.9512|2151
Buxy|46.7134|4.6951|2151
Saint-Amé|48.0256|6.6705|2151
Château-l'Évêque|45.2453|0.6862|2151
Épinac|46.9908|4.5133|2150
Bad Schwanberg|46.7565|15.2004|2149
Fontenay-en-Parisis|49.0536|2.4514|2149
Brix|49.5451|-1.5796|2149
Semblançay|47.499|0.5784|2149
Mathay|47.4354|6.7814|2148
Bertry|50.0864|3.444|2148
Pomérols|43.3909|3.4992|2148
Combronde|45.9819|3.0889|2148
Brécé|48.1102|-1.4818|2147
Les Églisottes-et-Chalaures|45.0999|-0.0366|2147
Sarmenstorf|47.3099|8.2486|2146
Rougé|47.7834|-1.449|2146
Pencran|48.4373|-4.2351|2146
Felben-Wellhausen|47.5756|8.9399|2145
Annequin|50.5092|2.7274|2145
Chablis|47.8152|3.8002|2145
Montagnat|46.1699|5.2834|2145
La Motte|48.235|-2.7334|2145
Preignac|44.5857|-0.2953|2145
Saint-Louis-de-Montferrand|44.9537|-0.534|2144
Leuggern|47.5798|8.2172|2143
Radfeld|47.4464|11.9079|2143
Septème|45.553|5.0046|2143
Égreville|48.1758|2.8738|2143
Lombez|43.4757|0.9111|2143
Pouldreuzic|47.9547|-4.3601|2143
La Bâthie|45.6249|6.449|2142
Argeliers|43.3122|2.9114|2142
Nebikon|47.1897|7.9738|2141
Grein|48.2272|14.8552|2141
Izeaux|45.3328|5.4262|2141
Saint-Didier-de-Formans|45.9563|4.7794|2141
Mirebeau|46.786|0.1814|2141
Leutasch|47.3703|11.1425|2140
Tencin|45.3083|5.9577|2140
Llupia|42.6228|2.7703|2140
Le Perrier|46.8199|-1.994|2140
Laize-la-Ville|49.0834|-0.3817|2140
Courcelles-sur-Seine|49.1829|1.359|2140
Saint-Aubin-sur-Mer|49.3292|-0.3886|2139
Veyrac|45.8951|1.1055|2139
Hildisrieden|47.1514|8.2267|2138
Straßburg|46.8955|14.3314|2138
Moirans-en-Montagne|46.4311|5.7256|2138
Roche|45.5867|5.1629|2137
Versonnex|46.3031|6.0969|2137
Naucelles|44.9557|2.4176|2137
L'Aiguillon-sur-Vie|46.6711|-1.8278|2137
Chanteheux|48.599|6.5272|2136
Cotignac|43.5281|6.1503|2136
Augny|49.0594|6.1219|2136
Bouin|46.9744|-2.0006|2136
Trept|45.687|5.3195|2135
Méry|45.643|5.9375|2135
Soliers|49.1348|-0.2956|2135
Le Sourn|48.0427|-2.9908|2135
Esquelbecq|50.8862|2.4309|2134
Buttikon|47.1737|8.9528|2133
Mauerkirchen|48.1889|13.1346|2133
Quelaines-Saint-Gault|47.9243|-0.8031|2133
Cérons|44.6317|-0.3349|2132
Villevaudé|48.9161|2.6546|2132
Saint-Laurent-d'Agny|45.6399|4.6853|2132
Corseaux|46.4723|6.832|2131
Cénac|44.78|-0.4618|2131
Marsens|46.6557|7.0641|2130
Lanouée|48.0026|-2.5824|2130
Hajangoua|-12.8674|45.1956|2130
Cambon|43.9132|2.2133|2129
Saint-Denis-les-Ponts|48.0665|1.2886|2129
La Meignanne|47.5193|-0.6679|2129
Larressore|43.3713|-1.4375|2129
Raillencourt-Sainte-Olle|50.1821|3.1965|2128
Renescure|50.7276|2.3695|2128
Freienstein|47.5311|8.5851|2127
Markt Piesting|47.8734|16.129|2127
Ernsthofen|48.127|14.4829|2127
Boran-sur-Oise|49.1673|2.3586|2127
Fressenneville|50.0682|1.5752|2127
Échenevex|46.3094|6.0399|2127
Villié-Morgon|46.1612|4.6813|2127
Bourbriac|48.4736|-3.1875|2126
Saint-Didier|44.0061|5.109|2126
Le Genest-Saint-Isle|48.099|-0.8869|2126
Armbouts-Cappel|50.978|2.3516|2125
Putanges-Pont-Écrepin|48.7636|-0.2462|2125
Jujurieux|46.0397|5.409|2124
Telgruc-sur-Mer|48.2315|-4.357|2124
Clohars-Fouesnant|47.8974|-4.0676|2124
Roches-Prémarie|46.4828|0.3705|2124
Guerville|48.9436|1.733|2124
Bonnelles|48.6182|2.0297|2123
Poisat|45.1589|5.7594|2123
Vernègues|43.6859|5.1723|2123
Beaujeu|46.1531|4.5908|2123
Logonna-Daoulas|48.3207|-4.2996|2123
Mornac|45.6799|0.2727|2123
Brette-les-Pins|47.9108|0.3376|2123
Ettiswil|47.1484|8.0151|2121
Glanegg|47.7498|13.0131|2121
Amanvillers|49.1676|6.0439|2121
Pommeret|48.4626|-2.6262|2121
Varreddes|49.004|2.9269|2121
Hirsingue|47.5864|7.2534|2120
Saintes-Maries-de-la-Mer|43.4516|4.4277|2120
Vay|47.5544|-1.7015|2120
Ploumoguer|48.4034|-4.7224|2120
Bégrolles-en-Mauges|47.1401|-0.939|2120
Mägenwil|47.4122|8.2302|2118
Marbach SG|47.392|9.5686|2118
Marchegg|48.2779|16.9098|2118
Chailly-en-Bière|48.4669|2.6089|2118
Liffol-le-Grand|48.3219|5.5794|2118
Garat|45.6266|0.2635|2118
Saint-Didier-de-la-Tour|45.5554|5.4833|2117
Sainte-Anastasie-sur-Issole|43.3421|6.1254|2117
Borovnica|45.9195|14.3637|2116
Labaroche|48.1099|7.1942|2116
Richemont|49.2794|6.1664|2116
Werthenstein|47.0554|8.1018|2115
Saint-Sauveur|45.1524|5.3427|2115
Châtillon|45.8769|4.6451|2115
Bouloire|47.9725|0.5524|2115
Cadro|46.0449|8.9843|2114
Bians-les-Usiers|46.9602|6.2681|2114
Chemaudin|47.2248|5.8899|2114
Juvigny Val d'Andaine|48.552|-0.5087|2114
Saint-Alban-de-Roche|45.596|5.2248|2113
Quinçay|46.6072|0.236|2113
Walincourt-Selvigny|50.0697|3.3369|2112
Vincey|48.3404|6.3318|2112
Falicone|43.7492|7.2791|2111
Ongojou|-12.837|45.1587|2111
Maurs|44.7104|2.1982|2110
Frontonas|45.6474|5.1853|2109
Berric|47.6329|-2.5245|2109
Saint-Clément-de-la-Place|47.525|-0.7455|2109
Brax|44.2031|0.5514|2109
Chilleurs-aux-Bois|48.0713|2.134|2109
Serpaize|45.5589|4.9201|2108
Plaimpied-Givaudins|46.998|2.455|2108
Wolfenschiessen|46.9081|8.3955|2107
Froideville|46.6012|6.6816|2107
Schirmeck|48.4787|7.2182|2107
Nages-et-Solorgues|43.7904|4.2302|2107
Candillargues|43.6203|4.0686|2107
Valergues|43.6695|4.0618|2107
Oberau|47.4442|12.0526|2106
Saint-Uze|45.1844|4.8616|2106
Mansle-les-Fontaines|45.8765|0.18|2105
Formerie|49.6499|1.7306|2105
Schenkon|47.1775|8.1324|2104
Saze|43.9413|4.6819|2104
Ennetmoos|46.9569|8.3374|2103
Aubigné-Racan|47.6904|0.2671|2103
Château-Renard|47.9325|2.9276|2103
Ligueil|47.0413|0.8163|2103
Esnandes|46.2503|-1.1134|2103
Pouilley-les-Vignes|47.2569|5.9344|2102
Roquefort|44.175|0.5605|2102
Biberbach|48.0291|14.7085|2101
Ranshofen|48.2352|13.0149|2100
Sainte-Foy-de-Peyrolières|43.4926|1.1448|2100
Saint-Lumine-de-Clisson|47.0833|-1.3375|2100
Le Gua|45.7265|-0.9442|2100
Couilly-Pont-aux-Dames|48.884|2.8587|2100
Unterwaltersdorf|47.9604|16.4308|2099
Perreux|46.0392|4.126|2099
Le Pouget|43.5917|3.524|2099
La Canourgue|44.4317|3.215|2099
Peschadoires|45.8278|3.4919|2099
Nogent-l'Artaud|48.9649|3.3186|2098
Linars|45.6571|0.0842|2096
Florac Trois Rivières|44.3239|3.5942|2096
Suze-la-Rousse|44.2886|4.8402|2096
Saint-Paterne|48.4172|0.1105|2096
Les Mages|44.228|4.1661|2095
Chaptelat|45.9093|1.2591|2095
Vignoux-sur-Barangeon|47.2022|2.1719|2095
Combloux|45.8949|6.6448|2095
Hittisau|47.4576|9.9598|2094
Eymoutiers|45.7389|1.7433|2094
Mittelhausbergen|48.614|7.6929|2094
Sourcieux-les-Mines|45.8043|4.623|2094
Boigny-sur-Bionne|47.9232|2.0075|2094
Bonneuil-Matours|46.6816|0.5696|2094
Saint-Prest|48.4927|1.5293|2093
Saint-Victor|46.3946|2.6086|2093
Ittenheim|48.6057|7.5926|2093
Champigny|48.3194|3.1265|2092
Villigen|47.5263|8.2147|2091
Saint-Nazaire-d'Aude|43.2441|2.8934|2091
Créances|49.2015|-1.565|2091
Gruyères|46.5837|7.0816|2090
Torfou|47.0363|-1.1174|2090
Fains-les-Sources|48.7914|5.1238|2090
Saint-Magne-de-Castillon|44.864|-0.0686|2090
Rothenthurm|47.1047|8.6748|2089
Mons-en-Pévèle|50.4803|3.0991|2089
Chouzé-sur-Loire|47.2439|0.11|2089
Plourhan|48.6308|-2.8698|2088
Hellmonsödt|48.4317|14.3|2087
Estagel|42.7719|2.6995|2087
Le Pont-de-Beauvoisin|45.5368|5.6731|2087
Saint-Sauveur|43.7496|1.4004|2087
Sillian|46.7473|12.418|2086
Mauer bei Amstetten|48.0953|14.7991|2086
Gennes|47.3428|-0.2314|2086
Muizon|49.2768|3.8898|2086
Saint-Germain-en-Coglès|48.4052|-1.2641|2086
Ruillé-sur-Loir|47.7516|0.6208|2086
Bussnang|47.5581|9.0797|2085
Grignon|45.6464|6.3719|2085
Miranda do Douro|41.4974|-6.2738|2085
Büsserach|47.3916|7.5405|2084
Litschau|48.9443|15.0453|2083
Carspach|47.6179|7.209|2083
Saint-Ouen-d'Aunis|46.2268|-1.0334|2083
Vilters|47.0254|9.4505|2082
Sonnaz|45.6203|5.9123|2082
Flourens|43.5947|1.5621|2081
La Frénaye|49.527|0.571|2081
Majicavo-Lamir|-12.7538|45.2312|2081
Seyssuel|45.5596|4.8442|2080
Bouray-sur-Juine|48.5208|2.2994|2080
Saint-Bonnet-en-Champsaur|44.6827|6.0746|2080
Monsempron-Libos|44.4913|0.9407|2079
Servion|46.5768|6.7845|2078
Feistritz ob Bleiburg/Bistrica pri Pliberku|46.5614|14.763|2078
Le Longeron|47.0192|-1.0588|2078
Bourgs sur Colagne|44.5155|3.2555|2078
Saint-Manvieu-Norrey|49.1803|-0.5005|2078
Pontresina|46.49|9.9043|2077
Segonzac|45.6174|-0.2186|2077
Saint-Geniès-des-Mourgues|43.6976|4.0333|2077
Potigny|48.9707|-0.2469|2077
Wittisheim|48.2644|7.5865|2076
Houdemont|48.647|6.1761|2076
Bully|45.8521|4.5838|2076
Killwangen|47.4316|8.3519|2075
Wisches|48.5095|7.2691|2073
Abbaretz|47.5526|-1.5323|2073
Saint-Bonnet-près-Riom|45.9306|3.1139|2072
Hallau|47.6965|8.4579|2071
Hölstein|47.4247|7.7698|2071
La Chapelle-Saint-Laurent|46.7462|-0.4767|2071
Remetschwil|47.409|8.328|2070
Preserje pri Radomljah|46.1673|14.5947|2070
Neuville-sur-Oise|49.0136|2.0624|2070
Foëcy|47.18|2.1576|2069
Chessy|45.8872|4.623|2069
Réty|50.7968|1.774|2069
Altenmarkt an der Triesting|48.0157|15.9918|2068
Grane|44.7317|4.925|2068
Champigné|47.664|-0.5697|2068
Le Grand-Bornand|45.9419|6.4271|2068
Nieul-sur-l'Autise|46.4245|-0.6782|2068
Termignon|45.2769|6.8169|2067
Saint-Pabu|48.5659|-4.6159|2067
Lufingen|47.4899|8.5944|2066
Walzenhausen|47.4507|9.6018|2066
Bergheim|48.2057|7.3622|2066
Moussan|43.2303|2.9493|2066
Saint-Julien|48.4525|-2.8142|2066
Ger|43.2526|-0.0526|2066
Vauhallan|48.7344|2.2058|2066
Canobbio|46.035|8.9672|2065
Barsac|44.605|-0.322|2065
La Longueville|50.2871|3.8562|2065
Préseau|50.3113|3.5729|2065
Anetz|47.3815|-1.1028|2065
Brenouille|49.3023|2.5283|2065
Sissonne|49.573|3.8928|2063
Lacroix-Falgarde|43.5029|1.4116|2063
Saint-Just|45.8025|-1.0367|2063
Sainte-Gemme-la-Plaine|46.4835|-1.1126|2063
Grünau im Almtal|47.853|13.9571|2062
Saint-Sauveur-le-Vicomte|49.3854|-1.5318|2062
Mettray|47.4525|0.6496|2062
Comano|46.0381|8.9533|2061
Guiscriff|48.0484|-3.6448|2061
Marolles-les-Braults|48.2522|0.3135|2061
Prémesques|50.6557|2.9526|2060
Meinier|46.2467|6.2334|2059
San Pietro del Carso|45.6825|14.1954|2059
Saint-Benoît-de-Carmaux|44.0518|2.1288|2059
Sainte-Consorce|45.7752|4.6904|2059
Kerlouan|48.6445|-4.3637|2058
Argent-sur-Sauldre|47.5595|2.4463|2057
Ribaute-les-Tavernes|44.0384|4.0804|2057
Volstroff|49.3116|6.2599|2057
Léon|43.8751|-1.3026|2057
Brain-sur-Allonnes|47.3038|0.0654|2057
Gontenschwil|47.2725|8.1453|2055
Karlstetten|48.2587|15.5656|2055
Étel|47.6579|-3.1972|2055
Lagny-le-Sec|49.086|2.7442|2055
Ambon|47.5542|-2.5567|2055
Diemtigen|46.6497|7.5666|2054
Oberbuchsiten|47.3118|7.7652|2054
Paulx|46.9627|-1.7542|2054
St. Johann am Walde|48.1213|13.2839|2053
Godewaersvelde|50.7943|2.6429|2053
Saint-Palais|43.3273|-1.0345|2052
Le Thou|46.084|-0.9172|2052
Les Attaques|50.9072|1.9337|2052
Gosné|48.246|-1.4626|2051
Lucenay|45.9121|4.7016|2051
Saint-Léon-sur-l'Isle|45.1169|0.4979|2051
Vorderweißenbach|48.5518|14.2187|2050
Loué|47.9965|-0.1512|2050
Beaurainville|50.4249|1.901|2050
Achenkirch|47.5276|11.7056|2049
Vipava|45.8466|13.9612|2049
Montredon-Labessonnié|43.7195|2.326|2049
Frangy|46.0191|5.9293|2049
Froidfond|46.87|-1.7567|2049
Ahetze|43.4046|-1.5708|2049
Montréal|43.2005|2.1431|2048
Villiers-sur-Morin|48.8594|2.8796|2048
La Ferté-Milon|49.1777|3.1248|2047
Les Matelles|43.7307|3.8097|2047
Zell an der Pram|48.3148|13.6288|2046
Bessé-sur-Braye|47.8347|0.7526|2046
La Bonneville-sur-Iton|48.9918|1.0373|2046
Lamanon|43.7016|5.0865|2046
Parcé-sur-Sarthe|47.8434|-0.1987|2046
Sennecey-lès-Dijon|47.2912|5.102|2045
Ucel|44.6275|4.3991|2044
Targon|44.7338|-0.2646|2044
Ersigen|47.0933|7.5967|2043
Blaringhem|50.6915|2.4043|2043
Vennecy|47.9537|2.0542|2043
Bezau|47.3852|9.9014|2042
Pottenbrunn|48.2384|15.6979|2042
Assat|43.2496|-0.299|2042
Wolfwil|47.2697|7.7947|2040
Châteauneuf-du-Pape|44.056|4.8317|2040
Perthes|48.4759|2.5554|2040
Mozé-sur-Louet|47.3584|-0.5523|2040
Sainte-Féréole|45.2286|1.5826|2040
Peri|42.005|8.921|2040
Puplinge|46.2106|6.2317|2039
Cagny|49.1474|-0.2571|2039
Wynigen|47.1075|7.6685|2037
Évrecy|49.0999|-0.5011|2037
Wigoltingen|47.5967|9.0321|2036
Fraham|48.2836|14.0296|2036
La Ménitré|47.4017|-0.2703|2036
Oristagno|46.5487|13.7071|2035
Saint-Didier|48.095|-1.3713|2035
Saints|48.7598|3.0461|2035
Hanvec|48.3272|-4.1597|2035
Trosly-Breuil|49.4011|2.9883|2035
Eteaux|46.0654|6.2942|2034
Saint-Maixant|44.5763|-0.2563|2033
San Nicolao|42.3706|9.5001|2033
Sainte-Marguerite-sur-Duclair|49.5097|0.8411|2032
Pompaire|46.609|-0.2353|2032
Espelette|43.3412|-1.4481|2032
Ranziano|45.89|13.6696|2031
Tavel|44.0127|4.6982|2031
Montmédy|49.5194|5.3673|2031
Astaffort|44.0632|0.6515|2031
St-Aubin FR|46.89|6.9802|2030
Cuttoli-Corticchiato / Cùtuli è Curtichjatu|41.9903|8.9106|2030
Waltenschwil|47.3345|8.3025|2029
Eurville-Bienville|48.5829|5.0411|2029
Sauveterre|44.0245|4.7936|2029
Gidy|47.9899|1.8369|2029
Arveyres|44.8825|-0.2866|2029
Rémilly|49.0117|6.3961|2029
Varois-et-Chaignot|47.3494|5.1285|2029
Monticello|42.6172|8.9546|2029
Vesseaux|44.6506|4.4413|2028
Reventin-Vaugris|45.4669|4.8412|2028
Pénestin|47.4833|-2.4757|2028
Plappeville|49.131|6.125|2028
Chars|49.1604|1.9368|2028
Pfeffingen|47.458|7.589|2027
Roitham am Traunfall|48.0238|13.8221|2027
Saint-Marcel-sur-Aude|43.2454|2.922|2027
Cersay|47.0456|-0.3538|2027
Neuendorf|47.2962|7.7971|2026
Weikendorf|48.3442|16.7668|2026
Givenchy-en-Gohelle|50.3914|2.7724|2026
Évette-Salbert|47.6754|6.7985|2026
Jussac|44.9879|2.4212|2026
Monclar-de-Quercy|43.9669|1.5843|2026
Soignolles-en-Brie|48.6546|2.6968|2026
Aeschi bei Spiez|46.6584|7.6965|2025
Hainfeld|48.0348|15.7712|2025
Limetz-Villez|49.0614|1.5485|2025
Baule|47.8105|1.6705|2025
Les Côtes-d'Arey|45.4567|4.8681|2024
Boissy-l'Aillerie|49.0771|2.0292|2024
Estevelles|50.4749|2.9096|2024
Neunkirch|47.69|8.5001|2023
Réguisheim|47.8932|7.3544|2023
Naucelle|44.1979|2.3418|2023
Cairon|49.2341|-0.4462|2023
Corneilla-la-Rivière|42.6977|2.7296|2022
Bû|48.7976|1.4945|2022
Warhem|50.9768|2.493|2022
Séreilhac|45.7654|1.0792|2022
Sankt Radegund bei Graz|47.1805|15.4896|2021
Tenda|44.0889|7.5934|2021
Châteauponsac|46.134|1.2764|2021
Domalain|47.9962|-1.2415|2021
Mailly-le-Camp|48.67|4.2006|2021
Safnern|47.1501|7.3221|2020
Wenns|47.169|10.7298|2020
Cosne-d'Allier|46.4754|2.8317|2020
Châtillon-le-Duc|47.3082|6.006|2020
Juilly|49.0139|2.7046|2020
Šempeter v Savinjski dolini|46.256|15.117|2019
Neuilly-Saint-Front|49.1708|3.2632|2018
Burlats|43.6364|2.3184|2018
Pleugueneuc|48.3981|-1.9033|2018
Rickenbach LU|47.2213|8.1535|2017
Zwingen|47.4378|7.5281|2017
Diemlach|47.4314|15.2757|2017
Rietz|47.2874|11.0292|2017
Saint-Macaire|44.5654|-0.2264|2017
Saint-Julien-Chapteuil|45.036|4.0596|2017
Mouzeil|47.4484|-1.3486|2017
May-sur-Orne|49.1011|-0.3742|2017
Meyenheim|47.914|7.3528|2016
Bénouville|49.2466|-0.2782|2016
Montreuil-le-Gast|48.2468|-1.727|2016
Verquigneul|50.502|2.6651|2016
Madiswil|47.1651|7.7981|2015
Mitterdorf an der Raab|47.1702|15.616|2015
Aldrans|47.2506|11.4473|2015
Durtol|45.7952|3.052|2015
Callas|43.5927|6.5387|2015
Vailly-sur-Aisne|49.4085|3.5166|2015
Gorgier|46.9035|6.7805|2014
Maria-Lanzendorf|48.0987|16.4195|2014
Foissiat|46.3703|5.1757|2014
Éclaron|48.5918|4.8645|2014
Abzac|45.017|-0.1286|2013
Rivières|45.7518|0.353|2012
Kirchschlag bei Linz|48.4131|14.2764|2011
Sarry|48.9201|4.4064|2011
Bart|47.4931|6.7676|2010
Saint-Geniès-de-Comolas|44.0649|4.7228|2010
Samois-sur-Seine|48.4537|2.7497|2010
Longueil-Sainte-Marie|49.3577|2.7177|2010
Brütten|47.4731|8.6753|2009
Recherswil|47.1613|7.5943|2009
Stanz im Mürztal|47.4667|15.5003|2009
Lampaul-Guimiliau|48.4936|-4.0434|2009
Beaufort|45.7174|6.5733|2009
Tulette|44.2865|4.9302|2009
Rignac|44.4099|2.2888|2009
Romanèche-Thorins|46.1892|4.7367|2009
Sémalens|43.5917|2.111|2009
Unterweitersdorf|48.3673|14.4689|2008
Rouffiac-Tolosan|43.6639|1.5249|2008
Saint-Germain-Lembron|45.4578|3.239|2008
Werndorf|46.9247|15.4909|2007
Les Roches-de-Condrieu|45.453|4.7683|2007
Génissac|44.8586|-0.2578|2007
Mozirje|46.3396|14.9634|2006
Champdieu|45.6461|4.0467|2006
Plouisy|48.5786|-3.1844|2006
Caëstre|50.7584|2.604|2006
Plogastel-Saint-Germain|47.9823|-4.2706|2006
Theys|45.3015|5.9957|2006
Tignes|45.4697|6.9076|2005
Verny|49.0087|6.2055|2005
Saint-Benoît-sur-Loire|47.8102|2.3069|2005
Chevrières|49.3464|2.6811|2005
Artiguelouve|43.3201|-0.4727|2005
Saint-Chaptes|43.9738|4.2782|2004
Pinet|43.4068|3.5072|2004
Gavray|48.9101|-1.35|2004
Lezay|46.2652|-0.0104|2003
Malijai|44.0448|6.0308|2002
Charron|46.2953|-1.105|2002
Alterswil FR|46.7952|7.2604|2001
Ambleteuse|50.8099|1.6073|2001
Montebourg|49.4883|-1.3808|2001
Saint-Gervais-en-Belin|47.8767|0.2178|2001
Nocé|48.3799|0.6811|2001
Hindelbank|47.0419|7.5383|2000
Fritzens|47.3067|11.5892|2000
Sinceny|49.5969|3.2472|2000
